data,ricoverati_con_sintomi,terapia_intensiva,totale_ospedalizzati,isolamento_domiciliare,totale_positivi,variazione_totale_positivi,nuovi_positivi,dimessi_guariti,deceduti,casi_da_sospetto_diagnostico,casi_da_screening,totale_casi,tamponi,casi_testati,variazione_terapia_intensiva,variazione_ricoverati_con_sintomi,variazione_totale_ospedalizzati,variazione_isolamento_domiciliare,nuovi_dimessi_guariti,nuovi_deceduti,nuovi_tamponi,nuovi_casi_testati,ti_su_to,to_su_tp,np_su_nt,np_su_nct,var_ti_perc,var_pos_perc
2020-02-25T18:00:00,114,35,150,162,311,90,93,1,10,,,322,8623,,9.0,13.0,23.0,68.0,0.0,3.0,4299.0,,23.33,48.23,2.16,,34.62,42.081
2020-02-26T18:00:00,128,36,164,221,385,74,78,3,12,,,400,9587,,1.0,14.0,14.0,59.0,2.0,2.0,964.0,,21.95,42.6,8.09,,2.86,25.08
2020-02-27T18:00:00,248,56,304,284,588,203,250,45,17,,,650,12014,,20.0,120.0,140.0,63.0,42.0,5.0,2427.0,,18.42,51.7,10.3,,55.56,64.935
2020-02-28T18:00:00,345,64,409,412,821,233,238,46,21,,,888,15695,,8.0,97.0,105.0,128.0,1.0,4.0,3681.0,,15.65,49.82,6.47,,14.29,40.476
2020-02-29T18:00:00,401,105,506,543,1049,228,240,50,29,,,1128,18661,,41.0,56.0,97.0,131.0,4.0,8.0,2966.0,,20.75,48.24,8.09,,64.06,29.233
2020-03-01T18:00:00,639,140,779,798,1577,528,566,83,34,,,1694,21127,,35.0,238.0,273.0,255.0,33.0,5.0,2466.0,,17.97,49.4,22.95,,33.33,53.956
2020-03-02T18:00:00,742,166,908,927,1835,258,342,149,52,,,2036,23345,,26.0,103.0,129.0,129.0,66.0,18.0,2218.0,,18.28,49.48,15.42,,18.57,21.687
2020-03-03T18:00:00,1034,229,1263,1000,2263,428,466,160,79,,,2502,25856,,63.0,292.0,355.0,73.0,11.0,27.0,2511.0,,18.13,55.81,18.56,,37.95,25.395
2020-03-04T18:00:00,1346,295,1641,1065,2706,443,587,276,107,,,3089,29837,,66.0,312.0,378.0,65.0,116.0,28.0,3981.0,,17.98,60.64,14.75,,28.82,25.939
2020-03-05T18:00:00,1790,351,2141,1155,3296,590,769,414,148,,,3858,32362,,56.0,444.0,500.0,90.0,138.0,41.0,2525.0,,16.39,64.96,30.46,,18.98,28.418
2020-03-06T18:00:00,2394,462,2856,1060,3916,620,778,523,197,,,4636,36359,,111.0,604.0,715.0,-95.0,109.0,49.0,3997.0,,16.18,72.93,19.46,,31.62,23.604
2020-03-07T18:00:00,2651,567,3218,1843,5061,1145,1247,589,233,,,5883,42062,,105.0,257.0,362.0,783.0,66.0,36.0,5703.0,,17.62,63.58,21.87,,22.73,31.844
2020-03-08T18:00:00,3557,650,4207,2180,6387,1326,1492,622,366,,,7375,49937,,83.0,906.0,989.0,337.0,33.0,133.0,7875.0,,15.45,65.87,18.95,,14.64,29.48
2020-03-09T18:00:00,4316,733,5049,2936,7985,1598,1797,724,463,,,9172,53826,,83.0,759.0,842.0,756.0,102.0,97.0,3889.0,,14.52,63.23,46.21,,12.77,28.135
2020-03-10T18:00:00,5038,877,5915,2599,8514,529,977,1004,631,,,10149,60761,,144.0,722.0,866.0,-337.0,280.0,168.0,6935.0,,14.83,69.47,14.09,,19.65,12.235
2020-03-11T17:00:00,5838,1028,6866,3724,10590,2076,2313,1045,827,,,12462,73154,,151.0,800.0,951.0,1125.0,41.0,196.0,12393.0,,14.97,64.83,18.66,,17.22,27.167
2020-03-12T17:00:00,6650,1153,7803,5036,12839,2249,2651,1258,1016,,,15113,86011,,125.0,812.0,937.0,1312.0,213.0,189.0,12857.0,,14.78,60.78,20.62,,12.16,25.033
2020-03-13T17:00:00,7426,1328,8754,6201,14955,2116,2547,1439,1266,,,17660,97488,,175.0,776.0,951.0,1165.0,181.0,250.0,11477.0,,15.17,58.54,22.19,,15.18,19.838
2020-03-14T17:00:00,8372,1518,9890,7860,17750,2795,3497,1966,1441,,,21157,109170,,190.0,946.0,1136.0,1659.0,527.0,175.0,11682.0,,15.35,55.72,29.93,,14.31,23.383
2020-03-15T17:00:00,9663,1672,11335,9268,20603,2853,3590,2335,1809,,,24747,124899,,154.0,1291.0,1445.0,1408.0,369.0,368.0,15729.0,,14.75,55.02,22.82,,10.14,20.225
2020-03-16T17:00:00,11025,1851,12876,10197,23073,2470,3233,2749,2158,,,27980,137962,,179.0,1362.0,1541.0,929.0,414.0,349.0,13063.0,,14.38,55.81,24.75,,10.71,15.692
2020-03-17T17:00:00,12894,2060,14954,11108,26062,2989,3526,2941,2503,,,31506,148657,,209.0,1869.0,2078.0,911.0,192.0,345.0,10695.0,,13.78,57.38,32.97,,11.29,15.282
2020-03-18T17:00:00,14363,2257,16620,12090,28710,2648,4207,4025,2978,,,35713,165541,,197.0,1469.0,1666.0,982.0,1084.0,475.0,16884.0,,13.58,57.89,24.92,,9.56,16.142
2020-03-19T17:00:00,15757,2498,18255,14935,33190,4480,5322,4440,3405,,,41035,182777,,241.0,1394.0,1635.0,2845.0,415.0,427.0,17236.0,,13.68,55.0,30.88,,10.68,18.537
2020-03-20T17:00:00,16020,2655,18675,19185,37860,4670,5986,5129,4032,,,47021,206886,,157.0,263.0,420.0,4250.0,689.0,627.0,24109.0,,14.22,49.33,24.83,,6.29,18.036
2020-03-21T17:00:00,17708,2857,20565,22116,42681,4821,6557,6072,4825,,,53578,233222,,202.0,1688.0,1890.0,2931.0,943.0,793.0,26336.0,,13.89,48.18,24.9,,7.61,17.319
2020-03-22T17:00:00,19846,3009,22855,23783,46638,3957,5560,7024,5476,,,59138,258402,,152.0,2138.0,2290.0,1667.0,952.0,651.0,25180.0,,13.17,49.01,22.08,,5.32,13.027
2020-03-23T17:00:00,20692,3204,23896,26522,50418,3780,4789,7432,6077,,,63927,275468,,195.0,846.0,1041.0,2739.0,408.0,601.0,17066.0,,13.41,47.4,28.06,,6.48,10.268
2020-03-24T17:00:00,21937,3396,25333,28697,54030,3612,5249,8326,6820,,,69176,296964,,192.0,1245.0,1437.0,2175.0,894.0,743.0,21496.0,,13.41,46.89,24.42,,5.99,10.411
2020-03-25T17:00:00,23112,3489,26601,30920,57521,3491,5210,9362,7503,,,74386,324445,,93.0,1175.0,1268.0,2223.0,1036.0,683.0,27481.0,,13.12,46.25,18.96,,2.74,9.643
2020-03-26T17:00:00,24753,3612,28365,33648,62013,4492,6153,10361,8165,,,80539,361060,,123.0,1641.0,1764.0,2728.0,999.0,662.0,36615.0,,12.73,45.74,16.8,,3.53,10.697
2020-03-27T17:00:00,26029,3732,29761,36653,66414,4401,5959,10950,9134,,,86498,394079,,120.0,1276.0,1396.0,3005.0,589.0,969.0,33019.0,,12.54,44.81,18.05,,3.32,9.609
2020-03-28T17:00:00,26676,3856,30532,39533,70065,3651,5974,12384,10023,,,92472,429526,,124.0,647.0,771.0,2880.0,1434.0,889.0,35447.0,,12.63,43.58,16.85,,3.32,8.995
2020-03-29T17:00:00,27386,3906,31292,42588,73880,3815,5217,13030,10779,,,97689,454030,,50.0,710.0,760.0,3055.0,646.0,756.0,24504.0,,12.48,42.36,21.29,,1.3,7.446
2020-03-30T17:00:00,27795,3981,31776,43752,75528,1648,4050,14620,11591,,,101739,477359,,75.0,409.0,484.0,1164.0,1590.0,812.0,23329.0,,12.53,42.07,17.36,,1.92,5.482
2020-03-31T17:00:00,28192,4023,32215,45420,77635,2107,4053,15729,12428,,,105792,506968,,42.0,397.0,439.0,1668.0,1109.0,837.0,29609.0,,12.49,41.5,13.69,,1.06,5.366
2020-04-01T17:00:00,28403,4035,32438,48134,80572,2937,4782,16847,13155,,,110574,541423,,12.0,211.0,223.0,2714.0,1118.0,727.0,34455.0,,12.44,40.26,13.88,,0.3,6.16
2020-04-02T17:00:00,28540,4053,32593,50456,83049,2477,4668,18278,13915,,,115242,581232,,18.0,137.0,155.0,2322.0,1431.0,760.0,39809.0,,12.44,39.25,11.73,,0.45,5.794
2020-04-03T17:00:00,28741,4068,32809,52579,85388,2339,4585,19758,14681,,,119827,619849,,15.0,201.0,216.0,2123.0,1480.0,766.0,38617.0,,12.4,38.42,11.87,,0.37,5.521
2020-04-04T17:00:00,29010,3994,33004,55270,88274,2886,4805,20996,15362,,,124632,657224,,-74.0,269.0,195.0,2691.0,1238.0,681.0,37375.0,,12.1,37.39,12.86,,-1.82,5.627
2020-04-05T17:00:00,28949,3977,32926,58320,91246,2972,4316,21815,15887,,,128948,691461,,-17.0,-61.0,-78.0,3050.0,819.0,525.0,34237.0,,12.08,36.08,12.61,,-0.43,4.889
2020-04-06T17:00:00,28976,3898,32874,60313,93187,1941,3599,22837,16523,,,132547,721732,,-79.0,27.0,-52.0,1993.0,1022.0,636.0,30271.0,,11.86,35.28,11.89,,-1.99,3.944
2020-04-07T17:00:00,28718,3792,32510,61557,94067,880,3039,24392,17127,,,135586,755445,,-106.0,-258.0,-364.0,1244.0,1555.0,604.0,33713.0,,11.66,34.56,9.01,,-2.72,3.261
2020-04-08T17:00:00,28485,3693,32178,63084,95262,1195,3836,26491,17669,,,139422,807125,,-99.0,-233.0,-332.0,1527.0,2099.0,542.0,51680.0,,11.48,33.78,7.42,,-2.61,4.078
2020-04-09T17:00:00,28399,3605,32004,64873,96877,1615,4204,28470,18279,,,143626,853369,,-88.0,-86.0,-174.0,1789.0,1979.0,610.0,46244.0,,11.26,33.04,9.09,,-2.38,4.413
2020-04-10T17:00:00,28242,3497,31739,66534,98273,1396,3951,30455,18849,,,147577,906864,,-108.0,-157.0,-265.0,1661.0,1985.0,570.0,53495.0,,11.02,32.3,7.39,,-3.0,4.078
2020-04-11T17:00:00,28144,3381,31525,68744,100269,1996,4694,32534,19468,,,152271,963473,,-116.0,-98.0,-214.0,2210.0,2079.0,619.0,56609.0,,10.72,31.44,8.29,,-3.32,4.776
2020-04-12T17:00:00,27847,3343,31190,71063,102253,1984,4092,34211,19899,,,156363,1010193,,-38.0,-297.0,-335.0,2319.0,1677.0,431.0,46720.0,,10.72,30.5,8.76,,-1.12,4.081
2020-04-13T17:00:00,28023,3260,31283,72333,103616,1363,3153,35435,20465,,,159516,1046910,,-83.0,176.0,93.0,1270.0,1224.0,566.0,36717.0,,10.42,30.19,8.59,,-2.48,3.084
2020-04-14T17:00:00,28011,3186,31197,73094,104291,675,2972,37130,21067,,,162488,1073689,,-74.0,-12.0,-86.0,761.0,1695.0,602.0,26779.0,,10.21,29.91,11.1,,-2.27,2.868
2020-04-15T17:00:00,27643,3079,30722,74696,105418,1127,2667,38092,21645,,,165155,1117404,,-107.0,-368.0,-475.0,1602.0,962.0,578.0,43715.0,,10.02,29.14,6.1,,-3.36,2.557
2020-04-16T17:00:00,26893,2936,29829,76778,106607,1189,3786,40164,22170,,,168941,1178403,,-143.0,-750.0,-893.0,2082.0,2072.0,525.0,60999.0,,9.84,27.98,6.21,,-4.64,3.591
2020-04-17T17:00:00,25786,2812,28598,78364,106962,355,3493,42727,22745,,,172434,1244108,,-124.0,-1107.0,-1231.0,1586.0,2563.0,575.0,65705.0,,9.83,26.74,5.32,,-4.22,3.277
2020-04-18T17:00:00,25007,2733,27740,80031,107771,809,3491,44927,23227,,,175925,1305833,,-79.0,-779.0,-858.0,1667.0,2200.0,482.0,61725.0,,9.85,25.74,5.66,,-2.81,3.264
2020-04-19T17:00:00,25033,2635,27668,80589,108257,486,3047,47055,23660,,,178972,1356541,935310.0,-98.0,26.0,-72.0,558.0,2128.0,433.0,50708.0,,9.52,25.56,6.01,,-3.59,2.827
2020-04-20T17:00:00,24906,2573,27479,80758,108237,-20,2256,48877,24114,,,181228,1398024,943151.0,-62.0,-127.0,-189.0,169.0,1822.0,454.0,41483.0,7841.0,9.36,25.39,5.44,28.77,-2.35,2.084
2020-04-21T17:00:00,24134,2471,26605,81104,107709,-528,2729,51600,24648,,,183957,1450150,971246.0,-102.0,-772.0,-874.0,346.0,2723.0,534.0,52126.0,28095.0,9.29,24.7,5.24,9.71,-3.96,2.521
2020-04-22T17:00:00,23805,2384,26189,81510,107699,-10,3370,54543,25085,,,187327,1513251,1015494.0,-87.0,-329.0,-416.0,406.0,2943.0,437.0,63101.0,44248.0,9.1,24.32,5.34,7.62,-3.52,3.129
2020-04-23T17:00:00,22871,2267,25138,81710,106848,-851,2646,57576,25549,,,189973,1579909,1052577.0,-117.0,-934.0,-1051.0,200.0,3033.0,464.0,66658.0,37083.0,9.02,23.53,3.97,7.14,-4.91,2.457
2020-04-24T17:00:00,22068,2173,24241,82286,106527,-321,3021,60498,25969,,,192994,1642356,1147850.0,-94.0,-803.0,-897.0,576.0,2922.0,420.0,62447.0,95273.0,8.96,22.76,4.84,3.17,-4.15,2.827
2020-04-25T17:00:00,21533,2102,23635,82212,105847,-680,2357,63120,26384,,,195351,1707743,1186526.0,-71.0,-535.0,-606.0,-74.0,2622.0,415.0,65387.0,38676.0,8.89,22.33,3.6,6.09,-3.27,2.213
2020-04-26T17:00:00,21372,2009,23381,82722,106103,256,2324,64928,26644,,,197675,1757659,1210639.0,-93.0,-161.0,-254.0,510.0,1808.0,260.0,49916.0,24113.0,8.59,22.04,4.66,9.64,-4.42,2.196
2020-04-27T17:00:00,20353,1956,22309,83504,105813,-290,1739,66624,26977,,,199414,1789662,1237317.0,-53.0,-1019.0,-1072.0,782.0,1696.0,333.0,32003.0,26678.0,8.77,21.08,5.43,6.52,-2.64,1.639
2020-04-28T17:00:00,19723,1863,21586,83619,105205,-608,2091,68941,27359,,,201505,1846934,1274871.0,-93.0,-630.0,-723.0,115.0,2317.0,382.0,57272.0,37554.0,8.63,20.52,3.65,5.57,-4.75,1.976
2020-04-29T17:00:00,19210,1795,21005,83652,104657,-548,2086,71252,27682,,,203591,1910761,1313460.0,-68.0,-513.0,-581.0,33.0,2311.0,323.0,63827.0,38589.0,8.55,20.07,3.27,5.41,-3.65,1.983
2020-04-30T17:00:00,18149,1694,19843,81708,101551,-3106,1872,75945,27967,,,205463,1979217,1354901.0,-101.0,-1061.0,-1162.0,-1944.0,4693.0,285.0,68456.0,41441.0,8.54,19.54,2.73,4.52,-5.63,1.789
2020-05-01T17:00:00,17569,1578,19147,81796,100943,-608,1965,78249,28236,,,207428,2053425,1398633.0,-116.0,-580.0,-696.0,88.0,2304.0,269.0,74208.0,43732.0,8.24,18.97,2.65,4.49,-6.85,1.935
2020-05-02T17:00:00,17357,1539,18896,81808,100704,-239,1900,79914,28710,,,209328,2108837,1429864.0,-39.0,-212.0,-251.0,12.0,1665.0,474.0,55412.0,31231.0,8.14,18.76,3.43,6.08,-2.47,1.882
2020-05-03T17:00:00,17242,1501,18743,81436,100179,-525,1389,81654,28884,,,210717,2153772,1456911.0,-38.0,-115.0,-153.0,-372.0,1740.0,174.0,44935.0,27047.0,8.01,18.71,3.09,5.14,-2.47,1.379
2020-05-04T17:00:00,16823,1479,18302,81678,99980,-199,1221,82879,29079,,,211938,2191403,1479910.0,-22.0,-419.0,-441.0,242.0,1225.0,195.0,37631.0,22999.0,8.08,18.31,3.24,5.31,-1.47,1.219
2020-05-05T17:00:00,16270,1427,17697,80770,98467,-1513,1075,85231,29315,,,213013,2246666,1512121.0,-52.0,-553.0,-605.0,-908.0,2352.0,236.0,55263.0,32211.0,8.06,17.97,1.95,3.34,-3.52,1.075
2020-05-06T17:00:00,15769,1333,17102,74426,91528,-6939,1444,93245,29684,,,214457,2310929,1549892.0,-94.0,-501.0,-595.0,-6344.0,8014.0,369.0,64263.0,37771.0,7.79,18.68,2.25,3.82,-6.59,1.466
2020-05-07T17:00:00,15174,1311,16485,73139,89624,-1904,1401,96276,29958,,,215858,2381288,1563557.0,-22.0,-595.0,-617.0,-1287.0,3031.0,274.0,70359.0,13665.0,7.95,18.39,1.99,10.25,-1.65,1.531
2020-05-08T17:00:00,14636,1168,15804,72157,87961,-1663,1327,99023,30201,,,217185,2445063,1608985.0,-143.0,-538.0,-681.0,-982.0,2747.0,243.0,63775.0,45428.0,7.39,17.97,2.08,2.92,-10.91,1.481
2020-05-09T17:00:00,13834,1034,14868,69974,84842,-3119,1083,103031,30395,,,218268,2514234,1645076.0,-134.0,-802.0,-936.0,-2183.0,4008.0,194.0,69171.0,36091.0,6.95,17.52,1.57,3.0,-11.47,1.231
2020-05-10T17:00:00,13618,1027,14645,68679,83324,-1518,802,105186,30560,,,219070,2565912,1676460.0,-7.0,-216.0,-223.0,-1295.0,2155.0,165.0,51678.0,31384.0,7.01,17.58,1.55,2.56,-0.68,0.945
2020-05-11T17:00:00,13539,999,14538,67950,82488,-836,744,106587,30739,,,219814,2606652,1702283.0,-28.0,-79.0,-107.0,-729.0,1401.0,179.0,40740.0,25823.0,6.87,17.62,1.83,2.88,-2.73,0.893
2020-05-12T17:00:00,12865,952,13817,67449,81266,-1222,1402,109039,30911,,,221216,2673655,1741903.0,-47.0,-674.0,-721.0,-501.0,2452.0,172.0,67003.0,39620.0,6.89,17.0,2.09,3.54,-4.7,1.7
2020-05-13T17:00:00,12172,893,13065,65392,78457,-2809,888,112541,31106,,,222104,2735628,1778952.0,-59.0,-693.0,-752.0,-2057.0,3502.0,195.0,61973.0,37049.0,6.84,16.65,1.43,2.4,-6.2,1.093
2020-05-14T17:00:00,11453,855,12308,64132,76440,-2017,992,115288,31368,,,223096,2807504,1820083.0,-38.0,-719.0,-757.0,-1260.0,2747.0,262.0,71876.0,41131.0,6.95,16.1,1.38,2.41,-4.26,1.264
2020-05-15T17:00:00,10792,808,11600,60470,72070,-4370,789,120205,31610,,,223885,2875680,1859110.0,-47.0,-661.0,-708.0,-3662.0,4917.0,242.0,68176.0,39027.0,6.97,16.1,1.16,2.02,-5.5,1.032
2020-05-16T17:00:00,10400,775,11175,59012,70187,-1883,875,122810,31763,,,224760,2944859,1899767.0,-33.0,-392.0,-425.0,-1458.0,2605.0,153.0,69179.0,40657.0,6.94,15.92,1.26,2.15,-4.08,1.214
2020-05-17T17:00:00,10311,762,11073,57278,68351,-1836,675,125176,31908,,,225435,3004960,1933272.0,-13.0,-89.0,-102.0,-1734.0,2366.0,145.0,60101.0,33505.0,6.88,16.2,1.12,2.01,-1.68,0.962
2020-05-18T17:00:00,10207,749,10956,55597,66553,-1798,451,127326,32007,,,225886,3041366,1959373.0,-13.0,-104.0,-117.0,-1681.0,2150.0,99.0,36406.0,26101.0,6.84,16.46,1.24,1.73,-1.71,0.66
2020-05-19T17:00:00,9991,716,10707,54422,65129,-1424,813,129401,32169,,,226699,3104524,1999599.0,-33.0,-216.0,-249.0,-1175.0,2075.0,162.0,63158.0,40226.0,6.69,16.44,1.29,2.02,-4.41,1.222
2020-05-20T17:00:00,9624,676,10300,52452,62752,-2377,665,132282,32330,,,227364,3171719,2038216.0,-40.0,-367.0,-407.0,-1970.0,2881.0,161.0,67195.0,38617.0,6.56,16.41,0.99,1.72,-5.59,1.021
2020-05-21T17:00:00,9269,640,9909,51051,60960,-1792,642,134560,32486,,,228006,3243398,2078860.0,-36.0,-355.0,-391.0,-1401.0,2278.0,156.0,71679.0,40644.0,6.46,16.25,0.9,1.58,-5.33,1.023
2020-05-22T17:00:00,8957,595,9552,49770,59322,-1638,652,136720,32616,,,228658,3318778,2121847.0,-45.0,-312.0,-357.0,-1281.0,2160.0,130.0,75380.0,42987.0,6.23,16.1,0.86,1.52,-7.03,1.07
2020-05-23T17:00:00,8695,572,9267,48485,57752,-1570,669,138840,32735,,,229327,3391188,2164426.0,-23.0,-262.0,-285.0,-1285.0,2120.0,119.0,72410.0,42579.0,6.17,16.05,0.92,1.57,-3.87,1.128
2020-05-24T17:00:00,8613,553,9166,47428,56594,-1158,531,140479,32785,,,229858,3447012,2198632.0,-19.0,-82.0,-101.0,-1057.0,1639.0,50.0,55824.0,34206.0,6.03,16.2,0.95,1.55,-3.32,0.919
2020-05-25T17:00:00,8185,541,8726,46574,55300,-1294,300,141981,32877,,,230158,3482253,2219308.0,-12.0,-428.0,-440.0,-854.0,1502.0,92.0,35241.0,20676.0,6.2,15.78,0.85,1.45,-2.17,0.53
2020-05-26T17:00:00,7917,521,8438,44504,52942,-2358,397,144658,32955,,,230555,3539927,2253252.0,-20.0,-268.0,-288.0,-2070.0,2677.0,78.0,57674.0,33944.0,6.17,15.94,0.69,1.17,-3.7,0.718
2020-05-27T17:00:00,7729,505,8234,42732,50966,-1976,584,147101,33072,,,231139,3607251,2290551.0,-16.0,-188.0,-204.0,-1772.0,2443.0,117.0,67324.0,37299.0,6.13,16.16,0.87,1.57,-3.07,1.103
2020-05-28T17:00:00,7379,489,7868,40118,47986,-2980,593,150604,33142,,,231732,3683144,2330389.0,-16.0,-350.0,-366.0,-2614.0,3503.0,70.0,75893.0,39838.0,6.22,16.4,0.78,1.49,-3.17,1.164
2020-05-29T17:00:00,7094,475,7569,38606,46175,-1811,516,152844,33229,,,232248,3755279,2368622.0,-14.0,-285.0,-299.0,-1512.0,2240.0,87.0,72135.0,38233.0,6.28,16.39,0.72,1.35,-2.86,1.075
2020-05-30T17:00:00,6680,450,7130,36561,43691,-2484,416,155633,33340,,,232664,3824621,2404673.0,-25.0,-414.0,-439.0,-2045.0,2789.0,111.0,69342.0,36051.0,6.31,16.32,0.6,1.15,-5.26,0.901
2020-05-31T17:00:00,6387,435,6822,35275,42097,-1594,355,157507,33415,,,233019,3878739,2433621.0,-15.0,-293.0,-308.0,-1286.0,1874.0,75.0,54118.0,28948.0,6.38,16.21,0.66,1.23,-3.33,0.813
2020-06-01T17:00:00,6099,424,6523,34844,41367,-730,178,158355,33475,,,233197,3910133,2451674.0,-11.0,-288.0,-299.0,-431.0,848.0,60.0,31394.0,18053.0,6.5,15.77,0.57,0.99,-2.53,0.423
2020-06-02T17:00:00,5916,408,6324,33569,39893,-1474,318,160092,33530,,,233515,3962292,2477302.0,-16.0,-183.0,-199.0,-1275.0,1737.0,55.0,52159.0,25628.0,6.45,15.85,0.61,1.24,-3.77,0.769
2020-06-03T17:00:00,5742,353,6095,33202,39297,-596,321,160938,33601,,,233836,3999591,2497337.0,-55.0,-174.0,-229.0,-367.0,846.0,71.0,37299.0,20035.0,5.79,15.51,0.86,1.6,-13.48,0.805
2020-06-04T17:00:00,5503,338,5841,32588,38429,-868,177,161895,33689,,,234013,4049544,2524788.0,-15.0,-239.0,-254.0,-614.0,957.0,88.0,49953.0,27451.0,5.79,15.2,0.35,0.64,-4.25,0.45
2020-06-05T17:00:00,5301,316,5617,31359,36976,-1453,518,163781,33774,,,234531,4114572,2565258.0,-22.0,-202.0,-224.0,-1229.0,1886.0,85.0,65028.0,40470.0,5.63,15.19,0.8,1.28,-6.51,1.348
2020-06-06T17:00:00,5002,293,5295,30582,35877,-1099,270,165078,33846,,,234801,4187057,2599294.0,-23.0,-299.0,-322.0,-777.0,1297.0,72.0,72485.0,34036.0,5.53,14.76,0.37,0.79,-7.28,0.73
2020-06-07T17:00:00,4864,287,5151,30111,35262,-615,197,165837,33899,,,234998,4236535,2627188.0,-6.0,-138.0,-144.0,-471.0,759.0,53.0,49478.0,27894.0,5.57,14.61,0.4,0.71,-2.05,0.549
2020-06-08T17:00:00,4729,283,5012,29718,34730,-532,280,166584,33964,,,235278,4263647,2643489.0,-4.0,-135.0,-139.0,-393.0,747.0,65.0,27112.0,16301.0,5.65,14.43,1.03,1.72,-1.39,0.794
2020-06-09T17:00:00,4581,263,4844,28028,32872,-1858,283,168646,34043,,,235561,4318650,2675689.0,-20.0,-148.0,-168.0,-1690.0,2062.0,79.0,55003.0,32200.0,5.43,14.74,0.51,0.88,-7.07,0.815
2020-06-10T17:00:00,4320,249,4569,27141,31710,-1162,202,169939,34114,,,235763,4381349,2713554.0,-14.0,-261.0,-275.0,-887.0,1293.0,71.0,62699.0,37865.0,5.45,14.41,0.32,0.53,-5.32,0.615
2020-06-11T17:00:00,4131,236,4367,26270,30637,-1073,379,171338,34167,,,236142,4443821,2746545.0,-13.0,-189.0,-202.0,-871.0,1399.0,53.0,62472.0,32991.0,5.4,14.25,0.61,1.15,-5.22,1.195
2020-06-12T17:00:00,3893,227,4120,24877,28997,-1640,163,173085,34223,,,236305,4514441,2784196.0,-9.0,-238.0,-247.0,-1393.0,1747.0,56.0,70620.0,37651.0,5.51,14.21,0.23,0.43,-3.81,0.532
2020-06-13T17:00:00,3747,220,3967,23518,27485,-1512,346,174865,34301,,,236651,4564191,2817076.0,-7.0,-146.0,-153.0,-1359.0,1780.0,78.0,49750.0,32880.0,5.55,14.43,0.7,1.05,-3.08,1.193
2020-06-14T17:00:00,3594,209,3803,22471,26274,-1211,338,176370,34345,,,236989,4620718,2846621.0,-11.0,-153.0,-164.0,-1047.0,1505.0,44.0,56527.0,29545.0,5.5,14.47,0.6,1.14,-5.0,1.23
2020-06-15T17:00:00,3489,207,3696,22213,25909,-365,303,177010,34371,,,237290,4648825,2864084.0,-2.0,-105.0,-107.0,-258.0,640.0,26.0,28107.0,17463.0,5.6,14.27,1.08,1.74,-0.96,1.153
2020-06-16T17:00:00,3301,177,3478,21091,24569,-1340,210,178526,34405,,,237500,4695707,2891846.0,-30.0,-188.0,-218.0,-1122.0,1516.0,34.0,46882.0,27762.0,5.09,14.16,0.45,0.76,-14.49,0.811
2020-06-17T17:00:00,3113,163,3276,20649,23925,-644,329,179455,34448,,,237828,4773408,2925803.0,-14.0,-188.0,-202.0,-442.0,929.0,43.0,77701.0,33957.0,4.98,13.69,0.42,0.97,-7.91,1.339
2020-06-18T17:00:00,2867,168,3035,20066,23101,-824,333,180544,34514,,,238159,4831562,2958724.0,5.0,-246.0,-241.0,-583.0,1089.0,66.0,58154.0,32921.0,5.54,13.14,0.57,1.01,3.07,1.392
2020-06-19T17:00:00,2632,161,2793,18750,21543,-1558,251,181907,34561,,,238011,4889103,2987294.0,-7.0,-235.0,-242.0,-1316.0,1363.0,47.0,57541.0,28570.0,5.76,12.96,0.44,0.88,-4.17,1.106
2020-06-20T17:00:00,2474,152,2626,18586,21212,-331,262,182453,34610,,,238275,4943825,3017169.0,-9.0,-158.0,-167.0,-164.0,546.0,49.0,54722.0,29875.0,5.79,12.38,0.48,0.88,-5.59,1.216
2020-06-21T17:00:00,2314,148,2462,18510,20972,-240,224,182893,34634,,,238499,4984370,3041750.0,-4.0,-160.0,-164.0,-76.0,440.0,24.0,40545.0,24581.0,6.01,11.74,0.55,0.91,-2.63,1.056
2020-06-22T17:00:00,2038,127,2165,18472,20637,-335,218,183426,34657,,,238720,5013342,3057902.0,-21.0,-276.0,-297.0,-38.0,533.0,23.0,28972.0,16152.0,5.87,10.49,0.75,1.35,-14.19,1.039
2020-06-23T17:00:00,1853,115,1968,17605,19573,-1064,122,184585,34675,,,238833,5053827,3081127.0,-12.0,-185.0,-197.0,-867.0,1159.0,18.0,40485.0,23225.0,5.84,10.05,0.3,0.53,-9.45,0.591
2020-06-24T17:00:00,1610,107,1717,16938,18655,-918,190,186111,34644,,,239410,5107093,3111364.0,-8.0,-243.0,-251.0,-667.0,1526.0,-31.0,53266.0,30237.0,6.23,9.2,0.36,0.63,-6.96,0.952
2020-06-25T17:00:00,1515,103,1618,16685,18303,-352,296,186725,34678,223905.0,15801.0,239706,5163154,3140785.0,-4.0,-95.0,-99.0,-253.0,614.0,34.0,56061.0,29421.0,6.37,8.84,0.53,1.01,-3.74,1.587
2020-06-26T17:00:00,1356,105,1461,16177,17638,-665,259,187615,34708,223440.0,16521.0,239961,5215922,3169116.0,2.0,-159.0,-157.0,-508.0,890.0,30.0,52768.0,28331.0,7.19,8.28,0.49,0.91,1.94,1.415
2020-06-27T17:00:00,1260,97,1357,15479,16836,-802,175,188584,34716,223262.0,16874.0,240136,5277273,3198837.0,-8.0,-96.0,-104.0,-698.0,969.0,8.0,61351.0,29721.0,7.15,8.06,0.29,0.59,-7.62,0.992
2020-06-28T17:00:00,1160,98,1258,15423,16681,-155,174,188891,34738,223272.0,17038.0,240310,5314619,3220020.0,1.0,-100.0,-99.0,-56.0,307.0,22.0,37346.0,21183.0,7.79,7.54,0.47,0.82,1.03,1.033
2020-06-29T17:00:00,1120,96,1216,15280,16496,-185,126,189196,34744,223254.0,17182.0,240436,5341837,3235504.0,-2.0,-40.0,-42.0,-143.0,305.0,6.0,27218.0,15484.0,7.89,7.37,0.46,0.81,-2.04,0.755
2020-06-30T17:00:00,1090,93,1183,14380,15563,-933,142,190248,34767,222901.0,17677.0,240578,5390110,3263975.0,-3.0,-30.0,-33.0,-900.0,1052.0,23.0,48273.0,28471.0,7.86,7.6,0.29,0.5,-3.12,0.861
2020-07-01T17:00:00,1025,87,1112,14143,15255,-308,187,190717,34788,222564.0,18196.0,240760,5445476,3293300.0,-6.0,-65.0,-71.0,-237.0,469.0,21.0,55366.0,29325.0,7.82,7.29,0.34,0.64,-6.45,1.202
2020-07-02T17:00:00,963,82,1045,14015,15060,-195,201,191083,34818,222464.0,18497.0,240961,5498719,3322447.0,-5.0,-62.0,-67.0,-128.0,366.0,30.0,53243.0,29147.0,7.85,6.94,0.38,0.69,-5.75,1.318
2020-07-03T17:00:00,956,79,1035,13849,14884,-176,223,191467,34833,222430.0,18754.0,241184,5548815,3348127.0,-3.0,-7.0,-10.0,-166.0,384.0,15.0,50096.0,25680.0,7.63,6.95,0.45,0.87,-3.66,1.481
2020-07-04T17:00:00,940,71,1011,13610,14621,-263,235,191944,34854,222324.0,19095.0,241419,5600826,3377073.0,-8.0,-16.0,-24.0,-239.0,477.0,21.0,52011.0,28946.0,7.02,6.91,0.45,0.81,-10.13,1.579
2020-07-05T17:00:00,945,74,1019,13623,14642,21,192,192108,34861,222368.0,19243.0,241611,5638288,3398239.0,3.0,5.0,8.0,13.0,164.0,7.0,37462.0,21166.0,7.26,6.96,0.51,0.91,4.23,1.313
2020-07-06T17:00:00,946,72,1018,13691,14709,67,208,192241,34869,222410.0,19409.0,241819,5660454,3412010.0,-2.0,1.0,-1.0,68.0,133.0,8.0,22166.0,13771.0,7.07,6.92,0.94,1.51,-2.7,1.421
2020-07-07T17:00:00,940,70,1010,13232,14242,-467,138,192815,34899,222292.0,19664.0,241956,5703673,3434500.0,-2.0,-6.0,-8.0,-459.0,574.0,30.0,43219.0,22490.0,6.93,7.09,0.32,0.61,-2.78,0.938
2020-07-08T17:00:00,899,71,970,12625,13595,-647,193,193640,34914,222145.0,20004.0,242149,5754116,3463179.0,1.0,-41.0,-40.0,-607.0,825.0,15.0,50443.0,28679.0,7.32,7.13,0.38,0.67,1.43,1.355
2020-07-09T17:00:00,871,69,940,12519,13459,-136,229,193978,34926,222106.0,20257.0,242363,5806668,3493126.0,-2.0,-28.0,-30.0,-106.0,338.0,12.0,52552.0,29947.0,7.34,6.98,0.44,0.76,-2.82,1.686
2020-07-10T17:00:00,844,65,909,12519,13428,-31,276,194273,34938,222079.0,20560.0,242639,5854621,3520377.0,-4.0,-27.0,-31.0,0.0,295.0,12.0,47953.0,27251.0,7.15,6.77,0.58,1.01,-5.8,2.051
2020-07-11T17:00:00,826,67,893,12410,13303,-125,188,194579,34945,221994.0,20833.0,242827,5900552,3545826.0,2.0,-18.0,-16.0,-109.0,306.0,7.0,45931.0,25449.0,7.5,6.71,0.41,0.74,3.08,1.4
2020-07-12T17:00:00,776,68,844,12335,13179,-124,234,194928,34954,222036.0,21025.0,243061,5938811,3568887.0,1.0,-50.0,-49.0,-75.0,349.0,9.0,38259.0,23061.0,8.06,6.4,0.61,1.01,1.49,1.759
2020-07-13T17:00:00,768,65,833,12324,13157,-22,169,195106,34967,222074.0,21156.0,243230,5962744,3582893.0,-3.0,-8.0,-11.0,-11.0,178.0,13.0,23933.0,14006.0,7.8,6.33,0.71,1.21,-4.41,1.282
2020-07-14T17:00:00,777,60,837,12082,12919,-238,114,195441,34984,222053.0,21291.0,243344,6004611,3607115.0,-5.0,9.0,4.0,-242.0,335.0,17.0,41867.0,24222.0,7.17,6.48,0.27,0.47,-7.69,0.866
2020-07-15T17:00:00,797,57,854,11639,12493,-426,163,196016,34997,222075.0,21431.0,243506,6053060,3635507.0,-3.0,20.0,17.0,-443.0,575.0,13.0,48449.0,28392.0,6.67,6.84,0.34,0.57,-5.0,1.262
2020-07-16T17:00:00,750,53,803,11670,12473,-20,230,196246,35017,222079.0,21657.0,243736,6103492,3663596.0,-4.0,-47.0,-51.0,31.0,230.0,20.0,50432.0,28089.0,6.6,6.44,0.46,0.82,-7.02,1.841
2020-07-17T17:00:00,771,50,821,11635,12456,-17,233,196483,35028,222072.0,21895.0,243967,6154259,3692257.0,-3.0,21.0,18.0,-35.0,237.0,11.0,50767.0,28661.0,6.09,6.59,0.46,0.81,-5.66,1.868
2020-07-18T17:00:00,757,50,807,11561,12368,-88,249,196806,35042,222138.0,22078.0,244216,6202524,3719826.0,0.0,-14.0,-14.0,-74.0,323.0,14.0,48265.0,27569.0,6.2,6.52,0.52,0.9,0.0,1.999
2020-07-19T17:00:00,743,49,792,11648,12440,72,219,196949,35045,222180.0,22254.0,244434,6238049,3740447.0,-1.0,-14.0,-15.0,87.0,143.0,3.0,35525.0,20621.0,6.19,6.37,0.62,1.06,-2.0,1.771
2020-07-20T17:00:00,745,47,792,11612,12404,-36,190,197162,35058,222212.0,22412.0,244624,6262302,3754568.0,-2.0,2.0,0.0,-36.0,213.0,13.0,24253.0,14121.0,5.93,6.39,0.78,1.35,-4.08,1.527
2020-07-21T17:00:00,732,49,781,11467,12248,-156,129,197431,35073,222232.0,22520.0,244752,6305412,3778483.0,2.0,-13.0,-11.0,-145.0,269.0,15.0,43110.0,23915.0,6.27,6.38,0.3,0.54,4.26,1.04
2020-07-22T17:00:00,724,48,772,11550,12322,74,282,197628,35082,222220.0,22812.0,245032,6354730,3807771.0,-1.0,-8.0,-9.0,83.0,197.0,9.0,49318.0,29288.0,6.22,6.27,0.57,0.96,-2.04,2.303
2020-07-23T17:00:00,713,49,762,11642,12404,82,306,197842,35092,222279.0,23059.0,245338,6415041,3840789.0,1.0,-11.0,-10.0,92.0,214.0,10.0,60311.0,33018.0,6.43,6.14,0.51,0.93,2.08,2.483
2020-07-24T17:00:00,713,46,759,11542,12301,-103,252,198192,35097,222294.0,23296.0,245590,6468375,3869759.0,-3.0,0.0,-3.0,-100.0,350.0,5.0,53334.0,28970.0,6.06,6.17,0.47,0.87,-6.12,2.032
2020-07-25T17:00:00,731,41,772,11670,12442,141,275,198320,35102,222348.0,23516.0,245864,6520046,3897818.0,-5.0,18.0,13.0,128.0,128.0,5.0,51671.0,28059.0,5.31,6.2,0.53,0.98,-10.87,2.236
2020-07-26T17:00:00,735,44,779,11786,12565,123,255,198446,35107,222382.0,23736.0,246118,6560572,3922995.0,3.0,4.0,7.0,116.0,126.0,5.0,40526.0,25177.0,5.65,6.2,0.63,1.01,7.32,2.05
2020-07-27T17:00:00,740,45,785,11796,12581,16,170,198593,35112,222442.0,23844.0,246286,6586123,3942369.0,1.0,5.0,6.0,10.0,147.0,5.0,25551.0,19374.0,5.73,6.24,0.67,0.88,2.27,1.353
2020-07-28T17:00:00,749,40,789,11820,12609,28,212,198756,35123,222473.0,24015.0,246488,6634293,3967710.0,-5.0,9.0,4.0,24.0,163.0,11.0,48170.0,25341.0,5.07,6.26,0.44,0.84,-11.11,1.686
2020-07-29T17:00:00,731,38,769,11847,12616,7,289,199031,35129,222569.0,24207.0,246776,6690311,3998585.0,-2.0,-18.0,-20.0,27.0,275.0,6.0,56018.0,30875.0,4.94,6.1,0.52,0.94,-5.0,2.292
2020-07-30T17:00:00,748,47,795,11435,12230,-386,386,199796,35132,222720.0,24438.0,247158,6752169,4031981.0,9.0,17.0,26.0,-412.0,765.0,3.0,61858.0,33396.0,5.91,6.5,0.62,1.16,23.68,3.061
2020-07-31T17:00:00,716,41,757,11665,12422,192,379,199974,35141,222744.0,24793.0,247537,6813113,4061667.0,-6.0,-32.0,-38.0,230.0,178.0,9.0,60944.0,29686.0,5.42,6.09,0.62,1.28,-12.77,3.099
2020-08-01T17:00:00,705,43,748,11709,12457,35,295,200229,35146,222815.0,25017.0,247832,6873496,4093572.0,2.0,-11.0,-9.0,44.0,255.0,5.0,60383.0,31905.0,5.75,6.0,0.49,0.92,4.88,2.375
2020-08-02T17:00:00,708,42,750,11706,12456,-1,239,200460,35154,222877.0,25193.0,248070,6916765,4118068.0,-1.0,3.0,2.0,-3.0,231.0,8.0,43269.0,24496.0,5.6,6.02,0.55,0.98,-2.33,1.919
2020-08-03T17:00:00,734,41,775,11699,12474,18,159,200589,35166,222891.0,25338.0,248229,6940801,4131535.0,-1.0,26.0,25.0,-7.0,129.0,12.0,24036.0,13467.0,5.29,6.21,0.66,1.18,-2.38,1.276
2020-08-04T17:00:00,761,41,802,11680,12482,8,190,200766,35171,222954.0,25465.0,248419,6984589,4155026.0,0.0,27.0,27.0,-19.0,177.0,5.0,43788.0,23491.0,5.11,6.43,0.43,0.81,0.0,1.523
2020-08-05T17:00:00,764,41,805,11841,12646,164,384,200976,35181,223044.0,25759.0,248803,7041040,4184765.0,0.0,3.0,3.0,161.0,210.0,10.0,56451.0,29739.0,5.09,6.37,0.68,1.29,0.0,3.076
2020-08-06T17:00:00,762,42,804,11890,12694,48,402,201323,35187,223113.0,26091.0,249204,7099713,4216934.0,1.0,-2.0,-1.0,49.0,347.0,6.0,58673.0,32169.0,5.22,6.33,0.69,1.25,2.44,3.179
2020-08-07T17:00:00,779,42,821,12103,12924,230,552,201642,35190,223201.0,26555.0,249756,7158909,4247326.0,0.0,17.0,17.0,213.0,319.0,3.0,59196.0,30392.0,5.12,6.35,0.93,1.82,0.0,4.349
2020-08-08T17:00:00,771,43,814,12139,12953,29,347,201947,35203,223232.0,26871.0,250103,7212207,4273957.0,1.0,-8.0,-7.0,36.0,305.0,13.0,53298.0,26631.0,5.28,6.28,0.65,1.3,2.38,2.685
2020-08-09T17:00:00,763,45,808,12455,13263,310,463,202098,35205,223440.0,27126.0,250566,7249844,4296730.0,2.0,-8.0,-6.0,316.0,151.0,2.0,37637.0,22773.0,5.57,6.09,1.23,2.03,4.65,3.574
2020-08-10T17:00:00,779,46,825,12543,13368,105,259,202248,35209,223556.0,27269.0,250825,7276276,4307634.0,1.0,16.0,17.0,88.0,150.0,4.0,26432.0,10904.0,5.58,6.17,0.98,2.38,2.22,1.953
2020-08-11T17:00:00,801,49,850,12711,13561,193,412,202461,35215,223674.0,27563.0,251237,7316918,4329697.0,3.0,22.0,25.0,168.0,213.0,6.0,40642.0,22063.0,5.76,6.27,1.01,1.87,6.52,3.082
2020-08-12T17:00:00,779,53,832,12959,13791,230,481,202697,35225,223844.0,27869.0,251713,7369576,4357027.0,4.0,-22.0,-18.0,248.0,236.0,10.0,52658.0,27330.0,6.37,6.03,0.91,1.76,8.16,3.548
2020-08-13T17:00:00,786,55,841,13240,14081,290,523,202923,35231,224058.0,28177.0,252235,7420764,4382656.0,2.0,7.0,9.0,281.0,226.0,6.0,51188.0,25629.0,6.54,5.97,1.02,2.04,3.77,3.793
2020-08-14T17:00:00,771,56,827,13422,14249,168,574,203326,35234,224319.0,28490.0,252809,7467487,4407524.0,1.0,-15.0,-14.0,182.0,403.0,3.0,46723.0,24868.0,6.77,5.8,1.23,2.31,1.82,4.076
2020-08-15T17:00:00,764,55,819,13587,14406,157,629,203640,35392,224521.0,28917.0,253438,7520610,4433461.0,-1.0,-7.0,-8.0,165.0,314.0,158.0,53123.0,25937.0,6.72,5.69,1.18,2.43,-1.79,4.414
2020-08-16T17:00:00,787,56,843,13890,14733,327,479,203786,35396,224694.0,29221.0,253915,7557417,4455931.0,1.0,23.0,24.0,303.0,146.0,4.0,36807.0,22470.0,6.64,5.72,1.3,2.13,1.82,3.325
2020-08-17T17:00:00,810,58,868,13999,14867,134,320,203968,35400,224812.0,29423.0,254235,7588083,4477310.0,2.0,23.0,25.0,109.0,182.0,4.0,30666.0,21379.0,6.68,5.84,1.04,1.5,3.57,2.172
2020-08-18T17:00:00,843,58,901,14188,15089,222,403,204142,35405,224974.0,29662.0,254636,7642059,4509997.0,0.0,33.0,33.0,189.0,174.0,5.0,53976.0,32687.0,6.44,5.97,0.75,1.23,0.0,2.711
2020-08-19T17:00:00,866,66,932,14428,15360,271,642,204506,35412,225215.0,30063.0,255278,7713154,4551287.0,8.0,23.0,31.0,240.0,364.0,7.0,71095.0,41290.0,7.08,6.07,0.9,1.55,13.79,4.255
2020-08-20T17:00:00,883,68,951,15063,16014,654,845,204686,35418,225516.0,30602.0,256118,7790596,4600949.0,2.0,17.0,19.0,635.0,180.0,6.0,77442.0,49662.0,7.15,5.94,1.09,1.7,3.03,5.503
2020-08-21T17:00:00,919,69,988,15690,16678,664,947,204960,35427,225880.0,31185.0,257065,7862592,4645892.0,1.0,36.0,37.0,627.0,274.0,9.0,71996.0,44943.0,6.98,5.92,1.32,2.11,1.47,5.914
2020-08-22T17:00:00,924,64,988,16515,17503,825,1071,205203,35430,226320.0,31816.0,258136,7940266,4692505.0,-5.0,5.0,0.0,825.0,243.0,3.0,77674.0,46613.0,6.48,5.64,1.38,2.3,-7.25,6.422
2020-08-23T17:00:00,971,69,1040,17398,18438,935,1210,205470,35437,226810.0,32535.0,259345,8007637,4739968.0,5.0,47.0,52.0,883.0,267.0,7.0,67371.0,47463.0,6.63,5.64,1.8,2.55,7.81,6.913
2020-08-24T17:00:00,1045,65,1110,18085,19195,757,953,205662,35441,227128.0,33170.0,260298,8053551,4773326.0,-4.0,74.0,70.0,687.0,192.0,4.0,45914.0,33358.0,5.86,5.78,2.08,2.86,-5.8,5.169
2020-08-25T17:00:00,1058,66,1124,18590,19714,519,878,206015,35445,227292.0,33882.0,261174,8125892,4819124.0,1.0,13.0,14.0,505.0,353.0,4.0,72341.0,45798.0,5.87,5.7,1.21,1.92,1.54,4.575
2020-08-26T17:00:00,1055,69,1124,19629,20753,1039,1367,206329,35458,227723.0,34817.0,262540,8219421,4877178.0,3.0,-3.0,0.0,1039.0,314.0,13.0,93529.0,58054.0,6.14,5.42,1.46,2.35,4.55,6.935
2020-08-27T17:00:00,1131,67,1198,20734,21932,1179,1411,206554,35463,228123.0,35826.0,263949,8313445,4934818.0,-2.0,76.0,74.0,1105.0,225.0,5.0,94024.0,57640.0,5.59,5.46,1.5,2.45,-2.9,6.8
2020-08-28T17:00:00,1178,74,1252,21783,23035,1103,1462,206902,35472,228553.0,36856.0,265409,8410510,4999953.0,7.0,47.0,54.0,1049.0,348.0,9.0,97065.0,65135.0,5.91,5.44,1.51,2.24,10.45,6.667
2020-08-29T17:00:00,1168,79,1247,22909,24156,1121,1444,207224,35473,229002.0,37851.0,266853,8509618,5064247.0,5.0,-10.0,-5.0,1126.0,322.0,1.0,99108.0,64294.0,6.34,5.16,1.46,2.25,6.76,6.269
2020-08-30T17:00:00,1251,86,1337,23868,25205,1049,1365,207536,35477,229527.0,38691.0,268218,8586341,5117788.0,7.0,83.0,90.0,959.0,312.0,4.0,76723.0,53541.0,6.43,5.3,1.78,2.55,8.86,5.651
2020-08-31T17:00:00,1288,94,1382,24696,26078,873,996,207653,35483,229832.0,39382.0,269214,8644859,5160371.0,8.0,37.0,45.0,828.0,117.0,6.0,58518.0,42583.0,6.8,5.3,1.7,2.34,9.3,3.952
2020-09-01T17:00:00,1380,107,1487,25267,26754,676,978,207944,35491,230102.0,40087.0,270189,8725909,5214766.0,13.0,92.0,105.0,571.0,291.0,8.0,81050.0,54395.0,7.2,5.56,1.21,1.8,13.83,3.751
2020-09-02T17:00:00,1437,109,1546,26271,27817,1063,1326,208201,35497,230504.0,41011.0,271515,8828868,5280948.0,2.0,57.0,59.0,1004.0,257.0,6.0,102959.0,66182.0,7.05,5.56,1.29,2.0,1.87,4.956
2020-09-03T17:00:00,1505,120,1625,27290,28915,1098,1397,208490,35507,230950.0,41962.0,272912,8921658,5342150.0,11.0,68.0,79.0,1019.0,289.0,10.0,92790.0,61202.0,7.38,5.62,1.51,2.28,10.09,5.022
2020-09-04T17:00:00,1607,121,1728,28371,30099,1184,1733,209027,35518,231587.0,43057.0,274644,9034743,5414708.0,1.0,102.0,103.0,1081.0,537.0,11.0,113085.0,72558.0,7.0,5.74,1.53,2.39,0.83,5.994
2020-09-05T17:00:00,1620,121,1741,29453,31194,1095,1694,209610,35533,232219.0,44118.0,276337,9142401,5484345.0,0.0,13.0,13.0,1082.0,583.0,15.0,107658.0,69637.0,6.95,5.58,1.57,2.43,0.0,5.628
2020-09-06T17:00:00,1683,133,1816,30262,32078,884,1297,210015,35541,232733.0,44901.0,277634,9219257,5538028.0,12.0,63.0,75.0,809.0,405.0,8.0,76856.0,53683.0,7.32,5.66,1.69,2.42,9.92,4.158
2020-09-07T17:00:00,1719,142,1861,31132,32993,915,1108,210238,35553,233115.0,45669.0,278784,9271810,5578731.0,9.0,36.0,45.0,870.0,223.0,12.0,52553.0,40703.0,7.63,5.64,2.11,2.72,6.77,3.45
2020-09-08T17:00:00,1760,143,1903,31886,33789,796,1370,210801,35563,233555.0,46598.0,280153,9364213,5636663.0,1.0,41.0,42.0,754.0,563.0,10.0,92403.0,57932.0,7.51,5.63,1.48,2.36,0.7,4.153
2020-09-09T17:00:00,1778,150,1928,32806,34734,945,1434,211272,35577,234029.0,47554.0,281583,9460203,5699709.0,7.0,18.0,25.0,920.0,471.0,14.0,95990.0,63046.0,7.78,5.55,1.49,2.27,4.9,4.244
2020-09-10T17:00:00,1836,164,2000,33708,35708,974,1597,211885,35587,234651.0,48529.0,283180,9554389,5757488.0,14.0,58.0,72.0,902.0,613.0,10.0,94186.0,57779.0,8.2,5.6,1.7,2.76,9.33,4.598
2020-09-11T17:00:00,1849,175,2024,34743,36767,1059,1616,212432,35597,235322.0,49474.0,284796,9653269,5818910.0,11.0,13.0,24.0,1035.0,547.0,10.0,98880.0,61422.0,8.65,5.5,1.63,2.63,6.71,4.526
2020-09-12T17:00:00,1951,182,2133,35370,37503,736,1501,213191,35603,235946.0,50351.0,286297,9745975,5875462.0,7.0,102.0,109.0,627.0,759.0,6.0,92706.0,56552.0,8.53,5.69,1.62,2.65,4.0,4.082
2020-09-13T17:00:00,2042,187,2229,36280,38509,1006,1458,213634,35610,236567.0,51186.0,287753,9818118,5924322.0,5.0,91.0,96.0,910.0,443.0,7.0,72143.0,48860.0,8.39,5.79,2.02,2.98,2.75,3.888
2020-09-14T17:00:00,2122,197,2319,36868,39187,678,1008,213950,35624,237003.0,51758.0,288761,9863427,5956171.0,10.0,80.0,90.0,588.0,316.0,14.0,45309.0,31849.0,8.5,5.92,2.22,3.16,5.35,2.618
2020-09-15T17:00:00,2222,201,2423,37289,39712,525,1229,214645,35633,237475.0,52515.0,289990,9943944,6006675.0,4.0,100.0,104.0,421.0,695.0,9.0,80517.0,50504.0,8.3,6.1,1.53,2.43,2.03,3.136
2020-09-16T17:00:00,2285,207,2492,38040,40532,820,1452,215265,35645,238097.0,53345.0,291442,10044551,6064792.0,6.0,63.0,69.0,751.0,620.0,12.0,100607.0,58117.0,8.31,6.15,1.44,2.5,2.99,3.656
2020-09-17T17:00:00,2348,212,2560,38853,41413,881,1585,215954,35658,238845.0,54180.0,293025,10146324,6127243.0,5.0,63.0,68.0,813.0,689.0,13.0,101773.0,62451.0,8.28,6.18,1.56,2.54,2.42,3.911
2020-09-18T17:00:00,2387,208,2595,39862,42457,1044,1907,216807,35668,239692.0,55240.0,294932,10246163,6187258.0,-4.0,39.0,35.0,1009.0,853.0,10.0,99839.0,60015.0,8.02,6.11,1.91,3.18,-1.89,4.605
2020-09-19T17:00:00,2380,215,2595,40566,43161,704,1638,217716,35692,240377.0,56192.0,296569,10349386,6248028.0,7.0,-7.0,0.0,704.0,909.0,24.0,103223.0,60770.0,8.29,6.01,1.59,2.7,3.37,3.858
2020-09-20T17:00:00,2365,222,2587,41511,44098,937,1587,218351,35707,241017.0,57139.0,298156,10432814,6302761.0,7.0,-15.0,-8.0,945.0,635.0,15.0,83428.0,54733.0,8.58,5.87,1.9,2.9,3.26,3.677
2020-09-21T17:00:00,2475,232,2707,42372,45079,981,1350,218703,35724,241638.0,57868.0,299506,10488676,6342654.0,10.0,110.0,120.0,861.0,352.0,17.0,55862.0,39893.0,8.57,6.01,2.42,3.38,4.5,3.061
2020-09-22T17:00:00,2604,239,2843,42646,45489,410,1392,219670,35738,242173.0,58724.0,300897,10575979,6391999.0,7.0,129.0,136.0,274.0,967.0,14.0,87303.0,49345.0,8.41,6.25,1.59,2.82,3.02,3.088
2020-09-23T17:00:00,2658,244,2902,43212,46114,625,1640,220665,35758,242958.0,59579.0,302537,10679675,6455762.0,5.0,54.0,59.0,566.0,995.0,20.0,103696.0,63763.0,8.41,6.29,1.58,2.57,2.09,3.605
2020-09-24T17:00:00,2731,246,2977,43803,46780,666,1786,221762,35781,243680.0,60643.0,304323,10787694,6520661.0,2.0,73.0,75.0,591.0,1097.0,23.0,108019.0,64899.0,8.26,6.36,1.65,2.75,0.82,3.873
2020-09-25T17:00:00,2737,244,2981,44737,47718,938,1912,222716,35801,244489.0,61746.0,306235,10894963,6584670.0,-2.0,6.0,4.0,934.0,954.0,20.0,107269.0,64009.0,8.19,6.25,1.78,2.99,-0.81,4.087
2020-09-26T17:00:00,2746,247,2993,45600,48593,875,1869,223693,35818,245365.0,62739.0,308104,10999350,6646695.0,3.0,9.0,12.0,863.0,977.0,17.0,104387.0,62025.0,8.25,6.16,1.79,3.01,1.23,3.917
2020-09-27T17:00:00,2846,254,3100,46518,49618,1025,1766,224417,35835,246156.0,63714.0,309870,11087064,6700432.0,7.0,100.0,107.0,918.0,724.0,17.0,87714.0,53737.0,8.19,6.25,2.01,3.29,2.83,3.634
2020-09-28T17:00:00,2977,264,3241,47082,50323,705,1494,225190,35851,246842.0,64522.0,311364,11138173,6732777.0,10.0,131.0,141.0,564.0,773.0,16.0,51109.0,32345.0,8.15,6.44,2.92,4.62,3.94,3.011
2020-09-29T17:00:00,3048,271,3319,47311,50630,307,1648,226506,35875,247628.0,65383.0,313011,11228358,6786395.0,7.0,71.0,78.0,229.0,1316.0,24.0,90185.0,53618.0,8.17,6.56,1.83,3.07,2.65,3.275
2020-09-30T17:00:00,3047,280,3327,47936,51263,633,1851,227704,35894,248613.0,66248.0,314861,11333922,6848755.0,9.0,-1.0,8.0,625.0,1198.0,19.0,105564.0,62360.0,8.42,6.49,1.75,2.97,3.32,3.656
2020-10-01T17:00:00,3097,291,3388,49259,52647,1384,2548,228844,35918,249940.0,67469.0,317409,11452158,6916588.0,11.0,50.0,61.0,1323.0,1140.0,24.0,118236.0,67833.0,8.59,6.44,2.16,3.76,3.93,4.97
2020-10-02T17:00:00,3142,294,3436,50561,53997,1350,2499,229970,35941,251377.0,68531.0,319908,11572459,6988317.0,3.0,45.0,48.0,1302.0,1126.0,23.0,120301.0,71729.0,8.56,6.36,2.08,3.48,1.03,4.747
2020-10-03T17:00:00,3205,297,3502,52064,55566,1569,2844,231217,35968,252951.0,69800.0,322751,11691391,7057949.0,3.0,63.0,66.0,1503.0,1247.0,27.0,118932.0,69632.0,8.48,6.3,2.39,4.08,1.02,5.267
2020-10-04T17:00:00,3287,303,3590,53839,57429,1863,2578,231914,35986,254348.0,70981.0,325329,11784105,7117315.0,6.0,82.0,88.0,1775.0,697.0,18.0,92714.0,59366.0,8.44,6.25,2.78,4.34,2.02,4.64
2020-10-05T17:00:00,3487,323,3810,55093,58903,1474,2257,232681,36002,255576.0,72010.0,327586,11844346,7153866.0,20.0,200.0,220.0,1254.0,767.0,16.0,60241.0,36551.0,8.48,6.47,3.75,6.17,6.6,3.93
2020-10-06T17:00:00,3625,319,3944,56190,60134,1231,2677,234099,36030,256986.0,73277.0,330263,11944088,7216379.0,-4.0,138.0,134.0,1097.0,1418.0,28.0,99742.0,62513.0,8.09,6.56,2.68,4.28,-1.24,4.545
2020-10-07T17:00:00,3782,337,4119,58457,62576,2442,3678,235303,36061,258884.0,75056.0,333940,12069402,7296766.0,18.0,157.0,175.0,2267.0,1204.0,31.0,125314.0,80387.0,8.18,6.58,2.94,4.58,5.64,6.116
2020-10-08T17:00:00,3925,358,4283,61669,65952,3376,4458,236363,36083,261304.0,77094.0,338398,12197500,7365751.0,21.0,143.0,164.0,3212.0,1060.0,22.0,128098.0,68985.0,8.36,6.49,3.48,6.46,6.23,7.124
2020-10-09T17:00:00,4086,387,4473,65637,70110,4158,5372,237549,36111,264137.0,79633.0,343770,12326971,7443593.0,29.0,161.0,190.0,3968.0,1186.0,28.0,129471.0,77842.0,8.65,6.38,4.15,6.9,8.1,8.145
2020-10-10T17:00:00,4336,390,4726,70103,74829,4719,5724,238525,36140,267320.0,82174.0,349494,12460055,7523702.0,3.0,250.0,253.0,4466.0,976.0,29.0,133084.0,80109.0,8.25,6.32,4.3,7.15,0.78,8.164
2020-10-11T17:00:00,4519,420,4939,74136,79075,4246,5456,239709,36166,270510.0,84440.0,354950,12564713,7592410.0,30.0,183.0,213.0,4033.0,1184.0,26.0,104658.0,68708.0,8.5,6.25,5.21,7.94,7.69,7.291
2020-10-12T17:00:00,4821,452,5273,77491,82764,3689,4619,240600,36205,272960.0,86609.0,359569,12650155,7652059.0,32.0,302.0,334.0,3355.0,891.0,39.0,85442.0,59649.0,8.57,6.37,5.41,7.74,7.62,5.841
2020-10-13T17:00:00,5076,514,5590,81603,87193,4429,5901,242028,36246,276267.0,89200.0,365467,12762699,7722319.0,62.0,255.0,317.0,4112.0,1428.0,41.0,112544.0,70260.0,9.19,6.41,5.24,8.4,13.72,7.13
2020-10-14T17:00:00,5470,539,6009,86436,92445,5252,7332,244065,36289,280479.0,92320.0,372799,12914895,7809920.0,25.0,394.0,419.0,4833.0,2037.0,43.0,152196.0,87601.0,8.97,6.5,4.82,8.37,4.86,8.409
2020-10-15T17:00:00,5796,586,6382,92884,99266,6821,8804,245964,36372,285569.0,96033.0,381602,13077827,7908462.0,47.0,326.0,373.0,6448.0,1899.0,83.0,162932.0,98542.0,9.18,6.43,5.4,8.93,8.72,9.524
2020-10-16T17:00:00,6178,638,6816,100496,107312,8046,10010,247872,36427,291410.0,100201.0,391611,13228204,8000864.0,52.0,382.0,434.0,7612.0,1908.0,55.0,150377.0,92402.0,9.36,6.35,6.66,10.83,8.87,10.084
2020-10-17T17:00:00,6617,705,7322,109613,116935,9623,10925,249127,36474,297983.0,104553.0,402536,13394041,8104190.0,67.0,439.0,506.0,9117.0,1255.0,47.0,165837.0,103326.0,9.63,6.26,6.59,10.57,10.5,10.181
2020-10-18T17:00:00,7131,750,7881,118356,126237,9302,11705,251461,36543,305260.0,108981.0,414241,13540582,8199744.0,45.0,514.0,559.0,8743.0,2334.0,69.0,146541.0,95554.0,9.52,6.24,7.99,12.25,6.38,10.01
2020-10-19T17:00:00,7676,797,8473,125530,134003,7766,9338,252959,36616,310881.0,112697.0,423578,13639444,8265568.0,47.0,545.0,592.0,7174.0,1498.0,73.0,98862.0,65824.0,9.41,6.32,9.45,14.19,6.27,7.397
2020-10-20T17:00:00,8454,870,9324,133415,142739,8736,10874,255005,36705,315734.0,118715.0,434449,13784181,8353248.0,73.0,778.0,851.0,7885.0,2046.0,89.0,144737.0,87680.0,9.33,6.53,7.51,12.4,9.16,8.115
2020-10-21T17:00:00,9057,926,9983,145459,155442,12703,15199,257374,36832,324455.0,125193.0,449648,13962029,8459736.0,56.0,603.0,659.0,12044.0,2369.0,127.0,177848.0,106488.0,9.28,6.42,8.55,14.27,6.44,10.648
2020-10-22T17:00:00,9694,992,10686,158616,169302,13860,16079,259456,36968,333450.0,132276.0,465726,14132421,8564608.0,66.0,637.0,703.0,13157.0,2082.0,136.0,170392.0,104872.0,9.28,6.31,9.44,15.33,7.13,10.344
2020-10-23T17:00:00,10549,1049,11598,174404,186002,16700,19143,261808,37059,344414.0,140455.0,484869,14314453,8679107.0,57.0,855.0,912.0,15788.0,2352.0,91.0,182032.0,114499.0,9.04,6.24,10.52,16.72,5.75,11.307
2020-10-24T17:00:00,11287,1128,12415,190767,203182,17180,19644,264117,37210,355768.0,148741.0,504509,14492122,8788780.0,79.0,738.0,817.0,16363.0,2309.0,151.0,177669.0,109673.0,9.09,6.11,11.06,17.91,7.53,10.561
2020-10-25T17:00:00,12006,1208,13214,209027,222241,19059,21273,266203,37338,369359.0,156423.0,525782,14654002,8890656.0,80.0,719.0,799.0,18260.0,2086.0,128.0,161880.0,101876.0,9.14,5.95,13.14,20.88,7.09,10.47
2020-10-26T17:00:00,12997,1284,14281,222403,236684,14443,17012,268626,37479,378783.0,164006.0,542789,14778688,8969472.0,76.0,991.0,1067.0,13376.0,2423.0,141.0,124686.0,78816.0,8.99,6.03,13.64,21.58,6.29,7.655
2020-10-27T17:00:00,13955,1411,15366,239724,255090,18406,21994,271988,37700,391879.0,172899.0,564778,14953086,9075818.0,127.0,958.0,1085.0,17321.0,3362.0,221.0,174398.0,106346.0,9.18,6.02,12.61,20.68,9.89,9.293
2020-10-28T17:00:00,14981,1536,16517,259940,276457,21367,24991,275404,37905,406130.0,183636.0,589766,15152038,9197638.0,125.0,1026.0,1151.0,20216.0,3416.0,205.0,198952.0,121820.0,9.3,5.97,12.56,20.51,8.86,9.797
2020-10-29T17:00:00,15964,1651,17615,281576,299191,22734,26831,279282,38122,421834.0,194761.0,616595,15353490,9316495.0,115.0,983.0,1098.0,21636.0,3878.0,217.0,201452.0,118857.0,9.37,5.89,13.32,22.57,7.49,9.705
2020-10-30T17:00:00,16994,1746,18740,307046,325786,26595,31084,283567,38321,439297.0,208377.0,647674,15568575,9446183.0,95.0,1030.0,1125.0,25470.0,4285.0,199.0,215085.0,129688.0,9.32,5.75,14.45,23.97,5.75,10.39
2020-10-31T17:00:00,17966,1843,19809,331577,351386,25600,31758,289426,38618,460502.0,218928.0,679430,15784461,9578462.0,97.0,972.0,1069.0,24531.0,5859.0,297.0,215886.0,132279.0,9.3,5.64,14.71,24.01,5.56,9.748
2020-11-01T17:00:00,18902,1939,20841,357288,378129,26743,29907,292380,38826,474270.0,235065.0,709335,15967918,9695940.0,96.0,936.0,1032.0,25711.0,2954.0,208.0,183457.0,117478.0,9.3,5.51,16.3,25.46,5.21,8.511
2020-11-02T17:00:00,19840,2022,21862,374650,396512,18383,22253,296017,39059,487976.0,243612.0,731588,16103649,9783603.0,83.0,938.0,1021.0,17362.0,3637.0,233.0,135731.0,87663.0,9.25,5.51,16.39,25.38,4.28,5.885
2020-11-03T17:00:00,21114,2225,23339,394803,418142,21630,28244,302275,39412,503468.0,256361.0,759829,16285936,9893535.0,203.0,1274.0,1477.0,20153.0,6258.0,353.0,182287.0,109932.0,9.53,5.58,15.49,25.69,10.04,7.123
2020-11-04T17:00:00,22116,2292,24408,418827,443235,25093,30550,307378,39747,520799.0,269578.0,790377,16497767,10021035.0,67.0,1002.0,1069.0,24024.0,5103.0,335.0,211831.0,127500.0,9.39,5.51,14.42,23.96,3.01,7.306
2020-11-05T17:00:00,23256,2391,25647,446701,472348,29113,34505,312339,40192,541173.0,283706.0,824879,16717651,10155585.0,99.0,1140.0,1239.0,27874.0,4961.0,445.0,219884.0,134550.0,9.32,5.43,15.69,25.64,4.32,7.785
2020-11-06T17:00:00,24005,2515,26520,472598,499118,26770,37809,322925,40638,562010.0,300671.0,862681,16951896,10290151.0,124.0,749.0,873.0,25897.0,10586.0,446.0,234245.0,134566.0,9.48,5.31,16.14,28.1,5.19,8.005
2020-11-07T17:00:00,25109,2634,27743,504793,532536,33418,39811,328891,41063,583660.0,318830.0,902490,17183569,10427797.0,119.0,1104.0,1223.0,32195.0,5966.0,425.0,231673.0,137646.0,9.49,5.21,17.18,28.92,4.73,7.976
2020-11-08T17:00:00,26440,2749,29189,529447,558636,26100,32616,335074,41394,601403.0,333701.0,935104,17374713,10547046.0,115.0,1331.0,1446.0,24654.0,6183.0,331.0,191144.0,119249.0,9.42,5.23,17.06,27.35,4.37,6.125
2020-11-09T17:00:00,27636,2849,30485,542849,573334,14698,25271,345289,41750,614843.0,345530.0,960373,17522438,10635747.0,100.0,1196.0,1296.0,13402.0,10215.0,356.0,147725.0,88701.0,9.35,5.32,17.11,28.49,3.64,4.524
2020-11-10T17:00:00,28633,2971,31604,558506,590110,16776,35098,363023,42330,636202.0,359261.0,995463,17740196,10765561.0,122.0,997.0,1119.0,15657.0,17734.0,580.0,217758.0,129814.0,9.4,5.36,16.12,27.04,4.28,6.122
2020-11-11T17:00:00,29444,3081,32525,580833,613358,23248,32961,372113,42953,657205.0,371219.0,1028424,17965836,10891971.0,110.0,811.0,921.0,22327.0,9090.0,623.0,225640.0,126410.0,9.47,5.3,14.61,26.07,3.7,5.586
