data,codice_regione,denominazione_regione,ricoverati_con_sintomi,terapia_intensiva,totale_ospedalizzati,isolamento_domiciliare,totale_positivi,variazione_totale_positivi,nuovi_positivi,dimessi_guariti,deceduti,casi_da_sospetto_diagnostico,casi_da_screening,totale_casi,tamponi,casi_testati,variazione_terapia_intensiva,variazione_ricoverati_con_sintomi,variazione_totale_ospedalizzati,nuovi_dimessi_guariti,nuovi_deceduti,nuovi_tamponi,nuovi_casi_testati,variazione_isolamento_domiciliare,ti_su_to,to_su_tp,np_su_nt,np_su_nct,var_ti_perc,var_pos_perc
2020-02-25T18:00:00,12,Lazio,1,1,2,0,2,0,0,1,0,0.0,0.0,3,124,0.0,0.0,0.0,0.0,0.0,0.0,0.0,0.0,0.0,50.0,100.0,0.0,0.0,0.0,0.0
2020-02-26T18:00:00,12,Lazio,0,0,0,0,0,-2,0,3,0,0.0,0.0,3,124,0.0,-1.0,-1.0,-2.0,2.0,0.0,0.0,0.0,0.0,0.0,0.0,0.0,0.0,-100.0,0.0
2020-02-27T18:00:00,12,Lazio,0,0,0,0,0,0,0,3,0,0.0,0.0,3,552,0.0,0.0,0.0,0.0,0.0,0.0,428.0,0.0,0.0,0.0,0.0,0.0,0.0,0.0,0.0
2020-02-28T18:00:00,12,Lazio,0,0,0,0,0,0,0,3,0,0.0,0.0,3,611,0.0,0.0,0.0,0.0,0.0,0.0,59.0,0.0,0.0,0.0,0.0,0.0,0.0,0.0,0.0
2020-02-29T17:00:00,12,Lazio,3,0,3,0,3,3,3,3,0,0.0,0.0,6,679,0.0,0.0,3.0,3.0,0.0,0.0,68.0,0.0,0.0,0.0,100.0,4.41,0.0,0.0,0.0
2020-03-01T17:00:00,12,Lazio,3,0,3,0,3,0,0,3,0,0.0,0.0,6,724,0.0,0.0,0.0,0.0,0.0,0.0,45.0,0.0,0.0,0.0,100.0,0.0,0.0,0.0,0.0
2020-03-02T18:00:00,12,Lazio,3,0,3,1,4,1,1,3,0,0.0,0.0,7,773,0.0,0.0,0.0,0.0,0.0,0.0,49.0,0.0,1.0,0.0,75.0,2.04,0.0,0.0,33.333
2020-03-03T18:00:00,12,Lazio,10,0,10,1,11,7,7,3,0,0.0,0.0,14,877,0.0,0.0,7.0,7.0,0.0,0.0,104.0,0.0,0.0,0.0,90.91,6.73,0.0,0.0,175.0
2020-03-04T17:00:00,12,Lazio,15,3,18,9,27,16,16,3,0,0.0,0.0,30,995,0.0,3.0,5.0,8.0,0.0,0.0,118.0,0.0,8.0,16.67,66.67,13.56,0.0,0.0,145.455
2020-03-05T17:00:00,12,Lazio,20,7,27,14,41,14,14,3,0,0.0,0.0,44,1175,0.0,4.0,5.0,9.0,0.0,0.0,180.0,0.0,5.0,25.93,65.85,7.78,0.0,133.33,51.852
2020-03-06T17:00:00,12,Lazio,26,8,34,16,50,9,10,3,1,0.0,0.0,54,1373,0.0,1.0,6.0,7.0,0.0,1.0,198.0,0.0,2.0,23.53,68.0,5.05,0.0,14.29,24.39
2020-03-07T18:00:00,12,Lazio,43,8,51,21,72,22,22,3,1,0.0,0.0,76,1582,0.0,0.0,17.0,17.0,0.0,0.0,209.0,0.0,5.0,15.69,70.83,10.53,0.0,0.0,44.0
2020-03-08T18:00:00,12,Lazio,47,8,55,26,81,9,11,3,3,0.0,0.0,87,1929,0.0,0.0,4.0,4.0,0.0,2.0,347.0,0.0,5.0,14.55,67.9,3.17,0.0,0.0,15.278
2020-03-09T18:00:00,12,Lazio,55,8,63,31,94,13,15,3,5,0.0,0.0,102,1929,0.0,0.0,8.0,8.0,0.0,2.0,0.0,0.0,5.0,12.7,67.02,0.0,0.0,0.0,18.519
2020-03-10T18:00:00,12,Lazio,50,15,65,34,99,5,14,11,6,0.0,0.0,116,3591,0.0,7.0,-5.0,2.0,8.0,1.0,1662.0,0.0,3.0,23.08,65.66,0.84,0.0,87.5,14.894
2020-03-11T17:00:00,12,Lazio,67,18,85,40,125,26,34,19,6,0.0,0.0,150,3591,0.0,3.0,17.0,20.0,8.0,0.0,0.0,0.0,6.0,21.18,68.0,0.0,0.0,20.0,34.343
2020-03-12T17:00:00,12,Lazio,85,20,105,67,172,47,50,19,9,0.0,0.0,200,5592,0.0,2.0,18.0,20.0,0.0,3.0,2001.0,0.0,27.0,19.05,61.05,2.5,0.0,11.11,40.0
2020-03-13T17:00:00,12,Lazio,122,24,146,96,242,70,77,24,11,0.0,0.0,277,6491,0.0,4.0,37.0,41.0,5.0,2.0,899.0,0.0,29.0,16.44,60.33,8.57,0.0,20.0,44.767
2020-03-14T17:00:00,12,Lazio,181,25,206,114,320,78,80,24,13,0.0,0.0,357,7335,0.0,1.0,59.0,60.0,0.0,2.0,844.0,0.0,18.0,12.14,64.38,9.48,0.0,4.17,33.058
2020-03-15T17:00:00,12,Lazio,223,31,254,142,396,76,79,24,16,0.0,0.0,436,8345,0.0,6.0,42.0,48.0,0.0,3.0,1010.0,0.0,28.0,12.2,64.14,7.82,0.0,24.0,24.688
2020-03-16T17:00:00,12,Lazio,267,31,298,174,472,76,87,32,19,0.0,0.0,523,9330,0.0,0.0,44.0,44.0,8.0,3.0,985.0,0.0,32.0,10.4,63.14,8.83,0.0,0.0,21.97
2020-03-17T17:00:00,12,Lazio,314,44,358,192,550,78,84,34,23,0.0,0.0,607,9436,0.0,13.0,47.0,60.0,2.0,4.0,106.0,0.0,18.0,12.29,65.09,79.25,0.0,41.94,17.797
2020-03-18T17:00:00,12,Lazio,374,44,418,232,650,100,117,42,32,0.0,0.0,724,11145,0.0,0.0,60.0,60.0,8.0,9.0,1709.0,0.0,40.0,10.53,64.31,6.85,0.0,0.0,21.273
2020-03-19T17:00:00,12,Lazio,426,45,471,270,741,91,99,44,38,0.0,0.0,823,11145,0.0,1.0,52.0,53.0,2.0,6.0,0.0,0.0,38.0,9.55,63.56,0.0,0.0,2.27,15.231
2020-03-20T17:00:00,12,Lazio,537,47,584,328,912,171,185,53,43,0.0,0.0,1008,13889,0.0,2.0,111.0,113.0,9.0,5.0,2744.0,0.0,58.0,8.05,64.04,6.74,0.0,4.44,24.966
2020-03-21T17:00:00,12,Lazio,591,70,661,425,1086,174,182,54,50,0.0,0.0,1190,13889,0.0,23.0,54.0,77.0,1.0,7.0,0.0,0.0,97.0,10.59,60.87,0.0,0.0,48.94,19.956
2020-03-22T17:00:00,12,Lazio,671,79,750,522,1272,186,193,58,53,0.0,0.0,1383,17845,0.0,9.0,80.0,89.0,4.0,3.0,3956.0,0.0,97.0,10.53,58.96,4.88,0.0,12.86,17.772
2020-03-23T17:00:00,12,Lazio,718,96,814,600,1414,142,157,63,63,0.0,0.0,1540,18371,0.0,17.0,47.0,64.0,5.0,10.0,526.0,0.0,78.0,11.79,57.57,29.85,0.0,21.52,12.343
2020-03-24T17:00:00,12,Lazio,747,94,841,704,1545,131,188,103,80,0.0,0.0,1728,18371,0.0,-2.0,29.0,27.0,40.0,17.0,0.0,0.0,104.0,11.18,54.43,0.0,0.0,-2.08,13.296
2020-03-25T17:00:00,12,Lazio,805,101,906,769,1675,130,173,131,95,0.0,0.0,1901,20669,0.0,7.0,58.0,65.0,28.0,15.0,2298.0,0.0,65.0,11.15,54.09,7.53,0.0,7.45,11.197
2020-03-26T17:00:00,12,Lazio,878,113,991,844,1835,160,195,155,106,0.0,0.0,2096,22771,0.0,12.0,73.0,85.0,24.0,11.0,2102.0,0.0,75.0,11.4,54.01,9.28,0.0,11.88,11.642
2020-03-27T17:00:00,12,Lazio,992,126,1118,895,2013,178,199,164,118,0.0,0.0,2295,24106,0.0,13.0,114.0,127.0,9.0,12.0,1335.0,0.0,51.0,11.27,55.54,14.91,0.0,11.5,10.845
2020-03-28T17:00:00,12,Lazio,985,133,1118,1063,2181,168,210,200,124,0.0,0.0,2505,27179,0.0,7.0,-7.0,0.0,36.0,6.0,3073.0,0.0,168.0,11.9,51.26,6.83,0.0,5.56,10.432
2020-03-29T17:00:00,12,Lazio,1062,133,1195,1167,2362,181,201,208,136,0.0,0.0,2706,27744,0.0,0.0,77.0,77.0,8.0,12.0,565.0,0.0,104.0,11.13,50.59,35.58,0.0,0.0,9.216
2020-03-30T17:00:00,12,Lazio,1079,154,1233,1264,2497,135,208,267,150,0.0,0.0,2914,32846,0.0,21.0,17.0,38.0,59.0,14.0,5102.0,0.0,97.0,12.49,49.38,4.08,0.0,15.79,8.806
2020-03-31T17:00:00,12,Lazio,1127,173,1300,1342,2642,145,181,291,162,0.0,0.0,3095,34677,0.0,19.0,48.0,67.0,24.0,12.0,1831.0,0.0,78.0,13.31,49.21,9.89,0.0,12.34,7.249
2020-04-01T17:00:00,12,Lazio,1131,177,1308,1450,2758,116,169,337,169,0.0,0.0,3264,35810,0.0,4.0,4.0,8.0,46.0,7.0,1133.0,0.0,108.0,13.53,47.43,14.92,0.0,2.31,6.397
2020-04-02T17:00:00,12,Lazio,1169,181,1350,1529,2879,121,169,369,185,0.0,0.0,3433,41575,0.0,4.0,38.0,42.0,32.0,16.0,5765.0,0.0,79.0,13.41,46.89,2.93,0.0,2.26,6.128
2020-04-03T17:00:00,12,Lazio,1194,188,1382,1627,3009,130,167,392,199,0.0,0.0,3600,43776,0.0,7.0,25.0,32.0,23.0,14.0,2201.0,0.0,98.0,13.6,45.93,7.59,0.0,3.87,5.801
2020-04-04T17:00:00,12,Lazio,1236,193,1429,1677,3106,97,157,439,212,0.0,0.0,3757,44624,0.0,5.0,42.0,47.0,47.0,13.0,848.0,0.0,50.0,13.51,46.01,18.51,0.0,2.66,5.218
2020-04-05T17:00:00,12,Lazio,1235,197,1432,1754,3186,80,123,475,219,0.0,0.0,3880,44658,0.0,4.0,-1.0,3.0,36.0,7.0,34.0,0.0,77.0,13.76,44.95,361.76,0.0,2.07,3.96
2020-04-06T17:00:00,12,Lazio,1235,197,1432,1868,3300,114,151,502,229,0.0,0.0,4031,47470,0.0,0.0,0.0,0.0,27.0,10.0,2812.0,0.0,114.0,13.76,43.39,5.37,0.0,0.0,4.739
2020-04-07T17:00:00,12,Lazio,1229,192,1421,1944,3365,65,118,546,238,0.0,0.0,4149,48874,0.0,-5.0,-6.0,-11.0,44.0,9.0,1404.0,0.0,76.0,13.51,42.23,8.4,0.0,-2.54,3.576
2020-04-08T17:00:00,12,Lazio,1241,196,1437,2011,3448,83,117,574,244,0.0,0.0,4266,55113,0.0,4.0,12.0,16.0,28.0,6.0,6239.0,0.0,67.0,13.64,41.68,1.88,0.0,2.08,3.477
2020-04-09T17:00:00,12,Lazio,1244,198,1442,2090,3532,84,163,644,253,0.0,0.0,4429,58107,0.0,2.0,3.0,5.0,70.0,9.0,2994.0,0.0,79.0,13.73,40.83,5.44,0.0,1.02,4.727
2020-04-10T17:00:00,12,Lazio,1236,201,1437,2196,3633,101,154,687,263,0.0,0.0,4583,61769,0.0,3.0,-8.0,-5.0,43.0,10.0,3662.0,0.0,106.0,13.99,39.55,4.21,0.0,1.52,4.36
2020-04-11T17:00:00,12,Lazio,1264,203,1467,2263,3730,97,140,720,273,0.0,0.0,4723,65241,0.0,2.0,28.0,30.0,33.0,10.0,3472.0,0.0,67.0,13.84,39.33,4.03,0.0,1.0,3.854
2020-04-12T17:00:00,12,Lazio,1268,201,1469,2348,3817,87,122,749,279,0.0,0.0,4845,68954,0.0,-2.0,4.0,2.0,29.0,6.0,3713.0,0.0,85.0,13.68,38.49,3.29,0.0,-0.99,3.271
2020-04-13T17:00:00,12,Lazio,1314,200,1514,2406,3920,103,123,764,284,0.0,0.0,4968,72746,0.0,-1.0,46.0,45.0,15.0,5.0,3792.0,0.0,58.0,13.21,38.62,3.24,0.0,-0.5,3.222
2020-04-14T17:00:00,12,Lazio,1344,199,1543,2479,4022,102,143,789,300,0.0,0.0,5111,74650,0.0,-1.0,30.0,29.0,25.0,16.0,1904.0,0.0,73.0,12.9,38.36,7.51,0.0,-0.5,3.648
2020-04-15T17:00:00,12,Lazio,1342,196,1538,2509,4047,25,121,874,311,0.0,0.0,5232,75584,0.0,-3.0,-2.0,-5.0,85.0,11.0,934.0,0.0,30.0,12.74,38.0,12.96,0.0,-1.51,3.008
2020-04-16T17:00:00,12,Lazio,1347,197,1544,2600,4144,97,148,920,316,0.0,0.0,5380,81993,0.0,1.0,5.0,6.0,46.0,5.0,6409.0,0.0,91.0,12.76,37.26,2.31,0.0,0.51,3.657
2020-04-17T17:00:00,12,Lazio,1332,187,1519,2695,4214,70,144,978,332,0.0,0.0,5524,84755,0.0,-10.0,-15.0,-25.0,58.0,16.0,2762.0,0.0,95.0,12.31,36.05,5.21,0.0,-5.08,3.475
2020-04-18T17:00:00,12,Lazio,1376,186,1562,2720,4282,68,144,1046,340,0.0,0.0,5668,89553,0.0,-1.0,44.0,43.0,68.0,8.0,4798.0,0.0,25.0,11.91,36.48,3.0,0.0,-0.53,3.417
2020-04-19T17:00:00,12,Lazio,1370,185,1555,2766,4321,39,87,1093,341,0.0,0.0,5755,91807,22702.0,-1.0,-6.0,-7.0,47.0,1.0,2254.0,0.0,46.0,11.9,35.99,3.86,0.0,-0.54,2.032
2020-04-20T17:00:00,12,Lazio,1388,185,1573,2792,4365,44,60,1101,349,0.0,0.0,5815,97823,23067.0,0.0,18.0,18.0,8.0,8.0,6016.0,365.0,26.0,11.76,36.04,1.0,16.44,0.0,1.389
2020-04-21T17:00:00,12,Lazio,1380,184,1564,2838,4402,37,80,1130,363,0.0,0.0,5895,100031,24046.0,-1.0,-8.0,-9.0,29.0,14.0,2208.0,979.0,46.0,11.76,35.53,3.62,8.17,-0.54,1.833
2020-04-22T17:00:00,12,Lazio,1384,187,1571,2892,4463,61,80,1142,370,0.0,0.0,5975,104062,25244.0,3.0,4.0,7.0,12.0,7.0,4031.0,1198.0,54.0,11.9,35.2,1.98,6.68,1.63,1.817
2020-04-23T17:00:00,12,Lazio,1385,186,1571,2915,4486,23,79,1193,375,0.0,0.0,6054,111073,26298.0,-1.0,1.0,0.0,51.0,5.0,7011.0,1054.0,23.0,11.84,35.02,1.13,7.5,-0.53,1.77
2020-04-24T17:00:00,12,Lazio,1396,184,1580,2912,4492,6,78,1256,384,0.0,0.0,6132,114317,86545.0,-2.0,11.0,9.0,63.0,9.0,3244.0,60247.0,-3.0,11.65,35.17,2.4,0.13,-1.08,1.739
2020-04-25T17:00:00,12,Lazio,1421,183,1604,2957,4561,69,92,1276,387,0.0,0.0,6224,118354,90582.0,-1.0,25.0,24.0,20.0,3.0,4037.0,4037.0,45.0,11.41,35.17,2.28,2.28,-0.54,2.048
2020-04-26T17:00:00,12,Lazio,1442,161,1603,2970,4573,12,85,1347,389,0.0,0.0,6309,121677,93811.0,-22.0,21.0,-1.0,71.0,2.0,3323.0,3229.0,13.0,10.04,35.05,2.56,2.63,-12.02,1.864
2020-04-27T17:00:00,12,Lazio,1464,143,1607,2955,4562,-11,83,1433,397,0.0,0.0,6392,124769,95719.0,-18.0,22.0,4.0,86.0,8.0,3092.0,1908.0,-15.0,8.9,35.23,2.68,4.35,-11.18,1.815
2020-04-28T17:00:00,12,Lazio,1468,132,1600,2962,4562,0,75,1491,414,0.0,0.0,6467,128664,98968.0,-11.0,4.0,-7.0,58.0,17.0,3895.0,3249.0,7.0,8.25,35.07,1.93,2.31,-7.69,1.644
2020-04-29T17:00:00,12,Lazio,1445,130,1575,2960,4535,-27,78,1579,431,0.0,0.0,6545,133503,103435.0,-2.0,-23.0,-25.0,88.0,17.0,4839.0,4467.0,-2.0,8.25,34.73,1.61,1.75,-1.52,1.71
2020-04-30T17:00:00,12,Lazio,1417,115,1532,2936,4468,-67,71,1707,441,0.0,0.0,6616,137596,107497.0,-15.0,-28.0,-43.0,128.0,10.0,4093.0,4062.0,-24.0,7.51,34.29,1.73,1.75,-11.54,1.566
2020-05-01T17:00:00,12,Lazio,1372,105,1477,2969,4446,-22,56,1744,482,0.0,0.0,6672,143804,111988.0,-10.0,-45.0,-55.0,37.0,41.0,6208.0,4491.0,33.0,7.11,33.22,0.9,1.25,-8.7,1.253
2020-05-02T17:00:00,12,Lazio,1370,96,1466,2986,4452,6,84,1807,497,0.0,0.0,6756,147078,114761.0,-9.0,-2.0,-11.0,63.0,15.0,3274.0,2773.0,17.0,6.55,32.93,2.57,3.03,-8.57,1.889
2020-05-03T17:00:00,12,Lazio,1346,95,1441,2944,4385,-67,53,1916,508,0.0,0.0,6809,150912,117796.0,-1.0,-24.0,-25.0,109.0,11.0,3834.0,3035.0,-42.0,6.59,32.86,1.38,1.75,-1.04,1.19
2020-05-04T17:00:00,12,Lazio,1335,95,1430,2955,4385,0,38,1938,524,0.0,0.0,6847,153293,120095.0,0.0,-11.0,-11.0,22.0,16.0,2381.0,2299.0,11.0,6.64,32.61,1.6,1.65,0.0,0.867
2020-05-05T17:00:00,12,Lazio,1315,91,1406,2964,4370,-15,67,2010,534,0.0,0.0,6914,157307,122541.0,-4.0,-20.0,-24.0,72.0,10.0,4014.0,2446.0,9.0,6.47,32.17,1.67,2.74,-4.21,1.528
2020-05-06T17:00:00,12,Lazio,1351,91,1442,2991,4433,63,81,2024,538,0.0,0.0,6995,160894,125897.0,0.0,36.0,36.0,14.0,4.0,3587.0,3356.0,27.0,6.31,32.53,2.26,2.41,0.0,1.854
2020-05-07T17:00:00,12,Lazio,1291,89,1380,2968,4348,-85,39,2143,543,0.0,0.0,7034,165340,130351.0,-2.0,-60.0,-62.0,119.0,5.0,4446.0,4454.0,-23.0,6.45,31.74,0.88,0.88,-2.2,0.88
2020-05-08T17:00:00,12,Lazio,1278,84,1362,2966,4328,-20,52,2209,549,0.0,0.0,7086,169499,133674.0,-5.0,-13.0,-18.0,66.0,6.0,4159.0,3323.0,-2.0,6.17,31.47,1.25,1.56,-5.62,1.196
2020-05-09T17:00:00,12,Lazio,1277,82,1359,2986,4345,17,47,2235,553,0.0,0.0,7133,174448,137428.0,-2.0,-1.0,-3.0,26.0,4.0,4949.0,3754.0,20.0,6.03,31.28,0.95,1.25,-2.38,1.086
2020-05-10T17:00:00,12,Lazio,1265,84,1349,2937,4286,-59,32,2322,557,0.0,0.0,7165,178569,141233.0,2.0,-12.0,-10.0,87.0,4.0,4121.0,3805.0,-49.0,6.23,31.47,0.78,0.84,2.44,0.736
2020-05-11T17:00:00,12,Lazio,1266,83,1349,2945,4294,8,25,2334,562,0.0,0.0,7190,181398,143970.0,-1.0,1.0,0.0,12.0,5.0,2829.0,2737.0,8.0,6.15,31.42,0.88,0.91,-1.19,0.583
2020-05-12T17:00:00,12,Lazio,1258,84,1342,2931,4273,-21,22,2373,566,0.0,0.0,7212,185085,147010.0,1.0,-8.0,-7.0,39.0,4.0,3687.0,3040.0,-14.0,6.26,31.41,0.6,0.72,1.2,0.512
2020-05-13T17:00:00,12,Lazio,1224,83,1307,2928,4235,-38,38,2438,577,0.0,0.0,7250,188632,150097.0,-1.0,-34.0,-35.0,65.0,11.0,3547.0,3087.0,-3.0,6.35,30.86,1.07,1.23,-1.19,0.889
2020-05-14T17:00:00,12,Lazio,1178,79,1257,2839,4096,-139,41,2600,595,0.0,0.0,7291,192917,153894.0,-4.0,-46.0,-50.0,162.0,18.0,4285.0,3797.0,-89.0,6.28,30.69,0.96,1.08,-4.82,0.968
2020-05-15T17:00:00,12,Lazio,1173,79,1252,2836,4088,-8,73,2672,604,0.0,0.0,7364,197599,157880.0,0.0,-5.0,-5.0,72.0,9.0,4682.0,3986.0,-3.0,6.31,30.63,1.56,1.83,0.0,1.782
2020-05-16T17:00:00,12,Lazio,1156,76,1232,2790,4022,-66,32,2758,616,0.0,0.0,7396,201938,161405.0,-3.0,-17.0,-20.0,86.0,12.0,4339.0,3525.0,-46.0,6.17,30.63,0.74,0.91,-3.8,0.783
2020-05-17T17:00:00,12,Lazio,1150,74,1224,2686,3910,-112,50,2914,622,0.0,0.0,7446,206166,164779.0,-2.0,-6.0,-8.0,156.0,6.0,4228.0,3374.0,-104.0,6.05,31.3,1.18,1.48,-2.63,1.243
2020-05-18T17:00:00,12,Lazio,1137,73,1210,2616,3826,-84,39,3031,628,0.0,0.0,7485,209472,167859.0,-1.0,-13.0,-14.0,117.0,6.0,3306.0,3080.0,-70.0,6.03,31.63,1.18,1.27,-1.35,0.997
2020-05-19T17:00:00,12,Lazio,1124,74,1198,2588,3786,-40,20,3079,640,0.0,0.0,7505,213877,171353.0,1.0,-13.0,-12.0,48.0,12.0,4405.0,3494.0,-28.0,6.18,31.64,0.45,0.57,1.37,0.523
2020-05-20T17:00:00,12,Lazio,1119,74,1193,2593,3786,0,28,3100,647,0.0,0.0,7533,217849,173903.0,0.0,-5.0,-5.0,21.0,7.0,3972.0,2550.0,5.0,6.2,31.51,0.7,1.1,0.0,0.74
2020-05-21T17:00:00,12,Lazio,1110,68,1178,2459,3637,-149,25,3259,662,0.0,0.0,7558,222071,177749.0,-6.0,-9.0,-15.0,159.0,15.0,4222.0,3846.0,-134.0,5.77,32.39,0.59,0.65,-8.11,0.66
2020-05-22T17:00:00,12,Lazio,1111,67,1178,2457,3635,-2,31,3285,669,0.0,0.0,7589,227090,182266.0,-1.0,1.0,0.0,26.0,7.0,5019.0,4517.0,-2.0,5.69,32.41,0.62,0.69,-1.47,0.852
2020-05-23T17:00:00,12,Lazio,1097,60,1157,2424,3581,-54,18,3350,676,0.0,0.0,7607,230743,185285.0,-7.0,-14.0,-21.0,65.0,7.0,3653.0,3019.0,-33.0,5.19,32.31,0.49,0.6,-10.45,0.495
2020-05-24T17:00:00,12,Lazio,1088,61,1149,2420,3569,-12,20,3374,684,0.0,0.0,7627,233498,187994.0,1.0,-9.0,-8.0,24.0,8.0,2755.0,2709.0,-4.0,5.31,32.19,0.73,0.74,1.67,0.559
2020-05-25T17:00:00,12,Lazio,1085,60,1145,2409,3554,-15,16,3401,688,0.0,0.0,7643,235840,190052.0,-1.0,-3.0,-4.0,27.0,4.0,2342.0,2058.0,-11.0,5.24,32.22,0.68,0.78,-1.64,0.448
2020-05-26T17:00:00,12,Lazio,1083,59,1142,2396,3538,-16,18,3430,693,0.0,0.0,7661,238967,192591.0,-1.0,-2.0,-3.0,29.0,5.0,3127.0,2539.0,-13.0,5.17,32.28,0.58,0.71,-1.67,0.506
2020-05-27T17:00:00,12,Lazio,1062,65,1127,2361,3488,-50,11,3483,701,0.0,0.0,7672,242287,195001.0,6.0,-21.0,-15.0,53.0,8.0,3320.0,2410.0,-35.0,5.77,32.31,0.33,0.46,10.17,0.311
2020-05-28T17:00:00,12,Lazio,1035,64,1099,2306,3405,-83,21,3580,708,0.0,0.0,7693,245993,198207.0,-1.0,-27.0,-28.0,97.0,7.0,3706.0,3206.0,-55.0,5.82,32.28,0.57,0.66,-1.54,0.602
2020-05-29T17:00:00,12,Lazio,817,59,876,2287,3163,-242,16,3825,721,0.0,0.0,7709,249267,201082.0,-5.0,-218.0,-223.0,245.0,13.0,3274.0,2875.0,-19.0,6.74,27.7,0.49,0.56,-7.81,0.47
2020-05-30T17:00:00,12,Lazio,769,58,827,2228,3055,-108,6,3932,728,0.0,0.0,7715,253388,204232.0,-1.0,-48.0,-49.0,107.0,7.0,4121.0,3150.0,-59.0,7.01,27.07,0.15,0.19,-1.69,0.19
2020-05-31T17:00:00,12,Lazio,730,57,787,2196,2983,-72,13,4010,735,0.0,0.0,7728,255474,206235.0,-1.0,-39.0,-40.0,78.0,7.0,2086.0,2003.0,-32.0,7.24,26.38,0.62,0.65,-1.72,0.426
2020-06-01T17:00:00,12,Lazio,594,56,650,2244,2894,-89,10,4105,739,0.0,0.0,7738,257563,208081.0,-1.0,-136.0,-137.0,95.0,4.0,2089.0,1846.0,48.0,8.62,22.46,0.48,0.54,-1.75,0.335
2020-06-02T17:00:00,12,Lazio,580,56,636,2211,2847,-47,5,4155,741,0.0,0.0,7743,260102,209892.0,0.0,-14.0,-14.0,50.0,2.0,2539.0,1811.0,-33.0,8.81,22.34,0.2,0.28,0.0,0.173
2020-06-03T17:00:00,12,Lazio,519,51,570,2248,2818,-29,10,4188,747,0.0,0.0,7753,262461,211669.0,-5.0,-61.0,-66.0,33.0,6.0,2359.0,1777.0,37.0,8.95,20.23,0.42,0.56,-8.93,0.351
2020-06-04T17:00:00,12,Lazio,488,51,539,2215,2754,-64,11,4260,750,0.0,0.0,7764,265380,214051.0,0.0,-31.0,-31.0,72.0,3.0,2919.0,2382.0,-33.0,9.46,19.57,0.38,0.46,0.0,0.39
2020-06-05T17:00:00,12,Lazio,480,51,531,2179,2710,-44,9,4309,754,0.0,0.0,7773,268561,216743.0,0.0,-8.0,-8.0,49.0,4.0,3181.0,2692.0,-36.0,9.6,19.59,0.28,0.33,0.0,0.327
2020-06-06T17:00:00,12,Lazio,477,49,526,2171,2697,-13,28,4346,758,0.0,0.0,7801,271662,219363.0,-2.0,-3.0,-5.0,37.0,4.0,3101.0,2620.0,-8.0,9.32,19.5,0.9,1.07,-3.92,1.033
2020-06-07T17:00:00,12,Lazio,467,49,516,2174,2690,-7,11,4362,760,0.0,0.0,7812,274129,221612.0,0.0,-10.0,-10.0,16.0,2.0,2467.0,2249.0,3.0,9.5,19.18,0.45,0.49,0.0,0.408
2020-06-08T17:00:00,12,Lazio,466,49,515,2100,2615,-75,16,4450,763,0.0,0.0,7828,275885,222963.0,0.0,-1.0,-1.0,88.0,3.0,1756.0,1351.0,-74.0,9.51,19.69,0.91,1.18,0.0,0.595
2020-06-09T17:00:00,12,Lazio,462,47,509,2061,2570,-45,23,4515,766,0.0,0.0,7851,279572,225930.0,-2.0,-4.0,-6.0,65.0,3.0,3687.0,2967.0,-39.0,9.23,19.81,0.62,0.78,-4.08,0.88
2020-06-10T17:00:00,12,Lazio,368,47,415,2151,2566,-4,18,4533,770,0.0,0.0,7869,283630,229513.0,0.0,-94.0,-94.0,18.0,4.0,4058.0,3583.0,90.0,11.33,16.17,0.44,0.5,0.0,0.7
2020-06-11T17:00:00,12,Lazio,320,46,366,2151,2517,-49,20,4596,776,0.0,0.0,7889,287888,233158.0,-1.0,-48.0,-49.0,63.0,6.0,4258.0,3645.0,0.0,12.57,14.54,0.47,0.55,-2.13,0.779
2020-06-12T17:00:00,12,Lazio,293,47,340,1882,2222,-295,27,4913,781,0.0,0.0,7916,291869,237100.0,1.0,-27.0,-26.0,317.0,5.0,3981.0,3942.0,-269.0,13.82,15.3,0.68,0.68,2.17,1.073
2020-06-13T17:00:00,12,Lazio,303,45,348,1009,1357,-865,25,5778,806,0.0,0.0,7941,294654,239788.0,-2.0,10.0,8.0,865.0,25.0,2785.0,2688.0,-873.0,12.93,25.64,0.9,0.93,-4.26,1.125
2020-06-14T17:00:00,12,Lazio,305,37,342,980,1322,-35,14,5825,808,0.0,0.0,7955,297615,242245.0,-8.0,2.0,-6.0,47.0,2.0,2961.0,2457.0,-29.0,10.82,25.87,0.47,0.57,-17.78,1.032
2020-06-15T17:00:00,12,Lazio,304,37,341,951,1292,-30,3,5855,811,0.0,0.0,7958,299590,243805.0,0.0,-1.0,-1.0,30.0,3.0,1975.0,1560.0,-29.0,10.85,26.39,0.15,0.19,0.0,0.227
2020-06-16T17:00:00,12,Lazio,308,38,346,783,1129,-163,9,6024,814,0.0,0.0,7967,302305,245960.0,1.0,4.0,5.0,169.0,3.0,2715.0,2155.0,-168.0,10.98,30.65,0.33,0.42,2.7,0.697
2020-06-17T17:00:00,12,Lazio,284,38,322,717,1039,-90,10,6120,818,0.0,0.0,7977,305906,248746.0,0.0,-24.0,-24.0,96.0,4.0,3601.0,2786.0,-66.0,11.8,30.99,0.28,0.36,0.0,0.886
2020-06-18T17:00:00,12,Lazio,261,38,299,698,997,-42,9,6167,822,0.0,0.0,7986,309169,251673.0,0.0,-23.0,-23.0,47.0,4.0,3263.0,2927.0,-19.0,12.71,29.99,0.28,0.31,0.0,0.866
2020-06-19T17:00:00,12,Lazio,247,38,285,703,988,-9,9,6181,826,0.0,0.0,7995,312708,254525.0,0.0,-14.0,-14.0,14.0,4.0,3539.0,2852.0,5.0,13.33,28.85,0.25,0.32,0.0,0.903
2020-06-20T17:00:00,12,Lazio,247,39,286,701,987,-1,14,6195,827,0.0,0.0,8009,316109,257265.0,1.0,0.0,1.0,14.0,1.0,3401.0,2740.0,-2.0,13.64,28.98,0.41,0.51,2.63,1.417
2020-06-21T17:00:00,12,Lazio,247,39,286,705,991,4,8,6199,827,0.0,0.0,8017,318264,259128.0,0.0,0.0,0.0,4.0,0.0,2155.0,1863.0,4.0,13.64,28.86,0.37,0.43,0.0,0.811
2020-06-22T17:00:00,12,Lazio,201,23,224,721,945,-46,8,6250,830,0.0,0.0,8025,319581,260369.0,-16.0,-46.0,-62.0,51.0,3.0,1317.0,1241.0,16.0,10.27,23.7,0.61,0.64,-41.03,0.807
2020-06-23T17:00:00,12,Lazio,184,16,200,686,886,-59,8,6315,832,0.0,0.0,8033,322341,263506.0,-7.0,-17.0,-24.0,65.0,2.0,2760.0,3137.0,-35.0,8.0,22.57,0.29,0.26,-30.43,0.847
2020-06-24T17:00:00,12,Lazio,181,13,194,675,869,-17,6,6337,833,0.0,0.0,8039,324492,265507.0,-3.0,-3.0,-6.0,22.0,1.0,2151.0,2001.0,-11.0,6.7,22.32,0.28,0.3,-18.75,0.677
2020-06-25T17:00:00,12,Lazio,181,12,193,669,862,-7,12,6354,835,5969.0,2082.0,8051,326651,267089.0,-1.0,0.0,-1.0,17.0,2.0,2159.0,1582.0,-6.0,6.22,22.39,0.56,0.76,-7.69,1.381
2020-06-26T17:00:00,12,Lazio,185,13,198,618,816,-46,13,6412,836,5971.0,2093.0,8064,329074,269189.0,1.0,4.0,5.0,58.0,1.0,2423.0,2100.0,-51.0,6.57,24.26,0.54,0.62,8.33,1.508
2020-06-27T17:00:00,12,Lazio,185,13,198,629,827,11,18,6418,837,5977.0,2105.0,8082,331599,271209.0,0.0,0.0,0.0,6.0,1.0,2525.0,2020.0,11.0,6.57,23.94,0.71,0.89,0.0,2.206
2020-06-28T17:00:00,12,Lazio,187,13,200,641,841,14,14,6418,837,5983.0,2113.0,8096,333852,272915.0,0.0,2.0,2.0,0.0,0.0,2253.0,1706.0,12.0,6.5,23.78,0.62,0.82,0.0,1.693
2020-06-29T17:00:00,12,Lazio,190,13,203,637,840,-1,9,6428,837,5987.0,2118.0,8105,335751,274704.0,0.0,3.0,3.0,10.0,0.0,1899.0,1789.0,-4.0,6.4,24.17,0.47,0.5,0.0,1.07
2020-06-30T17:00:00,12,Lazio,189,13,202,634,836,-4,5,6437,837,5990.0,2120.0,8110,338035,276640.0,0.0,-1.0,-1.0,9.0,0.0,2284.0,1936.0,-3.0,6.44,24.16,0.22,0.26,0.0,0.595
2020-07-01T17:00:00,12,Lazio,190,12,202,630,832,-4,9,6448,839,5996.0,2123.0,8119,341083,279387.0,-1.0,1.0,0.0,11.0,2.0,3048.0,2747.0,-4.0,5.94,24.28,0.3,0.33,-7.69,1.077
2020-07-02T17:00:00,12,Lazio,188,11,199,632,831,-1,11,6460,839,6000.0,2130.0,8130,343882,281743.0,-1.0,-2.0,-3.0,12.0,0.0,2799.0,2356.0,2.0,5.53,23.95,0.39,0.47,-8.33,1.322
2020-07-03T17:00:00,12,Lazio,188,11,199,627,826,-5,11,6475,840,6008.0,2133.0,8141,346239,283710.0,0.0,0.0,0.0,15.0,1.0,2357.0,1967.0,-5.0,5.53,24.09,0.47,0.56,0.0,1.324
2020-07-04T17:00:00,12,Lazio,197,11,208,646,854,28,31,6477,841,6019.0,2153.0,8172,348633,285697.0,0.0,9.0,9.0,2.0,1.0,2394.0,1987.0,19.0,5.29,24.36,1.29,1.56,0.0,3.753
2020-07-05T17:00:00,12,Lazio,199,11,210,651,861,7,14,6484,841,6025.0,2161.0,8186,350978,287673.0,0.0,2.0,2.0,7.0,0.0,2345.0,1976.0,5.0,5.24,24.39,0.6,0.71,0.0,1.639
2020-07-06T17:00:00,12,Lazio,200,12,212,658,870,9,19,6493,842,6035.0,2170.0,8205,353276,289493.0,1.0,1.0,2.0,9.0,1.0,2298.0,1820.0,7.0,5.66,24.37,0.83,1.04,9.09,2.207
2020-07-07T17:00:00,12,Lazio,202,13,215,658,873,3,5,6495,842,6035.0,2175.0,8210,355305,291236.0,1.0,2.0,3.0,2.0,0.0,2029.0,1743.0,0.0,6.05,24.63,0.25,0.29,8.33,0.575
2020-07-08T17:00:00,12,Lazio,198,13,211,663,874,1,14,6508,842,6043.0,2181.0,8224,357307,293031.0,0.0,-4.0,-4.0,13.0,0.0,2002.0,1795.0,5.0,6.16,24.14,0.7,0.78,0.0,1.604
2020-07-09T17:00:00,12,Lazio,198,13,211,678,889,15,28,6520,843,6053.0,2199.0,8252,359842,295193.0,0.0,0.0,0.0,12.0,1.0,2535.0,2162.0,15.0,6.16,23.73,1.1,1.3,0.0,3.204
2020-07-10T17:00:00,12,Lazio,197,13,210,691,901,12,23,6530,844,6063.0,2212.0,8275,362312,297217.0,0.0,-1.0,-1.0,10.0,1.0,2470.0,2024.0,13.0,6.19,23.31,0.93,1.14,0.0,2.587
2020-07-11T17:00:00,12,Lazio,198,13,211,704,915,14,19,6535,844,6065.0,2229.0,8294,364876,299223.0,0.0,1.0,1.0,5.0,0.0,2564.0,2006.0,13.0,6.16,23.06,0.74,0.95,0.0,2.109
2020-07-12T17:00:00,12,Lazio,197,12,209,704,913,-2,20,6557,844,6069.0,2245.0,8314,367461,301453.0,-1.0,-1.0,-2.0,22.0,0.0,2585.0,2230.0,0.0,5.74,22.89,0.77,0.9,-7.69,2.186
2020-07-13T17:00:00,12,Lazio,191,11,202,690,892,-21,24,6601,845,6076.0,2262.0,8338,370462,304024.0,-1.0,-6.0,-7.0,44.0,1.0,3001.0,2571.0,-14.0,5.45,22.65,0.8,0.93,-8.33,2.629
2020-07-14T17:00:00,12,Lazio,188,10,198,696,894,2,18,6616,846,6086.0,2270.0,8356,373026,306387.0,-1.0,-3.0,-4.0,15.0,1.0,2564.0,2363.0,6.0,5.05,22.15,0.7,0.76,-9.09,2.018
2020-07-15T17:00:00,12,Lazio,190,10,200,698,898,4,20,6631,847,6096.0,2280.0,8376,375364,308504.0,0.0,2.0,2.0,15.0,1.0,2338.0,2117.0,2.0,5.0,22.27,0.86,0.94,0.0,2.237
2020-07-16T17:00:00,12,Lazio,175,9,184,666,850,-48,9,6687,848,6100.0,2285.0,8385,377936,310829.0,-1.0,-15.0,-16.0,56.0,1.0,2572.0,2325.0,-32.0,4.89,21.65,0.35,0.39,-10.0,1.002
2020-07-17T17:00:00,12,Lazio,175,9,184,668,852,2,14,6698,849,6105.0,2294.0,8399,381039,313544.0,0.0,0.0,0.0,11.0,1.0,3103.0,2715.0,2.0,4.89,21.6,0.45,0.52,0.0,1.647
2020-07-18T17:00:00,12,Lazio,174,9,183,683,866,14,20,6703,850,6115.0,2304.0,8419,384054,316173.0,0.0,-1.0,-1.0,5.0,1.0,3015.0,2629.0,15.0,4.92,21.13,0.66,0.76,0.0,2.347
2020-07-19T17:00:00,12,Lazio,180,9,189,683,872,6,17,6713,851,6121.0,2315.0,8436,387113,318945.0,0.0,6.0,6.0,10.0,1.0,3059.0,2772.0,0.0,4.76,21.67,0.56,0.61,0.0,1.963
2020-07-20T17:00:00,12,Lazio,175,9,184,701,885,13,14,6714,851,6128.0,2322.0,8450,389441,321110.0,0.0,-5.0,-5.0,1.0,0.0,2328.0,2165.0,18.0,4.89,20.79,0.6,0.65,0.0,1.606
2020-07-21T17:00:00,12,Lazio,175,9,184,697,881,-4,6,6722,853,6128.0,2328.0,8456,391123,322181.0,0.0,0.0,0.0,8.0,2.0,1682.0,1071.0,-4.0,4.89,20.89,0.36,0.56,0.0,0.678
2020-07-22T17:00:00,12,Lazio,174,9,183,706,889,8,16,6728,855,6131.0,2341.0,8472,394124,324963.0,0.0,-1.0,-1.0,6.0,2.0,3001.0,2782.0,9.0,4.92,20.58,0.53,0.58,0.0,1.816
2020-07-23T17:00:00,12,Lazio,180,9,189,718,907,18,26,6735,856,6148.0,2350.0,8498,397055,327552.0,0.0,6.0,6.0,7.0,1.0,2931.0,2589.0,12.0,4.76,20.84,0.89,1.0,0.0,2.925
2020-07-24T17:00:00,12,Lazio,184,9,193,723,916,9,18,6743,857,6155.0,2361.0,8516,399130,329353.0,0.0,4.0,4.0,8.0,1.0,2075.0,1801.0,5.0,4.66,21.07,0.87,1.0,0.0,1.985
2020-07-25T17:00:00,12,Lazio,186,9,195,733,928,12,19,6749,858,6162.0,2373.0,8535,402012,331790.0,0.0,2.0,2.0,6.0,1.0,2882.0,2437.0,10.0,4.62,21.01,0.66,0.78,0.0,2.074
2020-07-26T17:00:00,12,Lazio,189,9,198,737,935,7,19,6759,860,6163.0,2391.0,8554,404785,334242.0,0.0,3.0,3.0,10.0,2.0,2773.0,2452.0,4.0,4.55,21.18,0.69,0.77,0.0,2.047
2020-07-27T17:00:00,12,Lazio,193,9,202,742,944,9,13,6762,861,6172.0,2395.0,8567,407440,336276.0,0.0,4.0,4.0,3.0,1.0,2655.0,2034.0,5.0,4.46,21.4,0.49,0.64,0.0,1.39
2020-07-28T17:00:00,12,Lazio,194,9,203,739,942,-2,10,6773,862,6175.0,2402.0,8577,409189,337657.0,0.0,1.0,1.0,11.0,1.0,1749.0,1381.0,-3.0,4.43,21.55,0.57,0.72,0.0,1.059
2020-07-29T17:00:00,12,Lazio,198,9,207,762,969,27,34,6780,862,6187.0,2424.0,8611,412018,339954.0,0.0,4.0,4.0,7.0,0.0,2829.0,2297.0,23.0,4.35,21.36,1.2,1.48,0.0,3.609
2020-07-30T17:00:00,12,Lazio,188,9,197,740,937,-32,18,6829,863,6193.0,2436.0,8629,414397,341764.0,0.0,-10.0,-10.0,49.0,1.0,2379.0,1810.0,-22.0,4.57,21.02,0.76,0.99,0.0,1.858
2020-07-31T17:00:00,12,Lazio,183,9,192,753,945,8,18,6839,863,6197.0,2450.0,8647,416921,343670.0,0.0,-5.0,-5.0,10.0,0.0,2524.0,1906.0,13.0,4.69,20.32,0.71,0.94,0.0,1.921
2020-08-01T17:00:00,12,Lazio,172,9,181,769,950,5,18,6852,863,6198.0,2467.0,8665,419071,345548.0,0.0,-11.0,-11.0,13.0,0.0,2150.0,1878.0,16.0,4.97,19.05,0.84,0.96,0.0,1.905
2020-08-02T17:00:00,12,Lazio,176,9,185,779,964,14,17,6855,863,6203.0,2479.0,8682,421864,347749.0,0.0,4.0,4.0,3.0,0.0,2793.0,2201.0,10.0,4.86,19.19,0.61,0.77,0.0,1.789
2020-08-03T17:00:00,12,Lazio,174,9,183,791,974,10,15,6859,864,6209.0,2488.0,8697,424283,349522.0,0.0,-2.0,-2.0,4.0,1.0,2419.0,1773.0,12.0,4.92,18.79,0.62,0.85,0.0,1.556
2020-08-04T17:00:00,12,Lazio,179,8,187,800,987,13,17,6863,864,6219.0,2495.0,8714,426671,351191.0,-1.0,5.0,4.0,4.0,0.0,2388.0,1669.0,9.0,4.28,18.95,0.71,1.02,-11.11,1.745
2020-08-05T17:00:00,12,Lazio,188,7,195,788,983,-4,12,6878,865,6220.0,2506.0,8726,429548,353130.0,-1.0,9.0,8.0,15.0,1.0,2877.0,1939.0,-12.0,3.59,19.84,0.42,0.62,-12.5,1.216
2020-08-06T17:00:00,12,Lazio,185,8,193,800,993,10,18,6886,865,6223.0,2521.0,8744,433176,355838.0,1.0,-3.0,-2.0,8.0,0.0,3628.0,2708.0,12.0,4.15,19.44,0.5,0.66,14.29,1.831
2020-08-07T17:00:00,12,Lazio,184,8,192,816,1008,15,20,6891,865,6231.0,2533.0,8764,435517,357556.0,0.0,-1.0,-1.0,5.0,0.0,2341.0,1718.0,16.0,4.17,19.05,0.85,1.16,0.0,2.014
2020-08-08T17:00:00,12,Lazio,189,8,197,820,1017,9,20,6901,866,6239.0,2545.0,8784,437898,359225.0,0.0,5.0,5.0,10.0,1.0,2381.0,1669.0,4.0,4.06,19.37,0.84,1.2,0.0,1.984
2020-08-09T17:00:00,12,Lazio,189,8,197,849,1046,29,38,6910,866,6251.0,2571.0,8822,440510,361238.0,0.0,0.0,0.0,9.0,0.0,2612.0,2013.0,29.0,4.06,18.83,1.45,1.89,0.0,3.736
2020-08-10T17:00:00,12,Lazio,195,8,203,878,1081,35,38,6912,867,6260.0,2600.0,8860,442833,362827.0,0.0,6.0,6.0,2.0,1.0,2323.0,1589.0,29.0,3.94,18.78,1.64,2.39,0.0,3.633
2020-08-11T17:00:00,12,Lazio,203,9,212,889,1101,20,23,6915,867,6264.0,2619.0,8883,444980,364395.0,1.0,8.0,9.0,3.0,0.0,2147.0,1568.0,11.0,4.25,19.26,1.07,1.47,12.5,2.128
2020-08-12T17:00:00,12,Lazio,190,9,199,922,1121,20,37,6931,868,6276.0,2644.0,8920,447675,366246.0,0.0,-13.0,-13.0,16.0,1.0,2695.0,1851.0,33.0,4.52,17.75,1.37,2.0,0.0,3.361
2020-08-13T17:00:00,12,Lazio,195,9,204,923,1127,6,36,6960,869,6290.0,2666.0,8956,449886,367897.0,0.0,5.0,5.0,29.0,1.0,2211.0,1651.0,1.0,4.41,18.1,1.63,2.18,0.0,3.211
2020-08-14T17:00:00,12,Lazio,192,9,201,964,1165,38,45,6966,870,6296.0,2705.0,9001,452336,369749.0,0.0,-3.0,-3.0,6.0,1.0,2450.0,1852.0,41.0,4.48,17.25,1.84,2.43,0.0,3.993
2020-08-15T17:00:00,12,Lazio,193,9,202,1016,1218,53,58,6971,870,6308.0,2751.0,9059,454938,371681.0,0.0,1.0,1.0,5.0,0.0,2602.0,1932.0,52.0,4.46,16.58,2.23,3.0,0.0,4.979
2020-08-16T17:00:00,12,Lazio,204,9,213,1071,1284,66,68,6973,870,6320.0,2807.0,9127,457954,373861.0,0.0,11.0,11.0,2.0,0.0,3016.0,2180.0,55.0,4.23,16.59,2.25,3.12,0.0,5.583
2020-08-17T17:00:00,12,Lazio,212,9,221,1108,1329,45,51,6979,870,6326.0,2852.0,9178,460225,375815.0,0.0,8.0,8.0,6.0,0.0,2271.0,1954.0,37.0,4.07,16.63,2.25,2.61,0.0,3.972
2020-08-18T17:00:00,12,Lazio,218,6,224,1135,1359,30,43,6991,871,6332.0,2889.0,9221,463468,378384.0,-3.0,6.0,3.0,12.0,1.0,3243.0,2569.0,27.0,2.68,16.48,1.33,1.67,-33.33,3.236
2020-08-19T17:00:00,12,Lazio,229,6,235,1194,1429,70,75,6996,871,6348.0,2948.0,9296,468319,382387.0,0.0,11.0,11.0,5.0,0.0,4851.0,4003.0,59.0,2.55,16.45,1.55,1.87,0.0,5.519
2020-08-20T17:00:00,12,Lazio,238,6,244,1296,1540,111,115,6999,872,6379.0,3032.0,9411,473898,387285.0,0.0,9.0,9.0,3.0,1.0,5579.0,4898.0,102.0,2.46,15.84,2.06,2.35,0.0,8.048
2020-08-21T17:00:00,12,Lazio,248,6,254,1412,1666,126,137,7009,873,6407.0,3141.0,9548,480482,392577.0,0.0,10.0,10.0,10.0,1.0,6584.0,5292.0,116.0,2.36,15.25,2.08,2.59,0.0,8.896
2020-08-22T17:00:00,12,Lazio,265,6,271,1599,1870,204,215,7020,873,6435.0,3328.0,9763,488274,397550.0,0.0,17.0,17.0,11.0,0.0,7792.0,4973.0,187.0,2.21,14.49,2.76,4.32,0.0,12.905
2020-08-23T17:00:00,12,Lazio,286,6,292,1735,2027,157,184,7046,874,6468.0,3479.0,9947,496648,404727.0,0.0,21.0,21.0,26.0,1.0,8374.0,7177.0,136.0,2.05,14.41,2.2,2.56,0.0,9.84
2020-08-24T17:00:00,12,Lazio,299,6,305,1846,2151,124,146,7067,875,6509.0,3584.0,10093,502648,409290.0,0.0,13.0,13.0,21.0,1.0,6000.0,4563.0,111.0,1.97,14.18,2.43,3.2,0.0,7.203
2020-08-25T17:00:00,12,Lazio,281,6,287,1997,2284,133,143,7077,875,6530.0,3706.0,10236,511984,417490.0,0.0,-18.0,-18.0,10.0,0.0,9336.0,8200.0,151.0,2.09,12.57,1.53,1.74,0.0,6.648
2020-08-26T17:00:00,12,Lazio,263,6,269,2143,2412,128,162,7110,876,6554.0,3844.0,10398,520992,424488.0,0.0,-18.0,-18.0,33.0,1.0,9008.0,6998.0,146.0,2.23,11.15,1.8,2.31,0.0,7.093
2020-08-27T17:00:00,12,Lazio,268,6,274,2281,2555,143,152,7118,877,6576.0,3974.0,10550,531582,431825.0,0.0,5.0,5.0,8.0,1.0,10590.0,7337.0,138.0,2.19,10.72,1.44,2.07,0.0,6.302
2020-08-28T17:00:00,12,Lazio,283,6,289,2427,2716,161,166,7122,878,6611.0,4105.0,10716,545595,444539.0,0.0,15.0,15.0,4.0,1.0,14013.0,12714.0,146.0,2.08,10.64,1.18,1.31,0.0,6.497
2020-08-29T17:00:00,12,Lazio,293,8,301,2581,2882,166,171,7127,878,6643.0,4244.0,10887,558605,455146.0,2.0,10.0,12.0,5.0,0.0,13010.0,10607.0,154.0,2.66,10.44,1.31,1.61,33.33,6.296
2020-08-30T17:00:00,12,Lazio,310,7,317,2718,3035,153,156,7130,878,6686.0,4357.0,11043,571389,466475.0,-1.0,17.0,16.0,3.0,0.0,12784.0,11329.0,137.0,2.21,10.44,1.22,1.38,-12.5,5.413
2020-08-31T17:00:00,12,Lazio,328,7,335,2839,3174,139,148,7139,878,6686.0,4505.0,11191,584482,477920.0,0.0,18.0,18.0,9.0,0.0,13093.0,11445.0,121.0,2.09,10.55,1.13,1.29,0.0,4.876
2020-09-01T17:00:00,12,Lazio,336,8,344,2941,3285,111,125,7153,878,6711.0,4605.0,11316,594552,486744.0,1.0,8.0,9.0,14.0,0.0,10070.0,8824.0,102.0,2.33,10.47,1.24,1.42,14.29,3.938
2020-09-02T17:00:00,12,Lazio,343,9,352,3055,3407,122,130,7161,878,6737.0,4709.0,11446,605096,495791.0,1.0,7.0,8.0,8.0,0.0,10544.0,9047.0,114.0,2.56,10.33,1.23,1.44,12.5,3.957
2020-09-03T17:00:00,12,Lazio,351,9,360,3184,3544,137,154,7177,879,6769.0,4831.0,11600,616425,506670.0,0.0,8.0,8.0,16.0,1.0,11329.0,10879.0,129.0,2.5,10.16,1.36,1.42,0.0,4.52
2020-09-04T17:00:00,12,Lazio,363,9,372,3316,3688,144,171,7204,879,6805.0,4966.0,11771,628169,517073.0,0.0,12.0,12.0,27.0,0.0,11744.0,10403.0,132.0,2.42,10.09,1.46,1.64,0.0,4.825
2020-09-05T17:00:00,12,Lazio,344,11,355,3452,3807,119,158,7242,880,6828.0,5101.0,11929,639909,526843.0,2.0,-19.0,-17.0,38.0,1.0,11740.0,9770.0,136.0,3.1,9.32,1.35,1.62,22.22,4.284
2020-09-06T17:00:00,12,Lazio,355,10,365,3548,3913,106,122,7257,881,6853.0,5198.0,12051,650695,536609.0,-1.0,11.0,10.0,15.0,1.0,10786.0,9766.0,96.0,2.74,9.33,1.13,1.25,-9.09,3.205
2020-09-07T17:00:00,12,Lazio,359,9,368,3667,4035,122,159,7294,881,6890.0,5320.0,12210,659927,545694.0,-1.0,4.0,3.0,37.0,0.0,9232.0,9085.0,119.0,2.45,9.12,1.72,1.75,-10.0,4.063
2020-09-08T17:00:00,12,Lazio,354,9,363,3761,4124,89,129,7334,881,6909.0,5430.0,12339,669290,554654.0,0.0,-5.0,-5.0,40.0,0.0,9363.0,8960.0,94.0,2.48,8.8,1.38,1.44,0.0,3.197
2020-09-09T17:00:00,12,Lazio,358,9,367,3903,4270,146,175,7363,881,6943.0,5571.0,12514,678461,563118.0,0.0,4.0,4.0,29.0,0.0,9171.0,8464.0,142.0,2.45,8.59,1.91,2.07,0.0,4.243
2020-09-10T17:00:00,12,Lazio,372,9,381,4001,4382,112,163,7413,882,6968.0,5709.0,12677,688893,571817.0,0.0,14.0,14.0,50.0,1.0,10432.0,8699.0,98.0,2.36,8.69,1.56,1.87,0.0,3.817
2020-09-11T17:00:00,12,Lazio,365,14,379,4097,4476,94,148,7466,883,7007.0,5818.0,12825,700514,581864.0,5.0,-7.0,-2.0,53.0,1.0,11621.0,10047.0,96.0,3.69,8.47,1.27,1.47,55.56,3.377
2020-09-12T17:00:00,12,Lazio,401,16,417,4204,4621,145,155,7475,884,7050.0,5930.0,12980,710853,590692.0,2.0,36.0,38.0,9.0,1.0,10339.0,8828.0,107.0,3.84,9.02,1.5,1.76,14.29,3.463
2020-09-13T17:00:00,12,Lazio,424,17,441,4314,4755,134,143,7483,885,7086.0,6037.0,13123,720433,598963.0,1.0,23.0,24.0,8.0,1.0,9580.0,8271.0,110.0,3.85,9.27,1.49,1.73,6.25,3.095
2020-09-14T17:00:00,12,Lazio,410,17,427,4469,4896,141,181,7523,885,7136.0,6168.0,13304,729251,606736.0,0.0,-14.0,-14.0,40.0,0.0,8818.0,7773.0,155.0,3.98,8.72,2.05,2.33,0.0,3.807
2020-09-15T17:00:00,12,Lazio,453,18,471,4526,4997,101,139,7559,887,7165.0,6278.0,13443,736978,614394.0,1.0,43.0,44.0,36.0,2.0,7727.0,7658.0,57.0,3.82,9.43,1.8,1.82,5.88,2.839
2020-09-16T17:00:00,12,Lazio,467,18,485,4643,5128,131,165,7593,887,7208.0,6400.0,13608,744889,621049.0,0.0,14.0,14.0,34.0,0.0,7911.0,6655.0,117.0,3.71,9.46,2.09,2.48,0.0,3.302
2020-09-17T17:00:00,12,Lazio,492,16,508,4775,5283,155,181,7617,889,7259.0,6530.0,13789,754270,629051.0,-2.0,25.0,23.0,24.0,2.0,9381.0,8002.0,132.0,3.15,9.62,1.93,2.26,-11.11,3.53
2020-09-18T17:00:00,12,Lazio,459,17,476,4937,5413,130,193,7680,889,7306.0,6676.0,13982,764828,637844.0,1.0,-33.0,-32.0,63.0,0.0,10558.0,8793.0,162.0,3.57,8.79,1.83,2.19,6.25,3.653
2020-09-19T17:00:00,12,Lazio,445,22,467,5071,5538,125,197,7751,890,7376.0,6803.0,14179,774925,646453.0,5.0,-14.0,-9.0,71.0,1.0,10097.0,8609.0,134.0,4.71,8.43,1.95,2.29,29.41,3.639
2020-09-20T17:00:00,12,Lazio,422,23,445,5244,5689,151,165,7765,890,7410.0,6934.0,14344,784389,655297.0,1.0,-23.0,-22.0,14.0,0.0,9464.0,8844.0,173.0,5.17,7.82,1.74,1.87,4.55,2.979
2020-09-21T17:00:00,12,Lazio,466,27,493,5347,5840,151,198,7807,895,7467.0,7075.0,14542,792675,662743.0,4.0,44.0,48.0,42.0,5.0,8286.0,7446.0,103.0,5.48,8.44,2.39,2.66,17.39,3.48
2020-09-22T17:00:00,12,Lazio,482,31,513,5517,6030,190,238,7851,899,7552.0,7228.0,14780,801697,669956.0,4.0,16.0,20.0,44.0,4.0,9022.0,7213.0,170.0,6.04,8.51,2.64,3.3,14.81,4.075
2020-09-23T17:00:00,12,Lazio,521,32,553,5631,6184,154,195,7889,902,7603.0,7372.0,14975,810809,678371.0,1.0,39.0,40.0,38.0,3.0,9112.0,8415.0,114.0,5.79,8.94,2.14,2.32,3.23,3.234
2020-09-24T17:00:00,12,Lazio,544,35,579,5768,6347,163,230,7956,902,7676.0,7529.0,15205,820760,686623.0,3.0,23.0,26.0,67.0,0.0,9951.0,8252.0,137.0,6.04,9.12,2.31,2.79,9.38,3.719
2020-09-25T17:00:00,12,Lazio,563,36,599,5892,6491,144,230,8040,904,7739.0,7696.0,15435,831786,695956.0,1.0,19.0,20.0,84.0,2.0,11026.0,9333.0,124.0,6.01,9.23,2.09,2.46,2.86,3.624
2020-09-26T17:00:00,12,Lazio,591,35,626,6041,6667,176,219,8081,906,7797.0,7857.0,15654,841577,703206.0,-1.0,28.0,27.0,41.0,2.0,9791.0,7250.0,149.0,5.59,9.39,2.24,3.02,-2.78,3.374
2020-09-27T17:00:00,12,Lazio,610,38,648,6161,6809,142,181,8119,907,7866.0,7969.0,15835,850428,710057.0,3.0,19.0,22.0,38.0,1.0,8851.0,6851.0,120.0,5.86,9.52,2.04,2.64,8.57,2.715
2020-09-28T17:00:00,12,Lazio,640,41,681,6240,6921,112,211,8215,910,7929.0,8117.0,16046,858334,716730.0,3.0,30.0,33.0,96.0,3.0,7906.0,6673.0,79.0,6.02,9.84,2.67,3.16,7.89,3.099
2020-09-29T17:00:00,12,Lazio,674,45,719,6330,7049,128,219,8303,913,7999.0,8266.0,16265,867704,724000.0,4.0,34.0,38.0,88.0,3.0,9370.0,7270.0,90.0,6.26,10.2,2.34,3.01,9.76,3.164
2020-09-30T17:00:00,12,Lazio,659,47,706,6442,7148,99,210,8409,918,8086.0,8389.0,16475,878047,732123.0,2.0,-15.0,-13.0,106.0,5.0,10343.0,8123.0,112.0,6.66,9.88,2.03,2.59,4.44,2.979
2020-10-01T17:00:00,12,Lazio,666,49,715,6628,7343,195,265,8474,923,8177.0,8563.0,16740,889420,740268.0,2.0,7.0,9.0,65.0,5.0,11373.0,8145.0,186.0,6.85,9.74,2.33,3.25,4.26,3.707
2020-10-02T17:00:00,12,Lazio,678,49,727,6820,7547,204,264,8529,928,8258.0,8746.0,17004,901372,749852.0,0.0,12.0,12.0,55.0,5.0,11952.0,9584.0,192.0,6.74,9.63,2.21,2.75,0.0,3.595
2020-10-03T17:00:00,12,Lazio,711,47,758,6967,7725,178,261,8607,933,8335.0,8930.0,17265,914721,759903.0,-2.0,33.0,31.0,78.0,5.0,13349.0,10051.0,147.0,6.2,9.81,1.96,2.6,-4.08,3.458
2020-10-04T17:00:00,12,Lazio,737,48,785,7148,7933,208,244,8637,939,8425.0,9084.0,17509,926458,768942.0,1.0,26.0,27.0,30.0,6.0,11737.0,9039.0,181.0,6.11,9.9,2.08,2.7,2.13,3.159
2020-10-05T17:00:00,12,Lazio,764,48,812,7330,8142,209,248,8671,944,8505.0,9252.0,17757,937860,778041.0,0.0,27.0,27.0,34.0,5.0,11402.0,9099.0,182.0,5.91,9.97,2.18,2.73,0.0,3.126
2020-10-06T17:00:00,12,Lazio,774,44,818,7472,8290,148,275,8794,948,8611.0,9421.0,18032,948715,786768.0,-4.0,10.0,6.0,123.0,4.0,10855.0,8727.0,142.0,5.38,9.87,2.53,3.15,-8.33,3.378
2020-10-07T17:00:00,12,Lazio,808,48,856,7724,8580,290,357,8855,954,8713.0,9676.0,18389,960623,795451.0,4.0,34.0,38.0,61.0,6.0,11908.0,8683.0,252.0,5.61,9.98,3.0,4.11,9.09,4.306
2020-10-08T17:00:00,12,Lazio,821,55,876,7976,8852,272,359,8936,960,8845.0,9903.0,18748,973956,805125.0,7.0,13.0,20.0,81.0,6.0,13333.0,9674.0,252.0,6.28,9.9,2.69,3.71,14.58,4.184
2020-10-09T17:00:00,12,Lazio,853,57,910,8276,9186,334,387,8983,966,8987.0,10148.0,19135,988395,815474.0,2.0,32.0,34.0,47.0,6.0,14439.0,10349.0,300.0,6.26,9.91,2.68,3.74,3.64,4.372
2020-10-10T17:00:00,12,Lazio,884,57,941,8564,9505,319,384,9042,972,9070.0,10449.0,19519,1002753,826222.0,0.0,31.0,31.0,59.0,6.0,14358.0,10748.0,288.0,6.06,9.9,2.67,3.57,0.0,4.18
2020-10-11T17:00:00,12,Lazio,911,69,980,8862,9842,337,371,9072,976,9236.0,10654.0,19890,1015486,836669.0,12.0,27.0,39.0,30.0,4.0,12733.0,10447.0,298.0,7.04,9.96,2.91,3.55,21.05,3.903
2020-10-12T17:00:00,12,Lazio,927,78,1005,9117,10122,280,395,9179,984,9280.0,11005.0,20285,1029316,849390.0,9.0,16.0,25.0,107.0,8.0,13830.0,12721.0,255.0,7.76,9.93,2.86,3.11,13.04,4.013
2020-10-13T17:00:00,12,Lazio,896,83,979,9658,10637,515,579,9238,989,9457.0,11407.0,20864,1044724,861669.0,5.0,-31.0,-26.0,59.0,5.0,15408.0,12279.0,541.0,8.48,9.2,3.76,4.72,6.41,5.72
2020-10-14T17:00:00,12,Lazio,937,85,1022,10041,11063,426,543,9350,994,9644.0,11763.0,21407,1060208,872710.0,2.0,41.0,43.0,112.0,5.0,15484.0,11041.0,383.0,8.32,9.24,3.51,4.92,2.41,5.105
2020-10-15T17:00:00,12,Lazio,969,90,1059,10546,11605,542,594,9395,1001,9823.0,12178.0,22001,1076138,884989.0,5.0,32.0,37.0,45.0,7.0,15930.0,12279.0,505.0,8.5,9.13,3.73,4.84,5.88,5.369
2020-10-16T17:00:00,12,Lazio,1004,98,1102,11215,12317,712,795,9473,1006,10030.0,12766.0,22796,1095576,901184.0,8.0,35.0,43.0,78.0,5.0,19438.0,16195.0,669.0,8.89,8.95,4.09,4.91,8.89,6.85
2020-10-17T17:00:00,12,Lazio,1043,98,1141,12096,13237,920,994,9535,1018,10392.0,13398.0,23790,1123324,924313.0,0.0,39.0,39.0,62.0,12.0,27748.0,23129.0,881.0,8.59,8.62,3.58,4.3,0.0,8.07
2020-10-18T17:00:00,12,Lazio,1085,99,1184,13196,14380,1143,1198,9584,1024,10930.0,14058.0,24988,1146334,941774.0,1.0,42.0,43.0,49.0,6.0,23010.0,17461.0,1100.0,8.36,8.23,5.21,6.86,1.02,9.05
2020-10-19T17:00:00,12,Lazio,1130,111,1241,13950,15191,811,939,9703,1033,11105.0,14822.0,25927,1163907,954419.0,12.0,45.0,57.0,119.0,9.0,17573.0,12645.0,754.0,8.94,8.17,5.34,7.43,12.12,6.53
2020-10-20T17:00:00,12,Lazio,1196,123,1319,15014,16333,1142,1224,9780,1038,11206.0,15945.0,27151,1185024,969373.0,12.0,66.0,78.0,77.0,5.0,21117.0,14954.0,1064.0,9.33,8.08,5.8,8.19,10.81,8.057
2020-10-21T17:00:00,12,Lazio,1226,129,1355,16048,17403,1070,1219,9913,1054,11598.0,16772.0,28370,1205529,984926.0,6.0,30.0,36.0,133.0,16.0,20505.0,15553.0,1034.0,9.52,7.79,5.94,7.84,4.88,7.463
2020-10-22T17:00:00,12,Lazio,1293,131,1424,17107,18531,1128,1251,10020,1070,11986.0,17635.0,29621,1227104,1002866.0,2.0,67.0,69.0,107.0,16.0,21575.0,17940.0,1059.0,9.2,7.68,5.8,6.97,1.55,7.188
2020-10-23T17:00:00,12,Lazio,1354,135,1489,18332,19821,1290,1389,10108,1081,12311.0,18699.0,31010,1249561,1021323.0,4.0,61.0,65.0,88.0,11.0,22457.0,18457.0,1225.0,9.07,7.51,6.19,7.53,3.05,7.496
2020-10-24T17:00:00,12,Lazio,1438,141,1579,19826,21405,1584,1687,10202,1090,12775.0,19922.0,32697,1272340,1041123.0,6.0,84.0,90.0,94.0,9.0,22779.0,19800.0,1494.0,8.93,7.38,7.41,8.52,4.44,8.511
2020-10-25T17:00:00,12,Lazio,1476,146,1622,21193,22815,1410,1541,10323,1100,13165.0,21073.0,34238,1294172,1057293.0,5.0,38.0,43.0,121.0,10.0,21832.0,16170.0,1367.0,9.0,7.11,7.06,9.53,3.55,7.199
2020-10-26T17:00:00,12,Lazio,1599,158,1757,22649,24406,1591,1698,10414,1116,13424.0,22512.0,35936,1313163,1071581.0,12.0,123.0,135.0,91.0,16.0,18991.0,14288.0,1456.0,8.99,7.2,8.94,11.88,8.22,7.442
2020-10-27T17:00:00,12,Lazio,1632,166,1798,24344,26142,1736,1993,10648,1139,14055.0,23874.0,37929,1338385,1091869.0,8.0,33.0,41.0,234.0,23.0,25222.0,20288.0,1695.0,9.23,6.88,7.9,9.82,5.06,8.166
2020-10-28T17:00:00,12,Lazio,1669,166,1835,26111,27946,1804,1963,10788,1158,14597.0,25295.0,39892,1361332,1111817.0,0.0,37.0,37.0,140.0,19.0,22947.0,19948.0,1767.0,9.05,6.57,8.55,9.84,0.0,7.509
2020-10-29T17:00:00,12,Lazio,1786,168,1954,27758,29712,1766,1995,11002,1173,14932.0,26955.0,41887,1386496,1132105.0,2.0,117.0,119.0,214.0,15.0,25164.0,20288.0,1647.0,8.6,6.58,7.93,9.83,1.2,7.139
2020-10-30T17:00:00,12,Lazio,1873,175,2048,29699,31747,2035,2246,11196,1190,15572.0,28561.0,44133,1411900,1152217.0,7.0,87.0,94.0,194.0,17.0,25404.0,20112.0,1941.0,8.54,6.45,8.84,11.17,4.17,7.559
2020-10-31T17:00:00,12,Lazio,1944,182,2126,31780,33906,2159,2289,11304,1212,15979.0,30443.0,46422,1437667,1174268.0,7.0,71.0,78.0,108.0,22.0,25767.0,22051.0,2081.0,8.56,6.27,8.88,10.38,4.0,7.21
2020-11-01T17:00:00,12,Lazio,2055,185,2240,33866,36106,2200,2351,11436,1231,16314.0,32459.0,48773,1460609,1192749.0,3.0,111.0,114.0,132.0,19.0,22942.0,18481.0,2086.0,8.26,6.2,10.25,12.72,1.65,6.934
2020-11-02T17:00:00,12,Lazio,2032,185,2217,35566,37783,1677,1859,11595,1254,16636.0,33996.0,50632,1480183,1207323.0,0.0,-23.0,-23.0,159.0,23.0,19574.0,14574.0,1700.0,8.34,5.87,9.5,12.76,0.0,5.149
2020-11-03T17:00:00,12,Lazio,2192,197,2389,37340,39729,1946,2209,11837,1275,17037.0,35804.0,52841,1505664,1227238.0,12.0,160.0,172.0,242.0,21.0,25481.0,19915.0,1774.0,8.25,6.01,8.67,11.09,6.49,5.847
2020-11-04T17:00:00,12,Lazio,2317,217,2534,39349,41883,2154,2432,12081,1309,17863.0,37410.0,55273,1532276,1249929.0,20.0,125.0,145.0,244.0,34.0,26612.0,22691.0,2009.0,8.56,6.05,9.14,10.72,10.15,6.121
2020-11-05T17:00:00,12,Lazio,2508,222,2730,41560,44290,2407,2735,12374,1344,18498.0,39510.0,58008,1562559,1275067.0,5.0,191.0,196.0,293.0,35.0,30283.0,25138.0,2211.0,8.13,6.16,9.03,10.88,2.3,6.53
2020-11-06T17:00:00,12,Lazio,2511,234,2745,43939,46684,2394,2699,12653,1370,19176.0,41531.0,60707,1591303,1296386.0,12.0,3.0,15.0,279.0,26.0,28744.0,21319.0,2379.0,8.52,5.88,9.39,12.66,5.41,6.094
2020-11-07T17:00:00,12,Lazio,2619,237,2856,46180,49036,2352,2618,12892,1397,19717.0,43608.0,63325,1621947,1322844.0,3.0,108.0,111.0,239.0,27.0,30644.0,26458.0,2241.0,8.3,5.82,8.54,9.89,1.28,5.608
2020-11-08T17:00:00,12,Lazio,2686,237,2923,48455,51378,2342,2489,13023,1413,20086.0,45728.0,65814,1646433,1341488.0,0.0,67.0,67.0,131.0,16.0,24486.0,18644.0,2275.0,8.11,5.69,10.16,13.35,0.0,5.076
2020-11-09T17:00:00,12,Lazio,2761,237,2998,50276,53274,1896,2153,13264,1429,20643.0,47324.0,67967,1668951,1357006.0,0.0,75.0,75.0,241.0,16.0,22518.0,15518.0,1821.0,7.91,5.63,9.56,13.87,0.0,4.191
2020-11-10T17:00:00,12,Lazio,2785,257,3042,52547,55589,2315,2608,13521,1465,21398.0,49177.0,70575,1698266,1381230.0,20.0,24.0,44.0,257.0,36.0,29315.0,24224.0,2271.0,8.45,5.47,8.9,10.77,8.44,4.895
2020-11-11T17:00:00,12,Lazio,2913,255,3168,54415,57583,1994,2479,13968,1503,22020.0,51034.0,73054,1724820,1403357.0,-2.0,128.0,126.0,447.0,38.0,26554.0,22127.0,1868.0,8.05,5.5,9.34,11.2,-0.78,4.46
2020-11-12T17:00:00,12,Lazio,2953,259,3212,56707,59919,2336,2686,14269,1552,22720.0,53020.0,75740,1753939,1425173.0,4.0,40.0,44.0,301.0,49.0,29119.0,21816.0,2292.0,8.06,5.36,9.22,12.31,1.57,4.665
2020-11-13T17:00:00,12,Lazio,3018,260,3278,59121,62399,2480,2925,14680,1586,23675.0,54990.0,78665,1782248,1446989.0,1.0,65.0,66.0,411.0,34.0,28309.0,21816.0,2414.0,7.93,5.25,10.33,13.41,0.39,4.882
2020-11-14T17:00:00,12,Lazio,3076,273,3349,61609,64958,2559,2997,15079,1625,24255.0,57407.0,81662,1812070,1471685.0,13.0,58.0,71.0,399.0,39.0,29822.0,24696.0,2488.0,8.15,5.16,10.05,12.14,5.0,4.803
