data,codice_regione,denominazione_regione,ricoverati_con_sintomi,terapia_intensiva,totale_ospedalizzati,isolamento_domiciliare,totale_positivi,variazione_totale_positivi,nuovi_positivi,dimessi_guariti,deceduti,totale_casi,tamponi,casi_testati,ingressi_terapia_intensiva,totale_positivi_test_molecolare,totale_positivi_test_antigenico_rapido,tamponi_test_molecolare,tamponi_test_antigenico_rapido,codice_nuts_1,codice_nuts_2,variazione_terapia_intensiva,variazione_ricoverati_con_sintomi,variazione_totale_ospedalizzati,nuovi_dimessi_guariti,nuovi_deceduti,nuovi_tamponi,nuovi_casi_testati,variazione_isolamento_domiciliare,ti_su_to,to_su_tp,np_su_nt,np_su_nct,var_ti_perc,var_pos_perc
2020-02-25T18:00:00,8,Emilia-Romagna,15,2,17,9,26,8,8,0,0,26,391,0.0,0.0,0.0,0.0,0.0,0.0,0,0,0.0,5.0,5.0,0.0,0.0,243.0,0.0,3.0,11.76,65.38,3.29,0.0,0.0,44.44
2020-02-26T18:00:00,8,Emilia-Romagna,20,3,23,23,46,20,21,0,1,47,577,0.0,0.0,0.0,0.0,0.0,0.0,0,0,1.0,5.0,6.0,0.0,1.0,186.0,0.0,14.0,13.04,50.0,11.29,0.0,50.0,76.92
2020-02-27T18:00:00,8,Emilia-Romagna,36,6,42,54,96,50,50,0,1,97,1033,0.0,0.0,0.0,0.0,0.0,0.0,0,0,3.0,16.0,19.0,0.0,0.0,456.0,0.0,31.0,14.29,43.75,10.96,0.0,100.0,108.7
2020-02-28T18:00:00,8,Emilia-Romagna,56,6,62,81,143,47,48,0,2,145,1277,0.0,0.0,0.0,0.0,0.0,0.0,0,0,0.0,20.0,20.0,0.0,1.0,244.0,0.0,27.0,9.68,43.36,19.67,0.0,0.0,48.96
2020-02-29T17:00:00,8,Emilia-Romagna,86,11,97,116,213,70,72,0,4,217,1550,0.0,0.0,0.0,0.0,0.0,0.0,0,0,5.0,30.0,35.0,0.0,2.0,273.0,0.0,35.0,11.34,45.54,26.37,0.0,83.33,48.95
2020-03-01T17:00:00,8,Emilia-Romagna,127,13,140,137,277,64,68,0,8,285,1795,0.0,0.0,0.0,0.0,0.0,0.0,0,0,2.0,41.0,43.0,0.0,4.0,245.0,0.0,21.0,9.29,50.54,27.76,0.0,18.18,30.05
2020-03-02T18:00:00,8,Emilia-Romagna,148,16,164,160,324,47,50,0,11,335,1973,0.0,0.0,0.0,0.0,0.0,0.0,0,0,3.0,21.0,24.0,0.0,3.0,178.0,0.0,23.0,9.76,50.62,28.09,0.0,23.08,16.97
2020-03-03T18:00:00,8,Emilia-Romagna,187,24,211,187,398,74,85,4,18,420,2012,0.0,0.0,0.0,0.0,0.0,0.0,0,0,8.0,39.0,47.0,4.0,7.0,39.0,0.0,27.0,11.37,53.02,217.95,0.0,50.0,22.84
2020-03-04T17:00:00,8,Emilia-Romagna,256,26,282,234,516,118,124,6,22,544,2500,0.0,0.0,0.0,0.0,0.0,0.0,0,0,2.0,69.0,71.0,2.0,4.0,488.0,0.0,47.0,9.22,54.65,25.41,0.0,8.33,29.65
2020-03-05T17:00:00,8,Emilia-Romagna,327,32,359,299,658,142,154,10,30,698,2884,0.0,0.0,0.0,0.0,0.0,0.0,0,0,6.0,71.0,77.0,4.0,8.0,384.0,0.0,65.0,8.91,54.56,40.1,0.0,23.08,27.52
2020-03-06T17:00:00,8,Emilia-Romagna,397,53,450,366,816,158,172,17,37,870,3136,0.0,0.0,0.0,0.0,0.0,0.0,0,0,21.0,70.0,91.0,7.0,7.0,252.0,0.0,67.0,11.78,55.15,68.25,0.0,65.62,24.01
2020-03-07T18:00:00,8,Emilia-Romagna,464,64,528,409,937,121,140,25,48,1010,3604,0.0,0.0,0.0,0.0,0.0,0.0,0,0,11.0,67.0,78.0,8.0,11.0,468.0,0.0,43.0,12.12,56.35,29.91,0.0,20.75,14.83
2020-03-08T18:00:00,8,Emilia-Romagna,542,75,617,480,1097,160,170,27,56,1180,4344,0.0,0.0,0.0,0.0,0.0,0.0,0,0,11.0,78.0,89.0,2.0,8.0,740.0,0.0,71.0,12.16,56.24,22.97,0.0,17.19,17.08
2020-03-09T18:00:00,8,Emilia-Romagna,576,90,666,620,1286,189,206,30,70,1386,4906,0.0,0.0,0.0,0.0,0.0,0.0,0,0,15.0,34.0,49.0,3.0,14.0,562.0,0.0,140.0,13.51,51.79,36.65,0.0,20.0,17.23
2020-03-10T18:00:00,8,Emilia-Romagna,669,98,767,650,1417,131,147,31,85,1533,5494,0.0,0.0,0.0,0.0,0.0,0.0,0,0,8.0,93.0,101.0,1.0,15.0,588.0,0.0,30.0,12.78,54.13,25.0,0.0,8.89,10.19
2020-03-11T17:00:00,8,Emilia-Romagna,745,104,849,739,1588,171,206,38,113,1739,6640,0.0,0.0,0.0,0.0,0.0,0.0,0,0,6.0,76.0,82.0,7.0,28.0,1146.0,0.0,89.0,12.25,53.46,17.98,0.0,6.12,12.07
2020-03-12T17:00:00,8,Emilia-Romagna,814,112,926,832,1758,170,208,43,146,1947,7600,0.0,0.0,0.0,0.0,0.0,0.0,0,0,8.0,69.0,77.0,5.0,33.0,960.0,0.0,93.0,12.1,52.67,21.67,0.0,7.69,10.71
2020-03-13T17:00:00,8,Emilia-Romagna,942,128,1070,941,2011,253,316,51,201,2263,8787,0.0,0.0,0.0,0.0,0.0,0.0,0,0,16.0,128.0,144.0,8.0,55.0,1187.0,0.0,109.0,11.96,53.21,26.62,0.0,14.29,14.39
2020-03-14T17:00:00,8,Emilia-Romagna,1076,152,1228,1121,2349,338,381,54,241,2644,10043,0.0,0.0,0.0,0.0,0.0,0.0,0,0,24.0,134.0,158.0,3.0,40.0,1256.0,0.0,180.0,12.38,52.28,30.33,0.0,18.75,16.81
2020-03-15T17:00:00,8,Emilia-Romagna,1215,169,1384,1357,2741,392,449,68,284,3093,12054,0.0,0.0,0.0,0.0,0.0,0.0,0,0,17.0,139.0,156.0,14.0,43.0,2011.0,0.0,236.0,12.21,50.49,22.33,0.0,11.18,16.69
2020-03-16T17:00:00,8,Emilia-Romagna,1362,197,1559,1529,3088,347,429,88,346,3522,13096,0.0,0.0,0.0,0.0,0.0,0.0,0,0,28.0,147.0,175.0,20.0,62.0,1042.0,0.0,172.0,12.64,50.49,41.17,0.0,16.57,12.66
2020-03-17T17:00:00,8,Emilia-Romagna,1566,223,1789,1615,3404,316,409,134,393,3931,14510,0.0,0.0,0.0,0.0,0.0,0.0,0,0,26.0,204.0,230.0,46.0,47.0,1414.0,0.0,86.0,12.47,52.56,28.93,0.0,13.2,10.23
2020-03-18T17:00:00,8,Emilia-Romagna,1784,247,2031,1884,3915,511,594,152,458,4525,15461,0.0,0.0,0.0,0.0,0.0,0.0,0,0,24.0,218.0,242.0,18.0,65.0,951.0,0.0,269.0,12.16,51.88,62.46,0.0,10.76,15.01
2020-03-19T17:00:00,8,Emilia-Romagna,1900,260,2160,2346,4506,591,689,177,531,5214,18344,0.0,0.0,0.0,0.0,0.0,0.0,0,0,13.0,116.0,129.0,25.0,73.0,2883.0,0.0,462.0,12.04,47.94,23.9,0.0,5.26,15.1
2020-03-20T17:00:00,8,Emilia-Romagna,2083,267,2350,2739,5089,583,754,239,640,5968,20753,0.0,0.0,0.0,0.0,0.0,0.0,0,0,7.0,183.0,190.0,62.0,109.0,2409.0,0.0,393.0,11.36,46.18,31.3,0.0,2.69,12.94
2020-03-21T17:00:00,8,Emilia-Romagna,2267,265,2532,3129,5661,572,737,329,715,6705,24620,0.0,0.0,0.0,0.0,0.0,0.0,0,0,-2.0,184.0,182.0,90.0,75.0,3867.0,0.0,390.0,10.47,44.73,19.06,0.0,-0.75,11.24
2020-03-22T17:00:00,8,Emilia-Romagna,2429,269,2698,3692,6390,729,850,349,816,7555,28022,0.0,0.0,0.0,0.0,0.0,0.0,0,0,4.0,162.0,166.0,20.0,101.0,3402.0,0.0,563.0,9.97,42.22,24.99,0.0,1.51,12.88
2020-03-23T17:00:00,8,Emilia-Romagna,2846,276,3122,4098,7220,830,980,423,892,8535,31200,0.0,0.0,0.0,0.0,0.0,0.0,0,0,7.0,417.0,424.0,74.0,76.0,3178.0,0.0,406.0,8.84,43.24,30.84,0.0,2.6,12.99
2020-03-24T17:00:00,8,Emilia-Romagna,2974,291,3265,4446,7711,491,719,558,985,9254,33527,0.0,0.0,0.0,0.0,0.0,0.0,0,0,15.0,128.0,143.0,135.0,93.0,2327.0,0.0,348.0,8.91,42.34,30.9,0.0,5.43,6.8
2020-03-25T17:00:00,8,Emilia-Romagna,3180,294,3474,4782,8256,545,800,721,1077,10054,38045,0.0,0.0,0.0,0.0,0.0,0.0,0,0,3.0,206.0,209.0,163.0,92.0,4518.0,0.0,336.0,8.46,42.08,17.71,0.0,1.03,7.07
2020-03-26T17:00:00,8,Emilia-Romagna,3354,301,3655,5195,8850,594,762,792,1174,10816,42395,0.0,0.0,0.0,0.0,0.0,0.0,0,0,7.0,174.0,181.0,71.0,97.0,4350.0,0.0,413.0,8.24,41.3,17.52,0.0,2.38,7.19
2020-03-27T17:00:00,8,Emilia-Romagna,3461,308,3769,5592,9361,511,772,960,1267,11588,47798,0.0,0.0,0.0,0.0,0.0,0.0,0,0,7.0,107.0,114.0,168.0,93.0,5403.0,0.0,397.0,8.17,40.26,14.29,0.0,2.33,5.77
2020-03-28T17:00:00,8,Emilia-Romagna,3695,316,4011,5953,9964,603,795,1075,1344,12383,52991,0.0,0.0,0.0,0.0,0.0,0.0,0,0,8.0,234.0,242.0,115.0,77.0,5193.0,0.0,361.0,7.88,40.25,15.31,0.0,2.6,6.44
2020-03-29T17:00:00,8,Emilia-Romagna,3769,333,4102,6433,10535,571,736,1141,1443,13119,52991,0.0,0.0,0.0,0.0,0.0,0.0,0,0,17.0,74.0,91.0,66.0,99.0,0.0,0.0,480.0,8.12,38.94,0.0,0.0,5.38,5.73
2020-03-30T17:00:00,8,Emilia-Romagna,3779,351,4130,6636,10766,231,412,1227,1538,13531,50990,0.0,0.0,0.0,0.0,0.0,0.0,0,0,18.0,10.0,28.0,86.0,95.0,-2001.0,0.0,203.0,8.5,38.36,-20.59,0.0,5.41,2.19
2020-03-31T17:00:00,8,Emilia-Romagna,3765,353,4118,6835,10953,187,543,1477,1644,14074,54532,0.0,0.0,0.0,0.0,0.0,0.0,0,0,2.0,-14.0,-12.0,250.0,106.0,3542.0,0.0,199.0,8.57,37.6,15.33,0.0,0.57,1.74
2020-04-01T17:00:00,8,Emilia-Romagna,3898,359,4257,7232,11489,536,713,1566,1732,14787,58457,0.0,0.0,0.0,0.0,0.0,0.0,0,0,6.0,133.0,139.0,89.0,88.0,3925.0,0.0,397.0,8.43,37.05,18.17,0.0,1.7,4.89
2020-04-02T17:00:00,8,Emilia-Romagna,3944,366,4310,7549,11859,370,546,1663,1811,15333,60507,0.0,0.0,0.0,0.0,0.0,0.0,0,0,7.0,46.0,53.0,97.0,79.0,2050.0,0.0,317.0,8.49,36.34,26.63,0.0,1.95,3.22
2020-04-03T17:00:00,8,Emilia-Romagna,3915,364,4279,7899,12178,319,599,1852,1902,15932,63682,0.0,0.0,0.0,0.0,0.0,0.0,0,0,-2.0,-29.0,-31.0,189.0,91.0,3175.0,0.0,350.0,8.51,35.14,18.87,0.0,-0.55,2.69
2020-04-04T17:00:00,8,Emilia-Romagna,3859,358,4217,8306,12523,345,608,2040,1977,16540,67075,0.0,0.0,0.0,0.0,0.0,0.0,0,0,-6.0,-56.0,-62.0,188.0,75.0,3393.0,0.0,407.0,8.49,33.67,17.92,0.0,-1.65,2.83
2020-04-05T17:00:00,8,Emilia-Romagna,3839,375,4214,8623,12837,314,549,2201,2051,17089,69986,0.0,0.0,0.0,0.0,0.0,0.0,0,0,17.0,-20.0,-3.0,161.0,74.0,2911.0,0.0,317.0,8.9,32.83,18.86,0.0,4.75,2.51
2020-04-06T17:00:00,8,Emilia-Romagna,3804,372,4176,8875,13051,214,467,2397,2108,17556,72163,0.0,0.0,0.0,0.0,0.0,0.0,0,0,-3.0,-35.0,-38.0,196.0,57.0,2177.0,0.0,252.0,8.91,32.0,21.45,0.0,-0.8,1.67
2020-04-07T17:00:00,8,Emilia-Romagna,3750,366,4116,8932,13048,-3,269,2597,2180,17825,75191,0.0,0.0,0.0,0.0,0.0,0.0,0,0,-6.0,-54.0,-60.0,200.0,72.0,3028.0,0.0,57.0,8.89,31.55,8.88,0.0,-1.61,-0.02
2020-04-08T17:00:00,8,Emilia-Romagna,3769,361,4130,8980,13110,62,409,2890,2234,18234,78367,0.0,0.0,0.0,0.0,0.0,0.0,0,0,-5.0,19.0,14.0,293.0,54.0,3176.0,0.0,48.0,8.74,31.5,12.88,0.0,-1.37,0.48
2020-04-09T17:00:00,8,Emilia-Romagna,3722,355,4077,9181,13258,148,443,3103,2316,18677,81715,0.0,0.0,0.0,0.0,0.0,0.0,0,0,-6.0,-47.0,-53.0,213.0,82.0,3348.0,0.0,201.0,8.71,30.75,13.23,0.0,-1.66,1.13
2020-04-10T17:00:00,8,Emilia-Romagna,3596,349,3945,9405,13350,92,451,3381,2397,19128,85884,0.0,0.0,0.0,0.0,0.0,0.0,0,0,-6.0,-126.0,-132.0,278.0,81.0,4169.0,0.0,224.0,8.85,29.55,10.82,0.0,-1.69,0.69
2020-04-11T17:00:00,8,Emilia-Romagna,3530,341,3871,9624,13495,145,507,3659,2481,19635,91759,0.0,0.0,0.0,0.0,0.0,0.0,0,0,-8.0,-66.0,-74.0,278.0,84.0,5875.0,0.0,219.0,8.81,28.68,8.63,0.0,-2.29,1.09
2020-04-12T17:00:00,8,Emilia-Romagna,3491,335,3826,9846,13672,177,463,3862,2564,20098,96704,0.0,0.0,0.0,0.0,0.0,0.0,0,0,-6.0,-39.0,-45.0,203.0,83.0,4945.0,0.0,222.0,8.76,27.98,9.36,0.0,-1.76,1.31
2020-04-13T17:00:00,8,Emilia-Romagna,3490,331,3821,9997,13818,146,342,4007,2615,20440,99047,0.0,0.0,0.0,0.0,0.0,0.0,0,0,-4.0,-1.0,-5.0,145.0,51.0,2343.0,0.0,151.0,8.66,27.65,14.6,0.0,-1.19,1.07
2020-04-14T17:00:00,8,Emilia-Romagna,3473,328,3801,9977,13778,-40,312,4269,2705,20752,101896,0.0,0.0,0.0,0.0,0.0,0.0,0,0,-3.0,-17.0,-20.0,262.0,90.0,2849.0,0.0,-20.0,8.63,27.59,10.95,0.0,-0.91,-0.29
2020-04-15T17:00:00,8,Emilia-Romagna,3388,325,3713,9864,13577,-201,277,4664,2788,21029,106149,0.0,0.0,0.0,0.0,0.0,0.0,0,0,-3.0,-85.0,-88.0,395.0,83.0,4253.0,0.0,-113.0,8.75,27.35,6.51,0.0,-0.91,-1.46
2020-04-16T17:00:00,8,Emilia-Romagna,3360,316,3676,9987,13663,86,457,4980,2843,21486,112105,0.0,0.0,0.0,0.0,0.0,0.0,0,0,-9.0,-28.0,-37.0,316.0,55.0,5956.0,0.0,123.0,8.6,26.9,7.67,0.0,-2.77,0.63
2020-04-17T17:00:00,8,Emilia-Romagna,3330,309,3639,9946,13585,-78,348,5346,2903,21834,116826,0.0,0.0,0.0,0.0,0.0,0.0,0,0,-7.0,-30.0,-37.0,366.0,60.0,4721.0,0.0,-41.0,8.49,26.79,7.37,0.0,-2.22,-0.57
2020-04-18T17:00:00,8,Emilia-Romagna,3234,296,3530,10054,13584,-1,350,5635,2965,22184,121220,0.0,0.0,0.0,0.0,0.0,0.0,0,0,-13.0,-96.0,-109.0,289.0,62.0,4394.0,0.0,108.0,8.39,25.99,7.97,0.0,-4.21,-0.01
2020-04-19T17:00:00,8,Emilia-Romagna,3166,289,3455,10097,13552,-32,376,5985,3023,22560,124916,88776.0,0.0,0.0,0.0,0.0,0.0,0,0,-7.0,-68.0,-75.0,350.0,58.0,3696.0,0.0,43.0,8.36,25.49,10.17,0.0,-2.36,-0.24
2020-04-20T17:00:00,8,Emilia-Romagna,3144,283,3427,10095,13522,-30,307,6266,3079,22867,129530,90894.0,0.0,0.0,0.0,0.0,0.0,0,0,-6.0,-22.0,-28.0,281.0,56.0,4614.0,2118.0,-2.0,8.26,25.34,6.65,14.49,-2.08,-0.22
2020-04-21T17:00:00,8,Emilia-Romagna,3045,282,3327,9917,13244,-278,225,6701,3147,23092,134878,93367.0,0.0,0.0,0.0,0.0,0.0,0,0,-1.0,-99.0,-100.0,435.0,68.0,5348.0,2473.0,-178.0,8.48,25.12,4.21,9.1,-0.35,-2.06
2020-04-22T17:00:00,8,Emilia-Romagna,2964,282,3246,9838,13084,-160,342,7146,3204,23434,140874,96824.0,0.0,0.0,0.0,0.0,0.0,0,0,0.0,-81.0,-81.0,445.0,57.0,5996.0,3457.0,-79.0,8.69,24.81,5.7,9.89,0.0,-1.21
2020-04-23T17:00:00,8,Emilia-Romagna,2889,266,3155,9690,12845,-239,289,7609,3269,23723,146146,99714.0,0.0,0.0,0.0,0.0,0.0,0,0,-16.0,-75.0,-91.0,463.0,65.0,5272.0,2890.0,-148.0,8.43,24.56,5.48,10.0,-5.67,-1.83
2020-04-24T17:00:00,8,Emilia-Romagna,2807,264,3071,9438,12509,-336,247,8158,3303,23970,151505,102495.0,0.0,0.0,0.0,0.0,0.0,0,0,-2.0,-82.0,-84.0,549.0,34.0,5359.0,2781.0,-252.0,8.6,24.55,4.61,8.88,-0.75,-2.62
2020-04-25T17:00:00,8,Emilia-Romagna,2718,246,2964,9383,12347,-162,239,8515,3347,24209,156883,105628.0,0.0,0.0,0.0,0.0,0.0,0,0,-18.0,-89.0,-107.0,357.0,44.0,5378.0,3133.0,-55.0,8.3,24.01,4.44,7.63,-6.82,-1.3
2020-04-26T17:00:00,8,Emilia-Romagna,2695,245,2940,9401,12341,-6,241,8723,3386,24450,161928,109192.0,0.0,0.0,0.0,0.0,0.0,0,0,-1.0,-23.0,-24.0,208.0,39.0,5045.0,3564.0,18.0,8.33,23.82,4.78,6.76,-0.41,-0.05
2020-04-27T17:00:00,8,Emilia-Romagna,2640,247,2887,9338,12225,-116,212,9006,3431,24662,164979,111041.0,0.0,0.0,0.0,0.0,0.0,0,0,2.0,-55.0,-53.0,283.0,45.0,3051.0,1849.0,-63.0,8.56,23.62,6.95,11.47,0.82,-0.94
2020-04-28T17:00:00,8,Emilia-Romagna,2574,228,2802,9201,12003,-222,252,9439,3472,24914,172589,116624.0,0.0,0.0,0.0,0.0,0.0,0,0,-19.0,-66.0,-85.0,433.0,41.0,7610.0,5583.0,-137.0,8.14,23.34,3.31,4.51,-7.69,-1.82
2020-04-29T17:00:00,8,Emilia-Romagna,2527,226,2753,9109,11862,-141,263,9803,3512,25177,176865,118881.0,0.0,0.0,0.0,0.0,0.0,0,0,-2.0,-47.0,-49.0,364.0,40.0,4276.0,2257.0,-92.0,8.21,23.21,6.15,11.65,-0.88,-1.17
2020-04-30T17:00:00,8,Emilia-Romagna,2146,206,2352,7211,9563,-2299,259,12322,3551,25436,182857,122430.0,0.0,0.0,0.0,0.0,0.0,0,0,-20.0,-381.0,-401.0,2519.0,39.0,5992.0,3549.0,-1898.0,8.76,24.59,4.32,7.3,-8.85,-19.38
2020-05-01T17:00:00,8,Emilia-Romagna,2112,197,2309,7175,9484,-79,208,12581,3579,25644,188264,125636.0,0.0,0.0,0.0,0.0,0.0,0,0,-9.0,-34.0,-43.0,259.0,28.0,5407.0,3206.0,-36.0,8.53,24.35,3.85,6.49,-4.37,-0.83
2020-05-02T17:00:00,8,Emilia-Romagna,2033,196,2229,7094,9323,-161,206,12913,3614,25850,192135,128005.0,0.0,0.0,0.0,0.0,0.0,0,0,-1.0,-79.0,-80.0,332.0,35.0,3871.0,2369.0,-81.0,8.79,23.91,5.32,8.7,-0.51,-1.7
2020-05-03T17:00:00,8,Emilia-Romagna,1997,197,2194,6851,9045,-278,166,13329,3642,26016,197075,131047.0,0.0,0.0,0.0,0.0,0.0,0,0,1.0,-36.0,-35.0,416.0,28.0,4940.0,3042.0,-243.0,8.98,24.26,3.36,5.46,0.51,-2.98
2020-05-04T17:00:00,8,Emilia-Romagna,1968,199,2167,6817,8984,-61,159,13525,3666,26175,200427,133329.0,0.0,0.0,0.0,0.0,0.0,0,0,2.0,-29.0,-27.0,196.0,24.0,3352.0,2282.0,-34.0,9.18,24.12,4.74,6.97,1.02,-0.67
2020-05-05T17:00:00,8,Emilia-Romagna,1917,191,2108,6573,8681,-303,100,13889,3705,26275,206166,136310.0,0.0,0.0,0.0,0.0,0.0,0,0,-8.0,-51.0,-59.0,364.0,39.0,5739.0,2981.0,-244.0,9.06,24.28,1.74,3.35,-4.02,-3.37
2020-05-06T17:00:00,8,Emilia-Romagna,1816,176,1992,6399,8391,-290,104,14251,3737,26379,211652,138871.0,0.0,0.0,0.0,0.0,0.0,0,0,-15.0,-101.0,-116.0,362.0,32.0,5486.0,2561.0,-174.0,8.84,23.74,1.9,4.06,-7.85,-3.34
2020-05-07T17:00:00,8,Emilia-Romagna,1726,173,1899,6112,8011,-380,108,14710,3766,26487,217039,141468.0,0.0,0.0,0.0,0.0,0.0,0,0,-3.0,-90.0,-93.0,459.0,29.0,5387.0,2597.0,-287.0,9.11,23.7,2.0,4.16,-1.7,-4.53
2020-05-08T17:00:00,8,Emilia-Romagna,1680,163,1843,5887,7730,-281,111,15071,3797,26598,221866,144009.0,0.0,0.0,0.0,0.0,0.0,0,0,-10.0,-46.0,-56.0,361.0,31.0,4827.0,2541.0,-225.0,8.84,23.84,2.3,4.37,-5.78,-3.51
2020-05-09T17:00:00,8,Emilia-Romagna,1604,155,1759,5642,7401,-329,121,15491,3827,26719,227366,146642.0,0.0,0.0,0.0,0.0,0.0,0,0,-8.0,-76.0,-84.0,420.0,30.0,5500.0,2633.0,-245.0,8.81,23.77,2.2,4.6,-4.91,-4.26
2020-05-10T17:00:00,8,Emilia-Romagna,1562,150,1712,5479,7191,-210,77,15760,3845,26796,231637,149276.0,0.0,0.0,0.0,0.0,0.0,0,0,-5.0,-42.0,-47.0,269.0,18.0,4271.0,2634.0,-163.0,8.76,23.81,1.8,2.92,-3.23,-2.84
2020-05-11T17:00:00,8,Emilia-Romagna,1537,141,1678,5362,7040,-151,80,15969,3867,26876,234619,151040.0,0.0,0.0,0.0,0.0,0.0,0,0,-9.0,-25.0,-34.0,209.0,22.0,2982.0,1764.0,-117.0,8.4,23.84,2.68,4.54,-6.0,-2.1
2020-05-12T17:00:00,8,Emilia-Romagna,1384,136,1520,5281,6801,-239,53,16243,3885,26929,239178,153074.0,0.0,0.0,0.0,0.0,0.0,0,0,-5.0,-153.0,-158.0,274.0,18.0,4559.0,2034.0,-81.0,8.95,22.35,1.16,2.61,-3.55,-3.39
2020-05-13T17:00:00,8,Emilia-Romagna,1165,123,1288,5214,6502,-299,50,16572,3905,26979,243883,155476.0,0.0,0.0,0.0,0.0,0.0,0,0,-13.0,-219.0,-232.0,329.0,20.0,4705.0,2402.0,-67.0,9.55,19.81,1.06,2.08,-9.56,-4.4
2020-05-14T17:00:00,8,Emilia-Romagna,861,122,983,5318,6301,-201,77,16825,3930,27056,248591,158371.0,0.0,0.0,0.0,0.0,0.0,0,0,-1.0,-304.0,-305.0,253.0,25.0,4708.0,2895.0,104.0,12.41,15.6,1.64,2.66,-0.81,-3.09
2020-05-15T17:00:00,8,Emilia-Romagna,763,114,877,5124,6001,-300,54,17166,3943,27110,253497,160622.0,0.0,0.0,0.0,0.0,0.0,0,0,-8.0,-98.0,-106.0,341.0,13.0,4906.0,2251.0,-194.0,13.0,14.61,1.1,2.4,-6.56,-4.76
2020-05-16T17:00:00,8,Emilia-Romagna,740,112,852,5000,5852,-149,72,17370,3960,27182,258274,163067.0,0.0,0.0,0.0,0.0,0.0,0,0,-2.0,-23.0,-25.0,204.0,17.0,4777.0,2445.0,-124.0,13.15,14.56,1.51,2.94,-1.75,-2.48
2020-05-17T17:00:00,8,Emilia-Romagna,721,111,832,4824,5656,-196,50,17603,3973,27232,261106,163117.0,0.0,0.0,0.0,0.0,0.0,0,0,-1.0,-19.0,-20.0,233.0,13.0,2832.0,50.0,-176.0,13.34,14.71,1.77,100.0,-0.89,-3.35
2020-05-18T17:00:00,8,Emilia-Romagna,708,105,813,4712,5525,-131,35,17756,3986,27267,263888,166240.0,0.0,0.0,0.0,0.0,0.0,0,0,-6.0,-13.0,-19.0,153.0,13.0,2782.0,3123.0,-112.0,12.92,14.71,1.26,1.12,-5.41,-2.32
2020-05-19T17:00:00,8,Emilia-Romagna,670,99,769,4561,5330,-195,47,17987,3997,27314,268200,168367.0,0.0,0.0,0.0,0.0,0.0,0,0,-6.0,-38.0,-44.0,231.0,11.0,4312.0,2127.0,-151.0,12.87,14.43,1.09,2.21,-5.71,-3.53
2020-05-20T17:00:00,8,Emilia-Romagna,626,96,722,4376,5098,-232,50,18258,4008,27364,274362,171903.0,0.0,0.0,0.0,0.0,0.0,0,0,-3.0,-44.0,-47.0,271.0,11.0,6162.0,3536.0,-185.0,13.3,14.16,0.81,1.41,-3.03,-4.35
2020-05-21T17:00:00,8,Emilia-Romagna,592,92,684,4242,4926,-172,53,18466,4025,27417,278917,174485.0,0.0,0.0,0.0,0.0,0.0,0,0,-4.0,-34.0,-38.0,208.0,17.0,4555.0,2582.0,-134.0,13.45,13.89,1.16,2.05,-4.17,-3.37
2020-05-22T17:00:00,8,Emilia-Romagna,552,89,641,4089,4730,-196,53,18703,4037,27470,282857,176464.0,0.0,0.0,0.0,0.0,0.0,0,0,-3.0,-40.0,-43.0,237.0,12.0,3940.0,1979.0,-153.0,13.88,13.55,1.35,2.68,-3.26,-3.98
2020-05-23T17:00:00,8,Emilia-Romagna,524,84,608,3962,4570,-160,43,18896,4047,27513,287382,179022.0,0.0,0.0,0.0,0.0,0.0,0,0,-5.0,-28.0,-33.0,193.0,10.0,4525.0,2558.0,-127.0,13.82,13.3,0.95,1.68,-5.62,-3.38
2020-05-24T17:00:00,8,Emilia-Romagna,519,83,602,3855,4457,-113,45,19046,4055,27558,291876,182002.0,0.0,0.0,0.0,0.0,0.0,0,0,-1.0,-5.0,-6.0,150.0,8.0,4494.0,2980.0,-107.0,13.79,13.51,1.0,1.51,-1.19,-2.47
2020-05-25T17:00:00,8,Emilia-Romagna,514,82,596,3763,4359,-98,29,19160,4068,27587,294181,183187.0,0.0,0.0,0.0,0.0,0.0,0,0,-1.0,-5.0,-6.0,114.0,13.0,2305.0,1185.0,-92.0,13.76,13.67,1.26,2.45,-1.2,-2.2
2020-05-26T17:00:00,8,Emilia-Romagna,493,80,573,3573,4146,-213,24,19389,4076,27611,297854,185125.0,0.0,0.0,0.0,0.0,0.0,0,0,-2.0,-21.0,-23.0,229.0,8.0,3673.0,1938.0,-190.0,13.96,13.82,0.65,1.24,-2.44,-4.89
2020-05-27T17:00:00,8,Emilia-Romagna,459,78,537,3461,3998,-148,16,19546,4083,27627,301568,186933.0,0.0,0.0,0.0,0.0,0.0,0,0,-2.0,-34.0,-36.0,157.0,7.0,3714.0,1808.0,-112.0,14.53,13.43,0.43,0.88,-2.5,-3.57
2020-05-28T17:00:00,8,Emilia-Romagna,449,77,526,3224,3750,-248,74,19857,4094,27701,310696,191112.0,0.0,0.0,0.0,0.0,0.0,0,0,-1.0,-10.0,-11.0,311.0,11.0,9128.0,4179.0,-237.0,14.64,14.03,0.81,1.77,-1.28,-6.2
2020-05-29T17:00:00,8,Emilia-Romagna,429,76,505,3059,3564,-186,38,20073,4102,27739,316909,193318.0,0.0,0.0,0.0,0.0,0.0,0,0,-1.0,-20.0,-21.0,216.0,8.0,6213.0,2206.0,-165.0,15.05,14.17,0.61,1.72,-1.3,-4.96
2020-05-30T17:00:00,8,Emilia-Romagna,398,65,463,2816,3279,-285,20,20373,4107,27759,321373,195492.0,0.0,0.0,0.0,0.0,0.0,0,0,-11.0,-31.0,-42.0,300.0,5.0,4464.0,2174.0,-243.0,14.04,14.12,0.45,0.92,-14.47,-8.0
2020-05-31T17:00:00,8,Emilia-Romagna,393,57,450,2713,3163,-116,31,20513,4114,27790,325482,197423.0,0.0,0.0,0.0,0.0,0.0,0,0,-8.0,-5.0,-13.0,140.0,7.0,4109.0,1931.0,-103.0,12.67,14.23,0.75,1.61,-12.31,-3.54
2020-06-01T17:00:00,8,Emilia-Romagna,383,54,437,2631,3068,-95,19,20617,4124,27809,329358,198884.0,0.0,0.0,0.0,0.0,0.0,0,0,-3.0,-10.0,-13.0,104.0,10.0,3876.0,1461.0,-82.0,12.36,14.24,0.49,1.3,-5.26,-3.0
2020-06-02T17:00:00,8,Emilia-Romagna,358,50,408,2504,2912,-156,19,20780,4136,27828,333629,201267.0,0.0,0.0,0.0,0.0,0.0,0,0,-4.0,-25.0,-29.0,163.0,12.0,4271.0,2383.0,-127.0,12.25,14.01,0.44,0.8,-7.41,-5.08
2020-06-03T17:00:00,8,Emilia-Romagna,342,50,392,2447,2839,-73,14,20856,4147,27842,336630,202506.0,0.0,0.0,0.0,0.0,0.0,0,0,0.0,-16.0,-16.0,76.0,11.0,3001.0,1239.0,-57.0,12.76,13.81,0.47,1.13,0.0,-2.51
2020-06-04T17:00:00,8,Emilia-Romagna,320,49,369,2319,2688,-151,18,21018,4154,27860,341710,204614.0,0.0,0.0,0.0,0.0,0.0,0,0,-1.0,-22.0,-23.0,162.0,7.0,5080.0,2108.0,-128.0,13.28,13.73,0.35,0.85,-2.0,-5.32
2020-06-05T17:00:00,8,Emilia-Romagna,281,38,319,2193,2512,-176,17,21198,4167,27877,347146,207533.0,0.0,0.0,0.0,0.0,0.0,0,0,-11.0,-39.0,-50.0,180.0,13.0,5436.0,2919.0,-126.0,11.91,12.7,0.31,0.58,-22.45,-6.55
2020-06-06T17:00:00,8,Emilia-Romagna,256,35,291,2125,2416,-96,17,21307,4171,27894,351146,210719.0,0.0,0.0,0.0,0.0,0.0,0,0,-3.0,-25.0,-28.0,109.0,4.0,4000.0,3186.0,-68.0,12.03,12.04,0.43,0.53,-7.89,-3.82
2020-06-07T17:00:00,8,Emilia-Romagna,245,32,277,2051,2328,-88,14,21405,4175,27908,355952,213979.0,0.0,0.0,0.0,0.0,0.0,0,0,-3.0,-11.0,-14.0,98.0,4.0,4806.0,3260.0,-74.0,11.55,11.9,0.29,0.43,-8.57,-3.64
2020-06-08T17:00:00,8,Emilia-Romagna,239,31,270,2012,2282,-46,20,21467,4179,27928,360962,215416.0,0.0,0.0,0.0,0.0,0.0,0,0,-1.0,-6.0,-7.0,62.0,4.0,5010.0,1437.0,-39.0,11.48,11.83,0.4,1.39,-3.12,-1.98
2020-06-09T17:00:00,8,Emilia-Romagna,226,31,257,1899,2156,-126,18,21605,4185,27946,367485,218890.0,0.0,0.0,0.0,0.0,0.0,0,0,0.0,-13.0,-13.0,138.0,6.0,6523.0,3474.0,-113.0,12.06,11.92,0.28,0.52,0.0,-5.52
2020-06-10T17:00:00,8,Emilia-Romagna,228,25,253,1808,2061,-95,24,21717,4192,27970,375278,223413.0,0.0,0.0,0.0,0.0,0.0,0,0,-6.0,2.0,-4.0,112.0,7.0,7793.0,4523.0,-91.0,9.88,12.28,0.31,0.53,-19.35,-4.41
2020-06-11T17:00:00,8,Emilia-Romagna,216,18,234,1766,2000,-61,25,21803,4192,27995,385220,227500.0,0.0,0.0,0.0,0.0,0.0,0,0,-7.0,-12.0,-19.0,86.0,0.0,9942.0,4087.0,-42.0,7.69,11.7,0.25,0.61,-28.0,-2.96
2020-06-12T17:00:00,8,Emilia-Romagna,200,17,217,1600,1817,-183,33,22015,4196,28028,393539,231752.0,0.0,0.0,0.0,0.0,0.0,0,0,-1.0,-16.0,-17.0,212.0,4.0,8319.0,4252.0,-166.0,7.83,11.94,0.4,0.78,-5.56,-9.15
2020-06-13T17:00:00,8,Emilia-Romagna,192,15,207,1520,1727,-90,28,22130,4199,28056,400902,237236.0,0.0,0.0,0.0,0.0,0.0,0,0,-2.0,-8.0,-10.0,115.0,3.0,7363.0,5484.0,-80.0,7.25,11.99,0.38,0.51,-11.76,-4.95
2020-06-14T17:00:00,8,Emilia-Romagna,192,14,206,1431,1637,-90,17,22232,4204,28073,407039,241833.0,0.0,0.0,0.0,0.0,0.0,0,0,-1.0,0.0,-1.0,102.0,5.0,6137.0,4597.0,-89.0,6.8,12.58,0.28,0.37,-6.67,-5.21
2020-06-15T17:00:00,8,Emilia-Romagna,188,13,201,1299,1500,-137,11,22377,4207,28084,410984,244630.0,0.0,0.0,0.0,0.0,0.0,0,0,-1.0,-4.0,-5.0,145.0,3.0,3945.0,2797.0,-132.0,6.47,13.4,0.28,0.39,-7.14,-8.37
2020-06-16T17:00:00,8,Emilia-Romagna,180,11,191,1214,1405,-95,13,22483,4209,28097,417184,247911.0,0.0,0.0,0.0,0.0,0.0,0,0,-2.0,-8.0,-10.0,106.0,2.0,6200.0,3281.0,-85.0,5.76,13.59,0.21,0.4,-15.38,-6.33
2020-06-17T17:00:00,8,Emilia-Romagna,173,11,184,1161,1345,-60,14,22551,4215,28111,426730,252139.0,0.0,0.0,0.0,0.0,0.0,0,0,0.0,-7.0,-7.0,68.0,6.0,9546.0,4228.0,-53.0,5.98,13.68,0.15,0.33,0.0,-4.27
2020-06-18T17:00:00,8,Emilia-Romagna,159,11,170,1111,1281,-64,32,22643,4219,28143,435351,256490.0,0.0,0.0,0.0,0.0,0.0,0,0,0.0,-14.0,-14.0,92.0,4.0,8621.0,4351.0,-50.0,6.47,13.27,0.37,0.74,0.0,-4.76
2020-06-19T17:00:00,8,Emilia-Romagna,145,11,156,1063,1219,-62,27,22727,4224,28170,443301,261017.0,0.0,0.0,0.0,0.0,0.0,0,0,0.0,-14.0,-14.0,84.0,5.0,7950.0,4527.0,-48.0,7.05,12.8,0.34,0.6,0.0,-4.84
2020-06-20T17:00:00,8,Emilia-Romagna,140,11,151,1056,1207,-12,28,22761,4230,28198,449616,266062.0,0.0,0.0,0.0,0.0,0.0,0,0,0.0,-5.0,-5.0,34.0,6.0,6315.0,5045.0,-7.0,7.28,12.51,0.44,0.56,0.0,-0.98
2020-06-21T17:00:00,8,Emilia-Romagna,131,12,143,1029,1172,-35,23,22818,4231,28221,453854,270279.0,0.0,0.0,0.0,0.0,0.0,0,0,1.0,-9.0,-8.0,57.0,1.0,4238.0,4217.0,-27.0,8.39,12.2,0.54,0.55,9.09,-2.9
2020-06-22T17:00:00,8,Emilia-Romagna,129,12,141,1013,1154,-18,22,22854,4235,28243,455992,271706.0,0.0,0.0,0.0,0.0,0.0,0,0,0.0,-2.0,-2.0,36.0,4.0,2138.0,1427.0,-16.0,8.51,12.22,1.03,1.54,0.0,-1.54
2020-06-23T17:00:00,8,Emilia-Romagna,121,12,133,956,1089,-65,17,22935,4236,28260,460600,273800.0,0.0,0.0,0.0,0.0,0.0,0,0,0.0,-8.0,-8.0,81.0,1.0,4608.0,2094.0,-57.0,9.02,12.21,0.37,0.81,0.0,-5.63
2020-06-24T17:00:00,8,Emilia-Romagna,117,12,129,945,1074,-15,44,22985,4245,28304,466612,277700.0,0.0,0.0,0.0,0.0,0.0,0,0,0.0,-4.0,-4.0,50.0,9.0,6012.0,3900.0,-11.0,9.3,12.01,0.73,1.13,0.0,-1.38
2020-06-25T17:00:00,8,Emilia-Romagna,114,11,125,943,1068,-6,47,23034,4249,28351,474450,282325.0,0.0,0.0,0.0,0.0,0.0,0,0,-1.0,-3.0,-4.0,49.0,4.0,7838.0,4625.0,-2.0,8.8,11.7,0.6,1.02,-8.33,-0.56
2020-06-26T17:00:00,8,Emilia-Romagna,109,12,121,923,1044,-24,46,23097,4252,28393,478941,285701.0,0.0,0.0,0.0,0.0,0.0,0,0,1.0,-5.0,-4.0,63.0,3.0,4491.0,3376.0,-20.0,9.92,11.59,1.02,1.36,9.09,-2.25
2020-06-27T17:00:00,8,Emilia-Romagna,106,11,117,924,1041,-3,42,23142,4252,28435,483309,288719.0,0.0,0.0,0.0,0.0,0.0,0,0,-1.0,-3.0,-4.0,45.0,0.0,4368.0,3018.0,1.0,9.4,11.24,0.96,1.39,-8.33,-0.29
2020-06-28T17:00:00,8,Emilia-Romagna,108,12,120,922,1042,1,21,23161,4253,28456,486730,291041.0,0.0,0.0,0.0,0.0,0.0,0,0,1.0,2.0,3.0,19.0,1.0,3421.0,2322.0,-2.0,10.0,11.52,0.61,0.9,9.09,0.1
2020-06-29T17:00:00,8,Emilia-Romagna,111,12,123,909,1032,-10,16,23185,4255,28472,489451,292851.0,0.0,0.0,0.0,0.0,0.0,0,0,0.0,3.0,3.0,24.0,2.0,2721.0,1810.0,-13.0,9.76,11.92,0.59,0.88,0.0,-0.96
2020-06-30T17:00:00,8,Emilia-Romagna,108,12,120,890,1010,-22,20,23222,4260,28492,495544,296112.0,0.0,0.0,0.0,0.0,0.0,0,0,0.0,-3.0,-3.0,37.0,5.0,6093.0,3261.0,-19.0,10.0,11.88,0.33,0.61,0.0,-2.13
2020-07-01T17:00:00,8,Emilia-Romagna,104,10,114,888,1002,-8,16,23242,4264,28508,499426,298840.0,0.0,0.0,0.0,0.0,0.0,0,0,-2.0,-4.0,-6.0,20.0,4.0,3882.0,2728.0,-2.0,8.77,11.38,0.41,0.59,-16.67,-0.79
2020-07-02T17:00:00,8,Emilia-Romagna,96,9,105,898,1003,1,27,23267,4265,28535,504288,301588.0,0.0,0.0,0.0,0.0,0.0,0,0,-1.0,-8.0,-9.0,25.0,1.0,4862.0,2748.0,10.0,8.57,10.47,0.56,0.98,-10.0,0.1
2020-07-03T17:00:00,8,Emilia-Romagna,87,9,96,915,1011,8,27,23284,4267,28562,508691,304202.0,0.0,0.0,0.0,0.0,0.0,0,0,0.0,-9.0,-9.0,17.0,2.0,4403.0,2614.0,17.0,9.38,9.5,0.61,1.03,0.0,0.8
2020-07-04T17:00:00,8,Emilia-Romagna,88,8,96,941,1037,26,51,23309,4267,28613,514204,307615.0,0.0,0.0,0.0,0.0,0.0,0,0,-1.0,1.0,0.0,25.0,0.0,5513.0,3413.0,26.0,8.33,9.26,0.93,1.49,-11.11,2.57
2020-07-05T17:00:00,8,Emilia-Romagna,88,9,97,932,1029,-8,24,23340,4268,28637,517215,309970.0,0.0,0.0,0.0,0.0,0.0,0,0,1.0,0.0,1.0,31.0,1.0,3011.0,2355.0,-9.0,9.28,9.43,0.8,1.02,12.5,-0.77
2020-07-06T17:00:00,8,Emilia-Romagna,90,9,99,965,1064,35,38,23343,4268,28675,519586,311431.0,0.0,0.0,0.0,0.0,0.0,0,0,0.0,2.0,2.0,3.0,0.0,2371.0,1461.0,33.0,9.09,9.3,1.6,2.6,0.0,3.4
2020-07-07T17:00:00,8,Emilia-Romagna,98,10,108,952,1060,-4,31,23377,4269,28706,526212,314717.0,0.0,0.0,0.0,0.0,0.0,0,0,1.0,8.0,9.0,34.0,1.0,6626.0,3286.0,-13.0,9.26,10.19,0.47,0.94,11.11,-0.38
2020-07-08T17:00:00,8,Emilia-Romagna,99,10,109,962,1071,11,49,23415,4269,28755,531089,317517.0,0.0,0.0,0.0,0.0,0.0,0,0,0.0,1.0,1.0,38.0,0.0,4877.0,2800.0,10.0,9.17,10.18,1.0,1.75,0.0,1.04
2020-07-09T17:00:00,8,Emilia-Romagna,96,10,106,960,1066,-5,29,23434,4269,28769,536432,320516.0,0.0,0.0,0.0,0.0,0.0,0,0,0.0,-3.0,-3.0,19.0,0.0,5343.0,2999.0,-2.0,9.43,9.94,0.54,0.97,0.0,-0.47
2020-07-10T17:00:00,8,Emilia-Romagna,96,10,106,1007,1113,47,53,23440,4269,28822,540614,322910.0,0.0,0.0,0.0,0.0,0.0,0,0,0.0,0.0,0.0,6.0,0.0,4182.0,2394.0,47.0,9.43,9.52,1.27,2.21,0.0,4.41
2020-07-11T17:00:00,8,Emilia-Romagna,93,10,103,1016,1119,6,47,23481,4269,28869,544888,325438.0,0.0,0.0,0.0,0.0,0.0,0,0,0.0,-3.0,-3.0,41.0,0.0,4274.0,2528.0,9.0,9.71,9.2,1.1,1.86,0.0,0.54
2020-07-12T17:00:00,8,Emilia-Romagna,93,10,103,1077,1180,61,71,23491,4269,28940,547863,327651.0,0.0,0.0,0.0,0.0,0.0,0,0,0.0,0.0,0.0,10.0,0.0,2975.0,2213.0,61.0,9.71,8.73,2.39,3.21,0.0,5.45
2020-07-13T17:00:00,8,Emilia-Romagna,93,9,102,1091,1193,13,18,23496,4269,28958,549870,328603.0,0.0,0.0,0.0,0.0,0.0,0,0,-1.0,0.0,-1.0,5.0,0.0,2007.0,952.0,14.0,8.82,8.55,0.9,1.89,-10.0,1.1
2020-07-14T17:00:00,8,Emilia-Romagna,93,9,102,1087,1189,-4,13,23511,4271,28971,554781,330870.0,0.0,0.0,0.0,0.0,0.0,0,0,0.0,0.0,0.0,15.0,2.0,4911.0,2267.0,-4.0,8.82,8.58,0.26,0.57,0.0,-0.34
2020-07-15T17:00:00,8,Emilia-Romagna,88,9,97,1073,1170,-19,18,23548,4271,28989,558766,333415.0,0.0,0.0,0.0,0.0,0.0,0,0,0.0,-5.0,-5.0,37.0,0.0,3985.0,2545.0,-14.0,9.28,8.29,0.45,0.71,0.0,-1.6
2020-07-16T17:00:00,8,Emilia-Romagna,88,9,97,1101,1198,28,46,23566,4271,29035,563225,336154.0,0.0,0.0,0.0,0.0,0.0,0,0,0.0,0.0,0.0,18.0,0.0,4459.0,2739.0,28.0,9.28,8.1,1.03,1.68,0.0,2.39
2020-07-17T17:00:00,8,Emilia-Romagna,87,8,95,1133,1228,30,54,23586,4273,29087,568779,339384.0,0.0,0.0,0.0,0.0,0.0,0,0,-1.0,-1.0,-2.0,20.0,2.0,5554.0,3230.0,32.0,8.42,7.74,0.97,1.67,-11.11,2.5
2020-07-18T17:00:00,8,Emilia-Romagna,85,8,93,1141,1234,6,40,23619,4274,29127,573554,342592.0,0.0,0.0,0.0,0.0,0.0,0,0,0.0,-2.0,-2.0,33.0,1.0,4775.0,3208.0,8.0,8.6,7.54,0.84,1.25,0.0,0.49
2020-07-19T17:00:00,8,Emilia-Romagna,81,8,89,1177,1266,32,51,23638,4274,29178,576284,344582.0,0.0,0.0,0.0,0.0,0.0,0,0,0.0,-4.0,-4.0,19.0,0.0,2730.0,1990.0,36.0,8.99,7.03,1.87,2.56,0.0,2.59
2020-07-20T17:00:00,8,Emilia-Romagna,91,6,97,1201,1298,32,42,23645,4277,29220,578586,346535.0,0.0,0.0,0.0,0.0,0.0,0,0,-2.0,10.0,8.0,7.0,3.0,2302.0,1953.0,24.0,6.19,7.47,1.82,2.15,-25.0,2.53
2020-07-21T17:00:00,8,Emilia-Romagna,85,6,91,1206,1297,-1,18,23662,4279,29238,583968,349522.0,0.0,0.0,0.0,0.0,0.0,0,0,0.0,-6.0,-6.0,17.0,2.0,5382.0,2987.0,5.0,6.59,7.02,0.33,0.6,0.0,-0.08
2020-07-22T17:00:00,8,Emilia-Romagna,81,7,88,1237,1325,28,57,23689,4281,29295,591704,352794.0,0.0,0.0,0.0,0.0,0.0,0,0,1.0,-4.0,-3.0,27.0,2.0,7736.0,3272.0,31.0,7.95,6.64,0.74,1.74,16.67,2.16
2020-07-23T17:00:00,8,Emilia-Romagna,79,6,85,1265,1350,25,55,23719,4281,29350,597289,357173.0,0.0,0.0,0.0,0.0,0.0,0,0,-1.0,-2.0,-3.0,30.0,0.0,5585.0,4379.0,28.0,7.06,6.3,0.98,1.26,-14.29,1.89
2020-07-24T17:00:00,8,Emilia-Romagna,79,4,83,1289,1372,22,63,23758,4283,29413,603288,361148.0,0.0,0.0,0.0,0.0,0.0,0,0,-2.0,0.0,-2.0,39.0,2.0,5999.0,3975.0,24.0,4.82,6.05,1.05,1.58,-33.33,1.63
2020-07-25T17:00:00,8,Emilia-Romagna,78,4,82,1317,1399,27,49,23778,4284,29461,609845,364681.0,0.0,0.0,0.0,0.0,0.0,0,0,0.0,-1.0,-1.0,20.0,1.0,6557.0,3533.0,28.0,4.88,5.86,0.75,1.39,0.0,1.97
2020-07-26T17:00:00,8,Emilia-Romagna,75,4,79,1365,1444,45,61,23793,4285,29522,612985,367597.0,0.0,0.0,0.0,0.0,0.0,0,0,0.0,-3.0,-3.0,15.0,1.0,3140.0,2916.0,48.0,5.06,5.47,1.94,2.09,0.0,3.22
2020-07-27T17:00:00,8,Emilia-Romagna,77,4,81,1375,1456,12,33,23814,4285,29555,617813,375850.0,0.0,0.0,0.0,0.0,0.0,0,0,0.0,2.0,2.0,21.0,0.0,4828.0,8253.0,10.0,4.94,5.56,0.68,0.4,0.0,0.83
2020-07-28T17:00:00,8,Emilia-Romagna,72,3,75,1384,1459,3,20,23830,4286,29575,625962,379540.0,0.0,0.0,0.0,0.0,0.0,0,0,-1.0,-5.0,-6.0,16.0,1.0,8149.0,3690.0,9.0,4.0,5.14,0.25,0.54,-25.0,0.21
2020-07-29T17:00:00,8,Emilia-Romagna,66,3,69,1382,1451,-8,28,23865,4287,29603,634280,384747.0,0.0,0.0,0.0,0.0,0.0,0,0,0.0,-6.0,-6.0,35.0,1.0,8318.0,5207.0,-2.0,4.35,4.76,0.34,0.54,0.0,-0.55
2020-07-30T17:00:00,8,Emilia-Romagna,65,4,69,1402,1471,20,35,23874,4289,29634,644350,390738.0,0.0,0.0,0.0,0.0,0.0,0,0,1.0,-1.0,0.0,9.0,2.0,10070.0,5991.0,20.0,5.8,4.69,0.35,0.58,33.33,1.38
2020-07-31T17:00:00,8,Emilia-Romagna,59,4,63,1433,1496,25,36,23885,4289,29670,655330,395936.0,0.0,0.0,0.0,0.0,0.0,0,0,0.0,-6.0,-6.0,11.0,0.0,10980.0,5198.0,31.0,6.35,4.21,0.33,0.69,0.0,1.7
2020-08-01T17:00:00,8,Emilia-Romagna,67,4,71,1439,1510,14,56,23925,4291,29726,665741,402424.0,0.0,0.0,0.0,0.0,0.0,0,0,0.0,8.0,8.0,40.0,2.0,10411.0,6488.0,6.0,5.63,4.7,0.54,0.86,0.0,0.94
2020-08-02T17:00:00,8,Emilia-Romagna,68,4,72,1468,1540,30,49,23943,4291,29774,673244,407452.0,0.0,0.0,0.0,0.0,0.0,0,0,0.0,1.0,1.0,18.0,0.0,7503.0,5028.0,29.0,5.56,4.68,0.65,0.97,0.0,1.99
2020-08-03T17:00:00,8,Emilia-Romagna,68,3,71,1489,1560,20,34,23957,4291,29808,678601,409341.0,0.0,0.0,0.0,0.0,0.0,0,0,-1.0,0.0,-1.0,14.0,0.0,5357.0,1889.0,21.0,4.23,4.55,0.63,1.8,-25.0,1.3
2020-08-04T17:00:00,8,Emilia-Romagna,79,4,83,1498,1581,21,42,23978,4291,29850,685985,412865.0,0.0,0.0,0.0,0.0,0.0,0,0,1.0,11.0,12.0,21.0,0.0,7384.0,3524.0,9.0,4.82,5.25,0.57,1.19,33.33,1.35
2020-08-05T17:00:00,8,Emilia-Romagna,73,4,77,1532,1609,28,47,23997,4291,29897,694508,418046.0,0.0,0.0,0.0,0.0,0.0,0,0,0.0,-6.0,-6.0,19.0,0.0,8523.0,5181.0,34.0,5.19,4.79,0.55,0.91,0.0,1.77
2020-08-06T17:00:00,8,Emilia-Romagna,78,4,82,1570,1652,43,58,24011,4291,29954,704622,423543.0,0.0,0.0,0.0,0.0,0.0,0,0,0.0,5.0,5.0,14.0,0.0,10114.0,5497.0,38.0,4.88,4.96,0.57,1.06,0.0,2.67
2020-08-07T17:00:00,8,Emilia-Romagna,79,4,83,1592,1675,23,54,24041,4292,30008,714133,429300.0,0.0,0.0,0.0,0.0,0.0,0,0,0.0,1.0,1.0,30.0,1.0,9511.0,5757.0,22.0,4.82,4.96,0.57,0.94,0.0,1.39
2020-08-08T17:00:00,8,Emilia-Romagna,81,4,85,1627,1712,37,44,24046,4294,30052,722280,434744.0,0.0,0.0,0.0,0.0,0.0,0,0,0.0,2.0,2.0,5.0,2.0,8147.0,5444.0,35.0,4.71,4.96,0.54,0.81,0.0,2.21
2020-08-09T17:00:00,8,Emilia-Romagna,81,4,85,1675,1760,48,69,24066,4295,30121,727693,438547.0,0.0,0.0,0.0,0.0,0.0,0,0,0.0,0.0,0.0,20.0,1.0,5413.0,3803.0,48.0,4.71,4.83,1.27,1.81,0.0,2.8
2020-08-10T17:00:00,8,Emilia-Romagna,79,4,83,1708,1791,31,39,24073,4296,30160,731849,440041.0,0.0,0.0,0.0,0.0,0.0,0,0,0.0,-2.0,-2.0,7.0,1.0,4156.0,1494.0,33.0,4.82,4.63,0.94,2.61,0.0,1.76
2020-08-11T17:00:00,8,Emilia-Romagna,76,4,80,1710,1790,-1,19,24091,4298,30179,737749,442538.0,0.0,0.0,0.0,0.0,0.0,0,0,0.0,-3.0,-3.0,18.0,2.0,5900.0,2497.0,2.0,5.0,4.47,0.32,0.76,0.0,-0.06
2020-08-12T17:00:00,8,Emilia-Romagna,78,4,82,1725,1807,17,41,24115,4298,30220,745489,446202.0,0.0,0.0,0.0,0.0,0.0,0,0,0.0,2.0,2.0,24.0,0.0,7740.0,3664.0,15.0,4.88,4.54,0.53,1.12,0.0,0.95
2020-08-13T17:00:00,8,Emilia-Romagna,79,4,83,1744,1827,20,37,24132,4298,30257,752657,449766.0,0.0,0.0,0.0,0.0,0.0,0,0,0.0,1.0,1.0,17.0,0.0,7168.0,3564.0,19.0,4.82,4.54,0.52,1.04,0.0,1.11
2020-08-14T17:00:00,8,Emilia-Romagna,76,4,80,1786,1866,39,57,24150,4298,30314,759033,452995.0,0.0,0.0,0.0,0.0,0.0,0,0,0.0,-3.0,-3.0,18.0,0.0,6376.0,3229.0,42.0,5.0,4.29,0.89,1.77,0.0,2.13
2020-08-15T17:00:00,8,Emilia-Romagna,75,4,79,1675,1754,-112,71,24178,4453,30385,765122,456025.0,0.0,0.0,0.0,0.0,0.0,0,0,0.0,-1.0,-1.0,28.0,155.0,6089.0,3030.0,-111.0,5.06,4.5,1.17,2.34,0.0,-6.0
2020-08-16T17:00:00,8,Emilia-Romagna,74,4,78,1727,1805,51,51,24178,4453,30436,768939,458446.0,0.0,0.0,0.0,0.0,0.0,0,0,0.0,-1.0,-1.0,0.0,0.0,3817.0,2421.0,52.0,5.13,4.32,1.34,2.11,0.0,2.91
2020-08-17T17:00:00,8,Emilia-Romagna,74,4,78,1736,1814,9,41,24210,4453,30477,772052,459964.0,0.0,0.0,0.0,0.0,0.0,0,0,0.0,0.0,0.0,32.0,0.0,3113.0,1518.0,9.0,5.13,4.3,1.32,2.7,0.0,0.5
2020-08-18T17:00:00,8,Emilia-Romagna,72,4,76,1713,1789,-25,21,24255,4454,30498,780697,463421.0,0.0,0.0,0.0,0.0,0.0,0,0,0.0,-2.0,-2.0,45.0,1.0,8645.0,3457.0,-23.0,5.26,4.25,0.24,0.61,0.0,-1.38
2020-08-19T17:00:00,8,Emilia-Romagna,81,7,88,1707,1795,6,76,24324,4455,30574,789983,467266.0,0.0,0.0,0.0,0.0,0.0,0,0,3.0,9.0,12.0,69.0,1.0,9286.0,3845.0,-6.0,7.95,4.9,0.82,1.98,75.0,0.34
2020-08-20T17:00:00,8,Emilia-Romagna,77,8,85,1731,1816,21,52,24355,4455,30626,801167,473891.0,0.0,0.0,0.0,0.0,0.0,0,0,1.0,-4.0,-3.0,31.0,0.0,11184.0,6625.0,24.0,9.41,4.68,0.46,0.78,14.29,1.17
2020-08-21T17:00:00,8,Emilia-Romagna,77,8,85,1776,1861,45,82,24392,4455,30708,811229,478418.0,0.0,0.0,0.0,0.0,0.0,0,0,0.0,0.0,0.0,37.0,0.0,10062.0,4527.0,45.0,9.41,4.57,0.81,1.81,0.0,2.48
2020-08-22T17:00:00,8,Emilia-Romagna,75,8,83,1842,1925,64,80,24408,4455,30788,820652,483710.0,0.0,0.0,0.0,0.0,0.0,0,0,0.0,-2.0,-2.0,16.0,0.0,9423.0,5292.0,66.0,9.64,4.31,0.85,1.51,0.0,3.44
2020-08-23T17:00:00,8,Emilia-Romagna,77,8,85,1949,2034,109,127,24425,4456,30915,827082,488330.0,0.0,0.0,0.0,0.0,0.0,0,0,0.0,2.0,2.0,17.0,1.0,6430.0,4620.0,107.0,9.41,4.18,1.98,2.75,0.0,5.66
2020-08-24T17:00:00,8,Emilia-Romagna,82,8,90,2049,2139,105,116,24434,4458,31031,832101,491660.0,0.0,0.0,0.0,0.0,0.0,0,0,0.0,5.0,5.0,9.0,2.0,5019.0,3330.0,100.0,8.89,4.21,2.31,3.48,0.0,5.16
2020-08-25T17:00:00,8,Emilia-Romagna,90,5,95,2094,2189,50,65,24447,4458,31094,843153,496062.0,0.0,0.0,0.0,0.0,0.0,0,0,-3.0,8.0,5.0,13.0,0.0,11052.0,4402.0,45.0,5.26,4.34,0.59,1.48,-37.5,2.34
2020-08-26T17:00:00,8,Emilia-Romagna,92,6,98,2203,2301,112,120,24455,4458,31214,853910,501373.0,0.0,0.0,0.0,0.0,0.0,0,0,1.0,2.0,3.0,8.0,0.0,10757.0,5311.0,109.0,6.12,4.26,1.12,2.26,20.0,5.12
2020-08-27T17:00:00,8,Emilia-Romagna,93,8,101,2366,2467,166,171,24460,4458,31385,864232,506243.0,0.0,0.0,0.0,0.0,0.0,0,0,2.0,1.0,3.0,5.0,0.0,10322.0,4870.0,163.0,7.92,4.09,1.66,3.51,33.33,7.21
2020-08-28T17:00:00,8,Emilia-Romagna,94,9,103,2518,2621,154,164,24467,4459,31547,874312,513131.0,0.0,0.0,0.0,0.0,0.0,0,0,1.0,1.0,2.0,7.0,1.0,10080.0,6888.0,152.0,8.74,3.93,1.63,2.38,12.5,6.24
2020-08-29T17:00:00,8,Emilia-Romagna,98,10,108,2661,2769,148,149,24468,4459,31696,884399,519748.0,0.0,0.0,0.0,0.0,0.0,0,0,1.0,4.0,5.0,1.0,0.0,10087.0,6617.0,143.0,9.26,3.9,1.48,2.25,11.11,5.65
2020-08-30T17:00:00,8,Emilia-Romagna,99,11,110,2758,2868,99,109,24478,4459,31805,893601,524656.0,0.0,0.0,0.0,0.0,0.0,0,0,1.0,1.0,2.0,10.0,0.0,9202.0,4908.0,97.0,10.0,3.84,1.18,2.22,10.0,3.58
2020-08-31T17:00:00,8,Emilia-Romagna,106,9,115,2862,2977,109,117,24482,4463,31922,899733,528294.0,0.0,0.0,0.0,0.0,0.0,0,0,-2.0,7.0,5.0,4.0,4.0,6132.0,3638.0,104.0,7.83,3.86,1.91,3.22,-18.18,3.8
2020-09-01T17:00:00,8,Emilia-Romagna,106,9,115,2946,3061,84,99,24497,4463,32021,910497,533273.0,0.0,0.0,0.0,0.0,0.0,0,0,0.0,0.0,0.0,15.0,0.0,10764.0,4979.0,84.0,7.83,3.76,0.92,1.99,0.0,2.82
2020-09-02T17:00:00,8,Emilia-Romagna,104,10,114,2989,3103,42,107,24562,4463,32128,922192,540012.0,0.0,0.0,0.0,0.0,0.0,0,0,1.0,-2.0,-1.0,65.0,0.0,11695.0,6739.0,43.0,8.77,3.67,0.91,1.59,11.11,1.37
2020-09-03T17:00:00,8,Emilia-Romagna,108,11,119,3066,3185,82,118,24598,4463,32246,932435,546180.0,0.0,0.0,0.0,0.0,0.0,0,0,1.0,4.0,5.0,36.0,0.0,10243.0,6168.0,77.0,9.24,3.74,1.15,1.91,10.0,2.64
2020-09-04T17:00:00,8,Emilia-Romagna,114,13,127,3062,3189,4,126,24719,4463,32371,942445,551727.0,0.0,0.0,0.0,0.0,0.0,0,0,2.0,6.0,8.0,121.0,0.0,10010.0,5547.0,-4.0,10.24,3.98,1.26,2.27,18.18,0.13
2020-09-05T17:00:00,8,Emilia-Romagna,122,12,134,3117,3251,62,133,24790,4463,32504,952511,556876.0,0.0,0.0,0.0,0.0,0.0,0,0,-1.0,8.0,7.0,71.0,0.0,10066.0,5149.0,55.0,8.96,4.12,1.32,2.58,-7.69,1.94
2020-09-06T17:00:00,8,Emilia-Romagna,124,14,138,3232,3370,119,124,24794,4464,32628,962743,563905.0,0.0,0.0,0.0,0.0,0.0,0,0,2.0,2.0,4.0,4.0,1.0,10232.0,7029.0,115.0,10.14,4.09,1.21,1.76,16.67,3.66
2020-09-07T17:00:00,8,Emilia-Romagna,119,18,137,3356,3493,123,132,24803,4464,32760,968146,568812.0,0.0,0.0,0.0,0.0,0.0,0,0,4.0,-5.0,-1.0,9.0,0.0,5403.0,4907.0,124.0,13.14,3.92,2.44,2.69,28.57,3.65
2020-09-08T17:00:00,8,Emilia-Romagna,130,16,146,3386,3532,39,94,24857,4465,32854,980632,572945.0,0.0,0.0,0.0,0.0,0.0,0,0,-2.0,11.0,9.0,54.0,1.0,12486.0,4133.0,30.0,10.96,4.13,0.75,2.27,-11.11,1.12
2020-09-09T17:00:00,8,Emilia-Romagna,140,16,156,3398,3554,22,110,24942,4467,32963,990713,578121.0,0.0,0.0,0.0,0.0,0.0,0,0,0.0,10.0,10.0,85.0,2.0,10081.0,5176.0,12.0,10.26,4.39,1.09,2.13,0.0,0.62
2020-09-10T17:00:00,8,Emilia-Romagna,143,17,160,3451,3611,57,110,24994,4468,33073,999874,582928.0,0.0,0.0,0.0,0.0,0.0,0,0,1.0,3.0,4.0,52.0,1.0,9161.0,4807.0,53.0,10.62,4.43,1.2,2.29,6.25,1.6
2020-09-11T17:00:00,8,Emilia-Romagna,140,18,158,3572,3730,119,152,25027,4468,33225,1009907,587767.0,0.0,0.0,0.0,0.0,0.0,0,0,1.0,-3.0,-2.0,33.0,0.0,10033.0,4839.0,121.0,11.39,4.24,1.52,3.14,5.88,3.3
2020-09-12T17:00:00,8,Emilia-Romagna,152,17,169,3658,3827,97,138,25067,4469,33363,1019818,592684.0,0.0,0.0,0.0,0.0,0.0,0,0,-1.0,12.0,11.0,40.0,1.0,9911.0,4917.0,86.0,10.06,4.42,1.39,2.81,-5.56,2.6
2020-09-13T17:00:00,8,Emilia-Romagna,156,17,173,3766,3939,112,143,25096,4469,33504,1025932,597178.0,0.0,0.0,0.0,0.0,0.0,0,0,0.0,4.0,4.0,29.0,0.0,6114.0,4494.0,108.0,9.83,4.39,2.34,3.18,0.0,2.93
2020-09-14T17:00:00,8,Emilia-Romagna,165,18,183,3881,4064,125,127,25098,4469,33631,1030781,599934.0,0.0,0.0,0.0,0.0,0.0,0,0,1.0,9.0,10.0,2.0,0.0,4849.0,2756.0,115.0,9.84,4.5,2.62,4.61,5.88,3.17
2020-09-15T17:00:00,8,Emilia-Romagna,168,17,185,3917,4102,38,125,25184,4470,33756,1040666,603369.0,0.0,0.0,0.0,0.0,0.0,0,0,-1.0,3.0,2.0,86.0,1.0,9885.0,3435.0,36.0,9.19,4.51,1.26,3.64,-5.56,0.94
2020-09-16T17:00:00,8,Emilia-Romagna,174,19,193,3986,4179,77,106,25213,4470,33862,1050690,607881.0,0.0,0.0,0.0,0.0,0.0,0,0,2.0,6.0,8.0,29.0,0.0,10024.0,4512.0,69.0,9.84,4.62,1.06,2.35,11.76,1.88
2020-09-17T17:00:00,8,Emilia-Romagna,178,21,199,4078,4277,98,110,25224,4471,33972,1059104,612312.0,0.0,0.0,0.0,0.0,0.0,0,0,2.0,4.0,6.0,11.0,1.0,8414.0,4431.0,92.0,10.55,4.65,1.31,2.48,10.53,2.35
2020-09-18T17:00:00,8,Emilia-Romagna,182,21,203,4166,4369,92,121,25252,4472,34093,1068778,616330.0,0.0,0.0,0.0,0.0,0.0,0,0,0.0,4.0,4.0,28.0,1.0,9674.0,4018.0,88.0,10.34,4.65,1.25,3.01,0.0,2.15
2020-09-19T17:00:00,8,Emilia-Romagna,174,19,193,4245,4438,69,133,25313,4474,34225,1077776,620451.0,0.0,0.0,0.0,0.0,0.0,0,0,-2.0,-8.0,-10.0,61.0,2.0,8998.0,4121.0,79.0,9.84,4.35,1.48,3.23,-9.52,1.58
2020-09-20T17:00:00,8,Emilia-Romagna,169,19,188,4341,4529,91,115,25335,4476,34340,1085411,625160.0,0.0,0.0,0.0,0.0,0.0,0,0,0.0,-5.0,-5.0,22.0,2.0,7635.0,4709.0,96.0,10.11,4.15,1.51,2.44,0.0,2.05
2020-09-21T17:00:00,8,Emilia-Romagna,167,23,190,4428,4618,89,116,25361,4477,34456,1090435,627269.0,0.0,0.0,0.0,0.0,0.0,0,0,4.0,-2.0,2.0,26.0,1.0,5024.0,2109.0,87.0,12.11,4.11,2.31,5.5,21.05,1.97
2020-09-22T17:00:00,8,Emilia-Romagna,185,22,207,4426,4633,15,56,25400,4478,34511,1100226,631253.0,0.0,0.0,0.0,0.0,0.0,0,0,-1.0,18.0,17.0,39.0,1.0,9791.0,3984.0,-2.0,10.63,4.47,0.57,1.41,-4.35,0.32
2020-09-23T17:00:00,8,Emilia-Romagna,187,20,207,4406,4613,-20,101,25520,4479,34612,1110287,636603.0,0.0,0.0,0.0,0.0,0.0,0,0,-2.0,2.0,0.0,120.0,1.0,10061.0,5350.0,-20.0,9.66,4.49,1.0,1.89,-9.09,-0.43
2020-09-24T17:00:00,8,Emilia-Romagna,192,20,212,4415,4627,14,99,25604,4480,34711,1121383,643017.0,0.0,0.0,0.0,0.0,0.0,0,0,0.0,5.0,5.0,84.0,1.0,11096.0,6414.0,9.0,9.43,4.58,0.89,1.54,0.0,0.3
2020-09-25T17:00:00,8,Emilia-Romagna,189,18,207,4444,4651,24,122,25701,4481,34833,1131423,647139.0,0.0,0.0,0.0,0.0,0.0,0,0,-2.0,-3.0,-5.0,97.0,1.0,10040.0,4122.0,29.0,8.7,4.45,1.22,2.96,-10.0,0.52
2020-09-26T17:00:00,8,Emilia-Romagna,200,17,217,4500,4717,66,99,25734,4481,34932,1141530,651887.0,0.0,0.0,0.0,0.0,0.0,0,0,-1.0,11.0,10.0,33.0,0.0,10107.0,4748.0,56.0,7.83,4.6,0.98,2.09,-5.56,1.42
2020-09-27T17:00:00,8,Emilia-Romagna,201,15,216,4466,4682,-35,96,25864,4482,35028,1150825,655624.0,0.0,0.0,0.0,0.0,0.0,0,0,-2.0,1.0,-1.0,130.0,1.0,9295.0,3737.0,-34.0,6.94,4.61,1.03,2.57,-11.76,-0.74
2020-09-28T17:00:00,8,Emilia-Romagna,201,15,216,4469,4685,3,85,25946,4482,35113,1155920,658254.0,0.0,0.0,0.0,0.0,0.0,0,0,0.0,0.0,0.0,82.0,0.0,5095.0,2630.0,3.0,6.94,4.61,1.67,3.23,0.0,0.06
2020-09-29T17:00:00,8,Emilia-Romagna,204,14,218,4492,4710,25,97,26016,4484,35210,1166500,662825.0,0.0,0.0,0.0,0.0,0.0,0,0,-1.0,3.0,2.0,70.0,2.0,10580.0,4571.0,23.0,6.42,4.63,0.92,2.12,-6.67,0.53
2020-09-30T17:00:00,8,Emilia-Romagna,205,14,219,4434,4653,-57,101,26174,4484,35311,1176438,667137.0,0.0,0.0,0.0,0.0,0.0,0,0,0.0,1.0,1.0,158.0,0.0,9938.0,4312.0,-58.0,6.39,4.71,1.02,2.34,0.0,-1.21
2020-10-01T17:00:00,8,Emilia-Romagna,206,14,220,4434,4654,1,103,26276,4484,35414,1184856,670418.0,0.0,0.0,0.0,0.0,0.0,0,0,0.0,1.0,1.0,102.0,0.0,8418.0,3281.0,0.0,6.36,4.73,1.22,3.14,0.0,0.02
2020-10-02T17:00:00,8,Emilia-Romagna,201,11,212,4465,4677,23,163,26416,4484,35577,1197910,676766.0,0.0,0.0,0.0,0.0,0.0,0,0,-3.0,-5.0,-8.0,140.0,0.0,13054.0,6348.0,31.0,5.19,4.53,1.25,2.57,-21.43,0.49
2020-10-03T17:00:00,8,Emilia-Romagna,200,11,211,4579,4790,113,167,26468,4485,35743,1207777,680394.0,0.0,0.0,0.0,0.0,0.0,0,0,0.0,-1.0,-1.0,52.0,1.0,9867.0,3628.0,114.0,5.21,4.41,1.69,4.6,0.0,2.42
2020-10-04T17:00:00,8,Emilia-Romagna,212,11,223,4731,4954,164,179,26482,4486,35922,1214835,684859.0,0.0,0.0,0.0,0.0,0.0,0,0,0.0,12.0,12.0,14.0,1.0,7058.0,4465.0,152.0,4.93,4.5,2.54,4.01,0.0,3.42
2020-10-05T17:00:00,8,Emilia-Romagna,213,11,224,4822,5046,92,167,26556,4487,36089,1219843,686918.0,0.0,0.0,0.0,0.0,0.0,0,0,0.0,1.0,1.0,74.0,1.0,5008.0,2059.0,91.0,4.91,4.44,3.33,8.11,0.0,1.86
2020-10-06T17:00:00,8,Emilia-Romagna,212,13,225,4929,5154,108,172,26617,4490,36261,1231229,691551.0,0.0,0.0,0.0,0.0,0.0,0,0,2.0,-1.0,1.0,61.0,3.0,11386.0,4633.0,107.0,5.78,4.37,1.51,3.71,18.18,2.14
2020-10-07T17:00:00,8,Emilia-Romagna,223,14,237,5058,5295,141,193,26668,4491,36454,1246110,698835.0,0.0,0.0,0.0,0.0,0.0,0,0,1.0,11.0,12.0,51.0,1.0,14881.0,7284.0,129.0,5.91,4.48,1.3,2.65,7.69,2.74
2020-10-08T17:00:00,8,Emilia-Romagna,232,13,245,5179,5424,129,184,26722,4492,36638,1257805,704510.0,0.0,0.0,0.0,0.0,0.0,0,0,-1.0,9.0,8.0,54.0,1.0,11695.0,5675.0,121.0,5.31,4.52,1.57,3.24,-7.14,2.44
2020-10-09T17:00:00,8,Emilia-Romagna,226,14,240,5369,5609,185,276,26812,4493,36914,1268552,709568.0,0.0,0.0,0.0,0.0,0.0,0,0,1.0,-6.0,-5.0,90.0,1.0,10747.0,5058.0,190.0,5.83,4.28,2.57,5.46,7.69,3.41
2020-10-10T17:00:00,8,Emilia-Romagna,241,16,257,5719,5976,367,383,26827,4494,37297,1282331,715054.0,0.0,0.0,0.0,0.0,0.0,0,0,2.0,15.0,17.0,15.0,1.0,13779.0,5486.0,350.0,6.23,4.3,2.78,6.98,14.29,6.54
2020-10-11T17:00:00,8,Emilia-Romagna,254,23,277,6072,6349,373,384,26837,4495,37681,1290991,719690.0,0.0,0.0,0.0,0.0,0.0,0,0,7.0,13.0,20.0,10.0,1.0,8660.0,4636.0,353.0,8.3,4.36,4.43,8.28,43.75,6.24
2020-10-12T17:00:00,8,Emilia-Romagna,284,25,309,6364,6673,324,337,26849,4496,38018,1297651,723741.0,0.0,0.0,0.0,0.0,0.0,0,0,2.0,30.0,32.0,12.0,1.0,6660.0,4051.0,292.0,8.09,4.63,5.06,8.32,8.7,5.1
2020-10-13T17:00:00,8,Emilia-Romagna,323,31,354,6522,6876,203,341,26982,4498,38356,1310995,728221.0,0.0,0.0,0.0,0.0,0.0,0,0,6.0,39.0,45.0,133.0,2.0,13344.0,4480.0,158.0,8.76,5.15,2.56,7.61,24.0,3.04
2020-10-14T17:00:00,8,Emilia-Romagna,383,35,418,6730,7148,272,339,27045,4502,38695,1326602,736069.0,0.0,0.0,0.0,0.0,0.0,0,0,4.0,60.0,64.0,63.0,4.0,15607.0,7848.0,208.0,8.37,5.85,2.17,4.32,12.9,3.96
2020-10-15T17:00:00,8,Emilia-Romagna,392,49,441,7080,7521,373,453,27124,4503,39148,1339233,742503.0,0.0,0.0,0.0,0.0,0.0,0,0,14.0,9.0,23.0,79.0,1.0,12631.0,6434.0,350.0,11.11,5.86,3.59,7.04,40.0,5.22
2020-10-16T17:00:00,8,Emilia-Romagna,404,61,465,7568,8033,512,544,27155,4504,39692,1352796,748337.0,0.0,0.0,0.0,0.0,0.0,0,0,12.0,12.0,24.0,31.0,1.0,13563.0,5834.0,488.0,13.12,5.79,4.01,9.32,24.49,6.81
2020-10-17T17:00:00,8,Emilia-Romagna,427,65,492,8157,8649,616,641,27175,4509,40333,1366109,754101.0,0.0,0.0,0.0,0.0,0.0,0,0,4.0,23.0,27.0,20.0,5.0,13313.0,5764.0,589.0,13.21,5.69,4.81,11.12,6.56,7.67
2020-10-18T17:00:00,8,Emilia-Romagna,439,67,506,8657,9163,514,526,27181,4515,40859,1375298,760075.0,0.0,0.0,0.0,0.0,0.0,0,0,2.0,12.0,14.0,6.0,6.0,9189.0,5974.0,500.0,13.24,5.52,5.72,8.8,3.08,5.94
2020-10-19T17:00:00,8,Emilia-Romagna,481,70,551,9119,9670,507,552,27222,4518,41410,1383324,763923.0,0.0,0.0,0.0,0.0,0.0,0,0,3.0,42.0,45.0,41.0,3.0,8026.0,3848.0,462.0,12.7,5.7,6.88,14.35,4.48,5.53
2020-10-20T17:00:00,8,Emilia-Romagna,531,78,609,9559,10168,498,507,27226,4523,41917,1399873,769327.0,0.0,0.0,0.0,0.0,0.0,0,0,8.0,50.0,58.0,4.0,5.0,16549.0,5404.0,440.0,12.81,5.99,3.06,9.38,11.43,5.15
2020-10-21T17:00:00,8,Emilia-Romagna,596,86,682,10118,10800,632,671,27257,4531,42588,1417038,777142.0,0.0,0.0,0.0,0.0,0.0,0,0,8.0,65.0,73.0,31.0,8.0,17165.0,7815.0,559.0,12.61,6.31,3.91,8.59,10.26,6.22
2020-10-22T17:00:00,8,Emilia-Romagna,636,86,722,10941,11663,863,889,27277,4537,43477,1433217,783681.0,0.0,0.0,0.0,0.0,0.0,0,0,0.0,40.0,40.0,20.0,6.0,16179.0,6539.0,823.0,11.91,6.19,5.49,13.6,0.0,7.99
2020-10-23T17:00:00,8,Emilia-Romagna,657,86,743,11771,12514,851,888,27304,4547,44365,1449195,790989.0,0.0,0.0,0.0,0.0,0.0,0,0,0.0,21.0,21.0,27.0,10.0,15978.0,7308.0,830.0,11.57,5.94,5.56,12.15,0.0,7.3
2020-10-24T17:00:00,8,Emilia-Romagna,723,89,812,12830,13642,1128,1180,27343,4557,45542,1466807,799074.0,0.0,0.0,0.0,0.0,0.0,0,0,3.0,66.0,69.0,39.0,10.0,17612.0,8085.0,1059.0,10.96,5.95,6.7,14.59,3.49,9.01
2020-10-25T17:00:00,8,Emilia-Romagna,757,88,845,13983,14828,1186,1192,27345,4561,46734,1476451,804679.0,0.0,0.0,0.0,0.0,0.0,0,0,-1.0,34.0,33.0,2.0,4.0,9644.0,5605.0,1153.0,10.41,5.7,12.36,21.27,-1.12,8.69
2020-10-26T17:00:00,8,Emilia-Romagna,816,93,909,14860,15769,941,1146,27544,4564,47877,1488534,811249.0,0.0,0.0,0.0,0.0,0.0,0,0,5.0,59.0,64.0,199.0,3.0,12083.0,6570.0,877.0,10.23,5.76,9.48,17.44,5.68,6.35
2020-10-27T17:00:00,8,Emilia-Romagna,934,103,1037,16043,17080,1311,1413,27626,4579,49285,1509935,818615.0,0.0,0.0,0.0,0.0,0.0,0,0,10.0,118.0,128.0,82.0,15.0,21401.0,7366.0,1183.0,9.93,6.07,6.6,19.18,10.75,8.31
2020-10-28T17:00:00,8,Emilia-Romagna,999,119,1118,17112,18230,1150,1212,27671,4593,50494,1531311,827354.0,0.0,0.0,0.0,0.0,0.0,0,0,16.0,65.0,81.0,45.0,14.0,21376.0,8739.0,1069.0,10.64,6.13,5.67,13.87,15.53,6.73
2020-10-29T17:00:00,8,Emilia-Romagna,1054,123,1177,18536,19713,1483,1545,27724,4601,52038,1553171,835830.0,0.0,0.0,0.0,0.0,0.0,0,0,4.0,55.0,59.0,53.0,8.0,21860.0,8476.0,1424.0,10.45,5.97,7.07,18.23,3.36,8.13
2020-10-30T17:00:00,8,Emilia-Romagna,1157,119,1276,20145,21421,1708,1763,27764,4612,53797,1570748,842483.0,0.0,0.0,0.0,0.0,0.0,0,0,-4.0,103.0,99.0,40.0,11.0,17577.0,6653.0,1609.0,9.33,5.96,10.03,26.5,-3.25,8.66
2020-10-31T17:00:00,8,Emilia-Romagna,1223,125,1348,21865,23213,1792,2046,27997,4631,55841,1589691,849335.0,0.0,0.0,0.0,0.0,0.0,0,0,6.0,66.0,72.0,233.0,19.0,18943.0,6852.0,1720.0,9.27,5.81,10.8,29.86,5.04,8.37
2020-11-01T17:00:00,8,Emilia-Romagna,1267,132,1399,23518,24917,1704,1758,28033,4647,57597,1601730,858385.0,0.0,0.0,0.0,0.0,0.0,0,0,7.0,44.0,51.0,36.0,16.0,12039.0,9050.0,1653.0,9.44,5.61,14.6,19.43,5.6,7.34
2020-11-02T17:00:00,8,Emilia-Romagna,1382,138,1520,24972,26492,1575,1652,28093,4664,59249,1612029,865327.0,0.0,0.0,0.0,0.0,0.0,0,0,6.0,115.0,121.0,60.0,17.0,10299.0,6942.0,1454.0,9.08,5.74,16.04,23.8,4.55,6.32
2020-11-03T17:00:00,8,Emilia-Romagna,1464,153,1617,26731,28348,1856,1912,28123,4687,61158,1635729,874120.0,0.0,0.0,0.0,0.0,0.0,0,0,15.0,82.0,97.0,30.0,23.0,23700.0,8793.0,1759.0,9.46,5.7,8.07,21.74,10.87,7.01
2020-11-04T17:00:00,8,Emilia-Romagna,1554,161,1715,28259,29974,1626,1758,28241,4699,62914,1654130,882474.0,0.0,0.0,0.0,0.0,0.0,0,0,8.0,90.0,98.0,118.0,12.0,18401.0,8354.0,1528.0,9.39,5.72,9.55,21.04,5.23,5.74
2020-11-05T17:00:00,8,Emilia-Romagna,1588,177,1765,30211,31976,2002,2180,28403,4712,65091,1674462,890032.0,0.0,0.0,0.0,0.0,0.0,0,0,16.0,34.0,50.0,162.0,13.0,20332.0,7558.0,1952.0,10.03,5.52,10.72,28.84,9.94,6.68
2020-11-06T17:00:00,8,Emilia-Romagna,1673,177,1850,31880,33730,1754,1953,28559,4752,67041,1695309,897938.0,0.0,0.0,0.0,0.0,0.0,0,0,0.0,85.0,85.0,156.0,40.0,20847.0,7906.0,1669.0,9.57,5.48,9.37,24.7,0.0,5.49
2020-11-07T17:00:00,8,Emilia-Romagna,1723,188,1911,33738,35649,1919,2009,28619,4781,69049,1715527,906435.0,0.0,0.0,0.0,0.0,0.0,0,0,11.0,50.0,61.0,60.0,29.0,20218.0,8497.0,1858.0,9.84,5.36,9.94,23.64,6.21,5.69
2020-11-08T17:00:00,8,Emilia-Romagna,1836,194,2030,35822,37852,2203,2360,28740,4816,71408,1728477,914731.0,0.0,0.0,0.0,0.0,0.0,0,0,6.0,113.0,119.0,121.0,35.0,12950.0,8296.0,2084.0,9.56,5.36,18.22,28.45,3.19,6.18
2020-11-09T17:00:00,8,Emilia-Romagna,1939,204,2143,37487,39630,1778,2025,28978,4824,73432,1740948,922303.0,0.0,0.0,0.0,0.0,0.0,0,0,10.0,103.0,113.0,238.0,8.0,12471.0,7572.0,1665.0,9.52,5.41,16.24,26.74,5.15,4.7
2020-11-10T17:00:00,8,Emilia-Romagna,2020,215,2235,39545,41780,2150,2430,29230,4845,75855,1763487,931259.0,0.0,0.0,0.0,0.0,0.0,0,0,11.0,81.0,92.0,252.0,21.0,22539.0,8956.0,2058.0,9.62,5.35,10.78,27.13,5.39,5.43
2020-11-11T17:00:00,8,Emilia-Romagna,2072,222,2294,41597,43891,2111,2428,29516,4876,78283,1784161,939211.0,0.0,0.0,0.0,0.0,0.0,0,0,7.0,52.0,59.0,286.0,31.0,20674.0,7952.0,2052.0,9.68,5.23,11.74,30.53,3.26,5.05
2020-11-12T17:00:00,8,Emilia-Romagna,2094,228,2322,43702,46024,2133,2402,29735,4925,80684,1804471,947920.0,0.0,0.0,0.0,0.0,0.0,0,0,6.0,22.0,28.0,219.0,49.0,20310.0,8709.0,2105.0,9.82,5.05,11.83,27.58,2.7,4.86
2020-11-13T17:00:00,8,Emilia-Romagna,2164,225,2389,45767,48156,2132,2384,29947,4965,83068,1824983,956466.0,0.0,0.0,0.0,0.0,0.0,0,0,-3.0,70.0,67.0,212.0,40.0,20512.0,8546.0,2065.0,9.42,4.96,11.62,27.9,-1.32,4.63
2020-11-14T17:00:00,8,Emilia-Romagna,2243,231,2474,48088,50562,2406,2637,30129,5008,85699,1846431,965000.0,0.0,0.0,0.0,0.0,0.0,0,0,6.0,79.0,85.0,182.0,43.0,21448.0,8534.0,2321.0,9.34,4.89,12.29,30.9,2.67,5.0
2020-11-15T17:00:00,8,Emilia-Romagna,2285,246,2531,50670,53201,2639,2822,30275,5044,88520,1858993,972719.0,0.0,0.0,0.0,0.0,0.0,0,0,15.0,42.0,57.0,146.0,36.0,12562.0,7719.0,2582.0,9.72,4.76,22.46,36.56,6.49,5.22
2020-11-16T17:00:00,8,Emilia-Romagna,2393,247,2640,52789,55429,2228,2547,30570,5067,91066,1873435,980006.0,0.0,0.0,0.0,0.0,0.0,0,0,1.0,108.0,109.0,295.0,23.0,14442.0,7287.0,2119.0,9.36,4.76,17.64,34.95,0.41,4.19
2020-11-17T17:00:00,8,Emilia-Romagna,2451,247,2698,54570,57268,1839,2219,30902,5115,93285,1895816,988202.0,0.0,0.0,0.0,0.0,0.0,0,0,0.0,58.0,58.0,332.0,48.0,22381.0,8196.0,1781.0,9.15,4.71,9.91,27.07,0.0,3.32
2020-11-18T17:00:00,8,Emilia-Romagna,2449,244,2693,56626,59319,2051,2371,31167,5168,95654,1916548,995472.0,0.0,0.0,0.0,0.0,0.0,0,0,-3.0,-2.0,-5.0,265.0,53.0,20732.0,7270.0,2056.0,9.06,4.54,11.44,32.61,-1.21,3.58
2020-11-19T17:00:00,8,Emilia-Romagna,2489,244,2733,58276,61009,1690,2160,31587,5218,97814,1935478,1003409.0,0.0,0.0,0.0,0.0,0.0,0,0,0.0,40.0,40.0,420.0,50.0,18930.0,7937.0,1650.0,8.93,4.48,11.41,27.21,0.0,2.85
2020-11-20T17:00:00,8,Emilia-Romagna,2534,244,2778,60156,62934,1925,2533,32145,5265,100344,1957785,1011858.0,0.0,0.0,0.0,0.0,0.0,0,0,0.0,45.0,45.0,558.0,47.0,22307.0,8449.0,1880.0,8.78,4.41,11.36,29.98,0.0,3.16
2020-11-21T17:00:00,8,Emilia-Romagna,2594,241,2835,62245,65080,2146,2723,32672,5312,103064,1977482,1019829.0,0.0,0.0,0.0,0.0,0.0,0,0,-3.0,60.0,57.0,527.0,47.0,19697.0,7971.0,2089.0,8.5,4.36,13.82,34.16,-1.23,3.41
2020-11-22T17:00:00,8,Emilia-Romagna,2666,249,2915,64359,67274,2194,2665,33105,5350,105729,1990596,1027297.0,0.0,0.0,0.0,0.0,0.0,0,0,8.0,72.0,80.0,433.0,38.0,13114.0,7468.0,2114.0,8.54,4.33,20.32,35.69,3.32,3.37
2020-11-23T17:00:00,8,Emilia-Romagna,2738,248,2986,66394,69380,2106,2347,33309,5384,108073,2002154,1033714.0,0.0,0.0,0.0,0.0,0.0,0,0,-1.0,72.0,71.0,204.0,34.0,11558.0,6417.0,2035.0,8.31,4.3,20.31,36.57,-0.4,3.13
2020-11-24T17:00:00,8,Emilia-Romagna,2723,243,2966,68378,71344,1964,2501,33788,5439,110571,2021756,1041385.0,0.0,0.0,0.0,0.0,0.0,0,0,-5.0,-15.0,-20.0,479.0,55.0,19602.0,7671.0,1984.0,8.19,4.16,12.76,32.6,-2.02,2.83
2020-11-25T17:00:00,8,Emilia-Romagna,2763,249,3012,69514,72526,1182,2130,34681,5493,112700,2040254,1048727.0,0.0,0.0,0.0,0.0,0.0,0,0,6.0,40.0,46.0,893.0,54.0,18498.0,7342.0,1136.0,8.27,4.15,11.51,29.01,2.47,1.66
2020-11-26T17:00:00,8,Emilia-Romagna,2679,258,2937,68535,71472,-1054,2157,37835,5548,114855,2057518,1055046.0,0.0,0.0,0.0,0.0,0.0,0,0,9.0,-84.0,-75.0,3154.0,55.0,17264.0,6319.0,-979.0,8.78,4.11,12.49,34.14,3.61,-1.45
2020-11-27T17:00:00,8,Emilia-Romagna,2673,250,2923,67366,70289,-1183,2165,41116,5614,117019,2078822,1061899.0,0.0,0.0,0.0,0.0,0.0,0,0,-8.0,-6.0,-14.0,3281.0,66.0,21304.0,6853.0,-1169.0,8.55,4.16,10.16,31.59,-3.1,-1.66
2020-11-28T17:00:00,8,Emilia-Romagna,2673,245,2918,66865,69783,-506,2172,43717,5684,119184,2096063,1068411.0,0.0,0.0,0.0,0.0,0.0,0,0,-5.0,0.0,-5.0,2601.0,70.0,17241.0,6512.0,-501.0,8.4,4.18,12.6,33.35,-2.0,-0.72
2020-11-29T17:00:00,8,Emilia-Romagna,2668,245,2913,67316,70229,446,1850,45089,5714,121032,2109497,1074568.0,0.0,0.0,0.0,0.0,0.0,0,0,0.0,-5.0,-5.0,1372.0,30.0,13434.0,6157.0,451.0,8.41,4.15,13.77,30.05,0.0,0.64
2020-11-30T17:00:00,8,Emilia-Romagna,2755,249,3004,68730,71734,1505,2041,45586,5753,123073,2120489,1079854.0,0.0,0.0,0.0,0.0,0.0,0,0,4.0,87.0,91.0,497.0,39.0,10992.0,5286.0,1414.0,8.29,4.19,18.57,38.61,1.63,2.14
2020-12-01T17:00:00,8,Emilia-Romagna,2729,247,2976,68866,71842,108,1471,46894,5805,124541,2137305,1085200.0,0.0,0.0,0.0,0.0,0.0,0,0,-2.0,-26.0,-28.0,1308.0,52.0,16816.0,5346.0,136.0,8.3,4.14,8.75,27.52,-0.8,0.15
2020-12-02T17:00:00,8,Emilia-Romagna,2692,247,2939,68366,71305,-537,1569,48931,5874,126110,2156981,1091519.0,0.0,0.0,0.0,0.0,0.0,0,0,0.0,-37.0,-37.0,2037.0,69.0,19676.0,6319.0,-500.0,8.4,4.12,7.97,24.83,0.0,-0.75
2020-12-03T17:00:00,8,Emilia-Romagna,2668,245,2913,67324,70237,-1068,1766,51674,5959,127870,2174960,1097761.0,14.0,0.0,0.0,0.0,0.0,0,0,-2.0,-24.0,-26.0,2743.0,85.0,17979.0,6242.0,-1042.0,8.41,4.15,9.82,28.29,-0.81,-1.5
2020-12-04T17:00:00,8,Emilia-Romagna,2717,248,2965,67091,70056,-181,2143,53931,6022,130009,2192637,1103704.0,18.0,0.0,0.0,0.0,0.0,0,0,3.0,49.0,52.0,2257.0,63.0,17677.0,5943.0,-233.0,8.36,4.23,12.12,36.06,1.22,-0.26
2020-12-05T17:00:00,8,Emilia-Romagna,2707,243,2950,66679,69629,-427,1964,56270,6074,131973,2211300,1109844.0,12.0,0.0,0.0,0.0,0.0,0,0,-5.0,-10.0,-15.0,2339.0,52.0,18663.0,6140.0,-412.0,8.24,4.24,10.52,31.99,-2.02,-0.61
2020-12-06T17:00:00,8,Emilia-Romagna,2736,241,2977,65190,68167,-1462,1788,59432,6162,133761,2222471,1115823.0,12.0,0.0,0.0,0.0,0.0,0,0,-2.0,29.0,27.0,3162.0,88.0,11171.0,5979.0,-1489.0,8.1,4.37,16.01,29.9,-0.82,-2.1
2020-12-07T17:00:00,8,Emilia-Romagna,2805,239,3044,66437,69481,1314,1891,59951,6219,135651,2232336,1119423.0,10.0,0.0,0.0,0.0,0.0,0,0,-2.0,69.0,67.0,519.0,57.0,9865.0,3600.0,1247.0,7.85,4.38,19.17,52.53,-0.83,1.93
2020-12-08T17:00:00,8,Emilia-Romagna,2781,234,3015,63507,66522,-2959,1624,64480,6268,137270,2248912,1124534.0,21.0,0.0,0.0,0.0,0.0,0,0,-5.0,-24.0,-29.0,4529.0,49.0,16576.0,5111.0,-2930.0,7.76,4.53,9.8,31.77,-2.09,-4.26
2020-12-09T17:00:00,8,Emilia-Romagna,2857,233,3090,62753,65843,-679,1079,66191,6314,138348,2259395,1128691.0,8.0,0.0,0.0,0.0,0.0,0,0,-1.0,76.0,75.0,1711.0,46.0,10483.0,4157.0,-754.0,7.54,4.69,10.29,25.96,-0.43,-1.02
2020-12-10T17:00:00,8,Emilia-Romagna,2845,229,3074,61643,64717,-1126,1453,68697,6386,139800,2276951,1133307.0,17.0,0.0,0.0,0.0,0.0,0,0,-4.0,-12.0,-16.0,2506.0,72.0,17556.0,4616.0,-1110.0,7.45,4.75,8.28,31.48,-1.72,-1.71
2020-12-11T17:00:00,8,Emilia-Romagna,2812,231,3043,61012,64055,-662,1211,70508,6447,141010,2294410,1138536.0,18.0,0.0,0.0,0.0,0.0,0,0,2.0,-33.0,-31.0,1811.0,61.0,17459.0,5229.0,-631.0,7.59,4.75,6.94,23.16,0.87,-1.02
2020-12-12T17:00:00,8,Emilia-Romagna,2813,222,3035,60937,63972,-83,1807,72315,6529,142816,2312385,1144793.0,14.0,0.0,0.0,0.0,0.0,0,0,-9.0,1.0,-8.0,1807.0,82.0,17975.0,6257.0,-75.0,7.31,4.74,10.05,28.88,-3.9,-0.13
2020-12-13T17:00:00,8,Emilia-Romagna,2819,220,3039,61723,64762,790,1940,73421,6572,144755,2323522,1150185.0,14.0,0.0,0.0,0.0,0.0,0,0,-2.0,6.0,4.0,1106.0,43.0,11137.0,5392.0,786.0,7.24,4.69,17.42,35.98,-0.9,1.23
2020-12-14T17:00:00,8,Emilia-Romagna,2831,222,3053,61933,64986,224,1574,74694,6645,146325,2334039,1153725.0,12.0,0.0,0.0,0.0,0.0,0,0,2.0,12.0,14.0,1273.0,73.0,10517.0,3540.0,210.0,7.27,4.7,14.97,44.46,0.91,0.35
2020-12-15T17:00:00,8,Emilia-Romagna,2797,214,3011,61623,64634,-352,1238,76205,6719,147558,2349809,1157563.0,17.0,0.0,0.0,0.0,0.0,0,0,-8.0,-34.0,-42.0,1511.0,74.0,15770.0,3838.0,-310.0,7.11,4.66,7.85,32.26,-3.6,-0.54
2020-12-16T17:00:00,8,Emilia-Romagna,2773,212,2985,59861,62846,-1788,1238,79151,6797,148794,2367376,1162546.0,9.0,0.0,0.0,0.0,0.0,0,0,-2.0,-24.0,-26.0,2946.0,78.0,17567.0,4983.0,-1762.0,7.1,4.75,7.05,24.84,-0.93,-2.77
2020-12-17T17:00:00,8,Emilia-Romagna,2801,206,3007,59570,62577,-269,1667,81008,6875,150460,2381673,1167304.0,6.0,0.0,0.0,0.0,0.0,0,0,-6.0,28.0,22.0,1857.0,78.0,14297.0,4758.0,-291.0,6.85,4.81,11.66,35.04,-2.83,-0.43
2020-12-18T17:00:00,8,Emilia-Romagna,2764,207,2971,59355,62326,-251,1745,82928,6950,152204,2398435,1171966.0,24.0,0.0,0.0,0.0,0.0,0,0,1.0,-37.0,-36.0,1920.0,75.0,16762.0,4662.0,-215.0,6.97,4.77,10.41,37.43,0.49,-0.4
2020-12-19T17:00:00,8,Emilia-Romagna,2819,206,3025,57924,60949,-1377,1641,85872,7023,153844,2412286,1176780.0,14.0,0.0,0.0,0.0,0.0,0,0,-1.0,55.0,54.0,2944.0,73.0,13851.0,4814.0,-1431.0,6.81,4.96,11.85,34.09,-0.48,-2.21
2020-12-20T17:00:00,8,Emilia-Romagna,2852,201,3053,57863,60916,-33,1751,87594,7083,155593,2423947,1181400.0,8.0,0.0,0.0,0.0,0.0,0,0,-5.0,33.0,28.0,1722.0,60.0,11661.0,4620.0,-61.0,6.58,5.01,15.02,37.9,-2.43,-0.05
2020-12-21T17:00:00,8,Emilia-Romagna,2914,203,3117,58937,62054,1138,1594,88011,7120,157185,2431885,1185099.0,16.0,0.0,0.0,0.0,0.0,0,0,2.0,62.0,64.0,417.0,37.0,7938.0,3699.0,1074.0,6.51,5.02,20.08,43.09,1.0,1.87
2020-12-22T17:00:00,8,Emilia-Romagna,2891,210,3101,56645,59746,-2308,1162,91411,7188,158345,2451777,1189534.0,24.0,0.0,0.0,0.0,0.0,0,0,7.0,-23.0,-16.0,3400.0,68.0,19892.0,4435.0,-2292.0,6.77,5.19,5.84,26.2,3.45,-3.72
2020-12-23T17:00:00,8,Emilia-Romagna,2803,207,3010,55015,58025,-1721,1129,94188,7259,159472,2469690,1194299.0,21.0,0.0,0.0,0.0,0.0,0,0,-3.0,-88.0,-91.0,2777.0,71.0,17913.0,4765.0,-1630.0,6.88,5.19,6.3,23.69,-1.43,-2.88
2020-12-24T17:00:00,8,Emilia-Romagna,2718,201,2919,54380,57299,-726,1692,96529,7335,161163,2485596,1200124.0,8.0,0.0,0.0,0.0,0.0,0,0,-6.0,-85.0,-91.0,2341.0,76.0,15906.0,5825.0,-635.0,6.89,5.09,10.64,29.05,-2.9,-1.25
2020-12-25T17:00:00,8,Emilia-Romagna,2711,206,2917,56063,58980,1681,2127,96910,7400,163290,2496457,1204670.0,16.0,0.0,0.0,0.0,0.0,0,0,5.0,-7.0,-2.0,381.0,65.0,10861.0,4546.0,1683.0,7.06,4.95,19.58,46.79,2.49,2.93
2020-12-26T17:00:00,8,Emilia-Romagna,2630,214,2844,54443,57287,-1693,1756,100333,7424,165044,2502232,1208257.0,19.0,0.0,0.0,0.0,0.0,0,0,8.0,-81.0,-73.0,3423.0,24.0,5775.0,3587.0,-1620.0,7.52,4.96,30.41,48.95,3.88,-2.87
2020-12-27T17:00:00,8,Emilia-Romagna,2609,210,2819,55356,58175,888,1283,100659,7493,166327,2508298,1210120.0,9.0,0.0,0.0,0.0,0.0,0,0,-4.0,-21.0,-25.0,326.0,69.0,6066.0,1863.0,913.0,7.45,4.85,21.15,68.87,-1.87,1.55
2020-12-28T17:00:00,8,Emilia-Romagna,2642,220,2862,55436,58298,123,750,101255,7524,167077,2518742,1212763.0,15.0,0.0,0.0,0.0,0.0,0,0,10.0,33.0,43.0,596.0,31.0,10444.0,2643.0,80.0,7.69,4.91,7.18,28.38,4.76,0.21
2020-12-29T17:00:00,8,Emilia-Romagna,2598,221,2819,53993,56812,-1486,894,103543,7614,167969,2538045,1216598.0,13.0,0.0,0.0,0.0,0.0,0,0,1.0,-44.0,-43.0,2288.0,90.0,19303.0,3835.0,-1443.0,7.84,4.96,4.63,23.31,0.45,-2.55
2020-12-30T17:00:00,8,Emilia-Romagna,2641,230,2871,53186,56057,-755,1427,105656,7683,169396,2556405,1221526.0,19.0,0.0,0.0,0.0,0.0,0,0,9.0,43.0,52.0,2113.0,69.0,18360.0,4928.0,-807.0,8.01,5.12,7.77,28.96,4.07,-1.33
2020-12-31T17:00:00,8,Emilia-Romagna,2629,233,2862,54484,57346,1289,2116,106428,7738,171512,2572140,1227556.0,20.0,0.0,0.0,0.0,0.0,0,0,3.0,-12.0,-9.0,772.0,55.0,15735.0,6030.0,1298.0,8.14,4.99,13.45,35.09,1.3,2.3
2021-01-01T17:00:00,8,Emilia-Romagna,2643,231,2874,53913,56787,-559,2629,109546,7808,174141,2583512,1232042.0,11.0,0.0,0.0,0.0,0.0,0,0,-2.0,14.0,12.0,3118.0,70.0,11372.0,4486.0,-571.0,8.04,5.06,23.12,58.6,-0.86,-0.97
2021-01-02T17:00:00,8,Emilia-Romagna,2649,229,2878,55628,58506,1719,2035,109818,7846,176170,2588793,1234681.0,17.0,0.0,0.0,0.0,0.0,0,0,-2.0,6.0,4.0,272.0,38.0,5281.0,2639.0,1715.0,7.96,4.92,38.53,77.11,-0.87,3.03
2021-01-03T17:00:00,8,Emilia-Romagna,2657,234,2891,53737,56628,-1878,1818,113473,7887,177988,2603180,1239887.0,15.0,0.0,0.0,0.0,0.0,0,0,5.0,8.0,13.0,3655.0,41.0,14387.0,5206.0,-1891.0,8.09,5.11,12.64,34.92,2.18,-3.21
2021-01-04T17:00:00,8,Emilia-Romagna,2684,235,2919,53466,56385,-243,1600,115260,7941,179586,2612313,1242760.0,12.0,0.0,0.0,0.0,0.0,0,0,1.0,27.0,28.0,1787.0,54.0,9133.0,2873.0,-271.0,8.05,5.18,17.52,55.69,0.43,-0.43
2021-01-05T17:00:00,8,Emilia-Romagna,2696,232,2928,54249,57177,792,1506,115907,8005,181089,2628108,1246273.0,18.0,0.0,0.0,0.0,0.0,0,0,-3.0,12.0,9.0,647.0,64.0,15795.0,3513.0,783.0,7.92,5.12,9.53,42.87,-1.28,1.4
2021-01-06T17:00:00,8,Emilia-Romagna,2665,236,2901,55168,58069,892,1576,116526,8066,182661,2644635,1252185.0,16.0,0.0,0.0,0.0,0.0,0,0,4.0,-31.0,-27.0,619.0,61.0,16527.0,5912.0,919.0,8.14,5.0,9.54,26.66,1.72,1.56
2021-01-07T17:00:00,8,Emilia-Romagna,2701,240,2941,53944,56885,-1184,2228,119874,8130,184889,2654264,1256332.0,14.0,0.0,0.0,0.0,0.0,0,0,4.0,36.0,40.0,3348.0,64.0,9629.0,4147.0,-1224.0,8.16,5.17,23.14,53.73,1.69,-2.04
2021-01-08T17:00:00,8,Emilia-Romagna,2691,245,2936,53912,56848,-37,2026,121855,8210,186913,2669612,1260158.0,20.0,0.0,0.0,0.0,0.0,0,0,5.0,-10.0,-5.0,1981.0,80.0,15348.0,3826.0,-32.0,8.34,5.16,13.2,52.95,2.08,-0.07
2021-01-09T17:00:00,8,Emilia-Romagna,2679,240,2919,55449,58368,1520,1790,122054,8279,188701,2685079,1264605.0,15.0,0.0,0.0,0.0,0.0,0,0,-5.0,-12.0,-17.0,199.0,69.0,15467.0,4447.0,1537.0,8.22,5.0,11.57,40.25,-2.04,2.67
2021-01-10T17:00:00,8,Emilia-Romagna,2705,237,2942,56966,59908,1540,2193,122647,8337,190892,2695285,1269123.0,13.0,0.0,0.0,0.0,0.0,0,0,-3.0,26.0,23.0,593.0,58.0,10206.0,4518.0,1517.0,8.06,4.91,21.49,48.54,-1.25,2.64
2021-01-11T17:00:00,8,Emilia-Romagna,2741,238,2979,58487,61466,1558,1942,122963,8403,192832,2704917,1272633.0,14.0,0.0,0.0,0.0,0.0,0,0,1.0,36.0,37.0,316.0,66.0,9632.0,3510.0,1521.0,7.99,4.85,20.16,55.33,0.42,2.6
2021-01-12T17:00:00,8,Emilia-Romagna,2730,237,2967,57225,60192,-1274,1563,125749,8454,194395,2721570,1276221.0,11.0,0.0,0.0,0.0,0.0,0,0,-1.0,-11.0,-12.0,2786.0,51.0,16653.0,3588.0,-1262.0,7.99,4.93,9.39,43.56,-0.42,-2.07
2021-01-13T17:00:00,8,Emilia-Romagna,2679,229,2908,55072,57980,-2212,1178,129073,8520,195573,2737403,1280780.0,9.0,0.0,0.0,0.0,0.0,0,0,-8.0,-51.0,-59.0,3324.0,66.0,15833.0,4559.0,-2153.0,7.87,5.02,7.44,25.84,-3.38,-3.67
2021-01-14T17:00:00,8,Emilia-Romagna,2610,233,2843,53105,55948,-2032,1515,132548,8590,197086,2752436,1285504.0,13.0,0.0,0.0,0.0,0.0,0,0,4.0,-69.0,-65.0,3475.0,70.0,15033.0,4724.0,-1967.0,8.2,5.08,10.08,32.07,1.75,-3.5
2021-01-15T17:00:00,8,Emilia-Romagna,2511,231,2742,52768,55510,-438,1794,134711,8657,198878,2774816,1289999.0,10.0,198878.0,0.0,2768103.0,6713.0,ITH,ITH5,-2.0,-99.0,-101.0,2163.0,67.0,22380.0,4495.0,-337.0,8.42,4.94,8.02,39.91,-0.86,-0.78
2021-01-16T17:00:00,8,Emilia-Romagna,2508,231,2739,52541,55280,-230,1674,136567,8705,200552,2795628,1294547.0,21.0,200552.0,0.0,2783275.0,12353.0,ITH,ITH5,0.0,-3.0,-3.0,1856.0,48.0,20812.0,4548.0,-227.0,8.43,4.95,8.04,36.81,0.0,-0.41
2021-01-17T17:00:00,8,Emilia-Romagna,2529,234,2763,52068,54831,-449,1437,138411,8746,201988,2810351,1299105.0,13.0,201988.0,0.0,2795385.0,14966.0,ITH,ITH5,3.0,21.0,24.0,1844.0,41.0,14723.0,4558.0,-473.0,8.47,5.04,9.76,31.53,1.3,-0.81
2021-01-18T17:00:00,8,Emilia-Romagna,2564,238,2802,51428,54230,-601,1153,140114,8797,203141,2820331,1301697.0,16.0,203141.0,0.0,2804121.0,16210.0,ITH,ITH5,4.0,35.0,39.0,1703.0,51.0,9980.0,2592.0,-640.0,8.49,5.17,11.55,44.48,1.71,-1.1
2021-01-19T17:00:00,8,Emilia-Romagna,2520,232,2752,50489,53241,-989,1034,142061,8872,204174,2843983,1305531.0,14.0,204174.0,0.0,2820692.0,23291.0,ITH,ITH5,-6.0,-44.0,-50.0,1947.0,75.0,23652.0,3834.0,-939.0,8.43,5.17,4.37,26.97,-2.52,-1.82
2021-01-20T17:00:00,8,Emilia-Romagna,2490,230,2720,49859,52579,-662,1090,143747,8935,205261,2864629,1310129.0,14.0,205261.0,0.0,2835888.0,28741.0,ITH,ITH5,-2.0,-30.0,-32.0,1686.0,63.0,20646.0,4598.0,-630.0,8.46,5.17,5.28,23.71,-0.86,-1.24
2021-01-21T17:00:00,8,Emilia-Romagna,2456,218,2674,49363,52037,-542,1320,145533,9008,206578,2886578,1314707.0,10.0,206571.0,7.0,2851937.0,34641.0,ITH,ITH5,-12.0,-34.0,-46.0,1786.0,73.0,21949.0,4578.0,-496.0,8.15,5.14,6.01,28.83,-5.22,-1.03
2021-01-22T17:00:00,8,Emilia-Romagna,2402,220,2622,48589,51211,-826,1347,147663,9051,207925,2908287,1318796.0,15.0,207914.0,11.0,2865735.0,42552.0,ITH,ITH5,2.0,-54.0,-52.0,2130.0,43.0,21709.0,4089.0,-774.0,8.39,5.12,6.2,32.94,0.92,-1.59
2021-01-23T17:00:00,8,Emilia-Romagna,2390,217,2607,48125,50732,-479,1310,149419,9084,209235,2932963,1322682.0,13.0,209213.0,22.0,2879137.0,53826.0,ITH,ITH5,-3.0,-12.0,-15.0,1756.0,33.0,24676.0,3886.0,-464.0,8.32,5.14,5.31,33.71,-1.36,-0.94
2021-01-24T17:00:00,8,Emilia-Romagna,2383,219,2602,48755,51357,625,1208,149966,9119,210442,2954788,1327963.0,13.0,210413.0,29.0,2892799.0,61989.0,ITH,ITH5,2.0,-7.0,-5.0,547.0,35.0,21825.0,5281.0,630.0,8.42,5.07,5.53,22.87,0.92,1.23
2021-01-25T17:00:00,8,Emilia-Romagna,2422,222,2644,48645,51289,-68,1164,151122,9195,211606,2965224,1331075.0,12.0,211565.0,41.0,2901428.0,63796.0,ITH,ITH5,3.0,39.0,42.0,1156.0,76.0,10436.0,3112.0,-110.0,8.4,5.16,11.15,37.4,1.37,-0.13
2021-01-26T17:00:00,8,Emilia-Romagna,2293,220,2513,46629,49142,-2147,993,154178,9270,212590,2989865,1334176.0,13.0,212548.0,42.0,2915527.0,74338.0,ITH,ITH5,-2.0,-129.0,-131.0,3056.0,75.0,24641.0,3101.0,-2016.0,8.75,5.11,4.03,32.02,-0.9,-4.19
2021-01-27T17:00:00,8,Emilia-Romagna,2281,210,2491,45615,48106,-1036,923,156088,9307,213501,3013616,1338043.0,10.0,213453.0,48.0,2929686.0,83930.0,ITH,ITH5,-10.0,-12.0,-22.0,1910.0,37.0,23751.0,3867.0,-1014.0,8.43,5.18,3.89,23.87,-4.55,-2.11
2021-01-28T17:00:00,8,Emilia-Romagna,2242,209,2451,45088,47539,-567,1265,157852,9363,214754,3042797,1345403.0,12.0,214705.0,49.0,2949484.0,93313.0,ITH,ITH5,-1.0,-39.0,-40.0,1764.0,56.0,29181.0,7360.0,-527.0,8.53,5.16,4.34,17.19,-0.48,-1.18
2021-01-29T17:00:00,8,Emilia-Romagna,2172,209,2381,44964,47345,-194,1320,159293,9427,216065,3066158,1349723.0,14.0,216016.0,49.0,2963932.0,102226.0,ITH,ITH5,0.0,-70.0,-70.0,1441.0,64.0,23361.0,4320.0,-124.0,8.78,5.03,5.65,30.56,0.0,-0.41
2021-01-30T17:00:00,8,Emilia-Romagna,2124,203,2327,44032,46359,-986,1314,161564,9454,217377,3090178,1354289.0,15.0,217323.0,54.0,2978096.0,112082.0,ITH,ITH5,-6.0,-48.0,-54.0,2271.0,27.0,24020.0,4566.0,-932.0,8.72,5.02,5.47,28.78,-2.87,-2.08
2021-01-31T17:00:00,8,Emilia-Romagna,2112,206,2318,44550,46868,509,1277,162307,9476,218651,3103697,1357767.0,10.0,218595.0,56.0,2986157.0,117540.0,ITH,ITH5,3.0,-12.0,-9.0,743.0,22.0,13519.0,3478.0,518.0,8.89,4.95,9.45,36.72,1.48,1.1
2021-02-01T17:00:00,8,Emilia-Romagna,2181,207,2388,44219,46607,-261,1051,163585,9510,219702,3113966,1360212.0,8.0,219646.0,56.0,2993949.0,120017.0,ITH,ITH5,1.0,69.0,70.0,1278.0,34.0,10269.0,2445.0,-331.0,8.67,5.12,10.23,42.99,0.49,-0.56
2021-02-02T17:00:00,8,Emilia-Romagna,2176,198,2374,42938,45312,-1295,879,165682,9581,220575,3142398,1365345.0,9.0,220517.0,58.0,3011257.0,131141.0,ITH,ITH5,-9.0,-5.0,-14.0,2097.0,71.0,28432.0,5133.0,-1281.0,8.34,5.24,3.09,17.12,-4.35,-2.78
2021-02-03T17:00:00,8,Emilia-Romagna,2122,194,2316,42086,44402,-910,1047,167556,9656,221615,3166204,1369671.0,8.0,221556.0,59.0,3024793.0,141411.0,ITH,ITH5,-4.0,-54.0,-58.0,1874.0,75.0,23806.0,4326.0,-852.0,8.38,5.22,4.4,24.2,-2.02,-2.01
2021-02-04T17:00:00,8,Emilia-Romagna,2046,188,2234,41575,43809,-593,1192,169281,9714,222804,3192086,1375061.0,6.0,222741.0,63.0,3040307.0,151779.0,ITH,ITH5,-6.0,-76.0,-82.0,1725.0,58.0,25882.0,5390.0,-511.0,8.42,5.1,4.61,22.12,-3.09,-1.34
2021-02-05T17:00:00,8,Emilia-Romagna,1990,182,2172,40964,43136,-673,1364,171260,9768,224164,3219440,1380164.0,12.0,224099.0,65.0,3055578.0,163862.0,ITH,ITH5,-6.0,-56.0,-62.0,1979.0,54.0,27354.0,5103.0,-611.0,8.38,5.04,4.99,26.73,-3.19,-1.54
2021-02-06T17:00:00,8,Emilia-Romagna,1956,183,2139,40509,42648,-488,1383,173085,9812,225545,3247836,1385467.0,17.0,225479.0,66.0,3070594.0,177242.0,ITH,ITH5,1.0,-34.0,-33.0,1825.0,44.0,28396.0,5303.0,-455.0,8.56,5.02,4.87,26.08,0.55,-1.13
2021-02-07T17:00:00,8,Emilia-Romagna,1950,181,2131,41130,43261,613,1382,173828,9837,226926,3264051,1390037.0,7.0,226859.0,67.0,3080571.0,183480.0,ITH,ITH5,-2.0,-6.0,-8.0,743.0,25.0,16215.0,4570.0,621.0,8.49,4.93,8.52,30.24,-1.09,1.44
2021-02-08T17:00:00,8,Emilia-Romagna,2002,183,2185,40588,42773,-488,1273,175556,9869,228198,3275041,1392846.0,9.0,228131.0,67.0,3088607.0,186434.0,ITH,ITH5,2.0,52.0,54.0,1728.0,32.0,10990.0,2809.0,-542.0,8.38,5.11,11.58,45.32,1.1,-1.13
2021-02-09T17:00:00,8,Emilia-Romagna,1971,182,2153,40731,42884,111,977,176359,9914,229157,3304742,1396803.0,7.0,229091.0,66.0,3104741.0,200001.0,ITH,ITH5,-1.0,-31.0,-32.0,803.0,45.0,29701.0,3957.0,143.0,8.45,5.02,3.29,24.69,-0.55,0.26
2021-02-10T17:00:00,8,Emilia-Romagna,1937,183,2120,39593,41713,-1171,930,178414,9951,230078,3335406,1402305.0,10.0,230011.0,67.0,3121407.0,213999.0,ITH,ITH5,1.0,-34.0,-33.0,2055.0,37.0,30664.0,5502.0,-1138.0,8.63,5.08,3.03,16.9,0.55,-2.73
2021-02-11T17:00:00,8,Emilia-Romagna,1903,178,2081,38591,40672,-1041,1345,180721,10022,231415,3363109,1407697.0,9.0,231345.0,70.0,3137026.0,226083.0,ITH,ITH5,-5.0,-34.0,-39.0,2307.0,71.0,27703.0,5392.0,-1002.0,8.55,5.12,4.86,24.94,-2.73,-2.5
2021-02-12T17:00:00,8,Emilia-Romagna,1886,175,2061,37952,40013,-659,1538,182876,10049,232938,3391095,1412826.0,18.0,232867.0,71.0,3152086.0,239009.0,ITH,ITH5,-3.0,-17.0,-20.0,2155.0,27.0,27986.0,5129.0,-639.0,8.49,5.15,5.5,29.99,-1.69,-1.62
2021-02-13T17:00:00,8,Emilia-Romagna,1889,171,2060,36518,38578,-1435,1488,185756,10085,234419,3420148,1417820.0,6.0,234348.0,71.0,3166677.0,253471.0,ITH,ITH5,-4.0,3.0,-1.0,2880.0,36.0,29053.0,4994.0,-1434.0,8.3,5.34,5.12,29.8,-2.29,-3.59
2021-02-14T17:00:00,8,Emilia-Romagna,1911,171,2082,35838,37920,-658,1323,187688,10126,235734,3436964,1422487.0,9.0,235661.0,73.0,3177316.0,259648.0,ITH,ITH5,0.0,22.0,22.0,1932.0,41.0,16816.0,4667.0,-680.0,8.21,5.49,7.87,28.35,0.0,-1.71
2021-02-15T17:00:00,8,Emilia-Romagna,1972,172,2144,35426,37570,-350,1391,189406,10147,237123,3449022,1425777.0,12.0,237049.0,74.0,3186022.0,263000.0,ITH,ITH5,1.0,61.0,62.0,1718.0,21.0,12058.0,3290.0,-412.0,8.02,5.71,11.54,42.28,0.58,-0.92
2021-02-16T17:00:00,8,Emilia-Romagna,1975,175,2150,34887,37037,-533,968,190855,10182,238074,3483700,1431653.0,9.0,237999.0,75.0,3207026.0,276674.0,ITH,ITH5,3.0,3.0,6.0,1449.0,35.0,34678.0,5876.0,-539.0,8.14,5.81,2.79,16.47,1.74,-1.42
2021-02-17T17:00:00,8,Emilia-Romagna,1902,176,2078,33190,35268,-1769,1025,193610,10213,239091,3511647,1437392.0,12.0,239015.0,76.0,3221988.0,289659.0,ITH,ITH5,1.0,-73.0,-72.0,2755.0,31.0,27947.0,5739.0,-1697.0,8.47,5.89,3.67,17.86,0.57,-4.78
2021-02-18T17:00:00,8,Emilia-Romagna,1890,181,2071,32858,34929,-339,1565,195486,10235,240650,3541280,1443179.0,18.0,240569.0,81.0,3237722.0,303558.0,ITH,ITH5,5.0,-12.0,-7.0,1876.0,22.0,29633.0,5787.0,-332.0,8.74,5.93,5.28,27.04,2.84,-0.96
2021-02-19T17:00:00,8,Emilia-Romagna,1902,183,2085,32852,34937,8,1821,197244,10281,242462,3571996,1448201.0,20.0,242378.0,84.0,3254146.0,317850.0,ITH,ITH5,2.0,12.0,14.0,1758.0,46.0,30716.0,5022.0,-6.0,8.78,5.97,5.93,36.26,1.1,0.02
2021-02-20T17:00:00,8,Emilia-Romagna,1899,176,2075,33058,35133,196,1724,198733,10304,244170,3603939,1454701.0,11.0,244079.0,91.0,3271027.0,332912.0,ITH,ITH5,-7.0,-3.0,-10.0,1489.0,23.0,31943.0,6500.0,206.0,8.48,5.91,5.4,26.52,-3.83,0.56
2021-02-21T17:00:00,8,Emilia-Romagna,1939,184,2123,33905,36028,895,1852,199647,10345,246020,3624288,1460142.0,14.0,245917.0,103.0,3283741.0,340547.0,ITH,ITH5,8.0,40.0,48.0,914.0,41.0,20349.0,5441.0,847.0,8.67,5.89,9.1,34.04,4.55,2.55
2021-02-22T17:00:00,8,Emilia-Romagna,2017,194,2211,34305,36516,488,1847,200972,10368,247856,3636600,1463743.0,17.0,247747.0,109.0,3292245.0,344355.0,ITH,ITH5,10.0,78.0,88.0,1325.0,23.0,12312.0,3601.0,400.0,8.77,6.05,15.0,51.29,5.43,1.35
2021-02-23T17:00:00,8,Emilia-Romagna,2043,196,2239,34486,36725,209,1588,202311,10393,249429,3671610,1468388.0,17.0,249318.0,111.0,3310327.0,361283.0,ITH,ITH5,2.0,26.0,28.0,1339.0,25.0,35010.0,4645.0,181.0,8.75,6.1,4.54,34.19,1.03,0.57
2021-02-24T17:00:00,8,Emilia-Romagna,2025,201,2226,34545,36771,46,1427,203642,10426,250839,3713779,1474690.0,22.0,250722.0,117.0,3333385.0,380394.0,ITH,ITH5,5.0,-18.0,-13.0,1331.0,33.0,42169.0,6302.0,59.0,9.03,6.05,3.38,22.64,2.55,0.13
2021-02-25T17:00:00,8,Emilia-Romagna,2058,203,2261,35432,37693,922,2090,204763,10459,252915,3754583,1481936.0,21.0,252796.0,119.0,3355208.0,399375.0,ITH,ITH5,2.0,33.0,35.0,1121.0,33.0,40804.0,7246.0,887.0,8.98,6.0,5.12,28.84,1.0,2.51
2021-02-26T17:00:00,8,Emilia-Romagna,2092,211,2303,36919,39222,1529,2575,205768,10489,255479,3794731,1488902.0,27.0,255361.0,118.0,3376900.0,417831.0,ITH,ITH5,8.0,34.0,42.0,1005.0,30.0,40148.0,6966.0,1487.0,9.16,5.87,6.41,36.97,3.94,4.06
2021-02-27T17:00:00,8,Emilia-Romagna,2178,214,2392,38279,40671,1449,2542,206815,10521,258007,3826860,1496542.0,22.0,257881.0,126.0,3389589.0,437271.0,ITH,ITH5,3.0,86.0,89.0,1047.0,32.0,32129.0,7640.0,1360.0,8.95,5.88,7.91,33.27,1.42,3.69
2021-02-28T17:00:00,8,Emilia-Romagna,2255,227,2482,40196,42678,2007,2610,207381,10543,260602,3851466,1503946.0,20.0,260475.0,127.0,3403661.0,447805.0,ITH,ITH5,13.0,77.0,90.0,566.0,22.0,24606.0,7404.0,1917.0,9.15,5.82,10.61,35.25,6.07,4.93
2021-03-01T17:00:00,8,Emilia-Romagna,2375,236,2611,41667,44278,1600,2597,208350,10566,263194,3863929,1507734.0,21.0,263058.0,136.0,3412249.0,451680.0,ITH,ITH5,9.0,120.0,129.0,969.0,23.0,12463.0,3788.0,1471.0,9.04,5.9,20.84,68.56,3.96,3.75
2021-03-02T17:00:00,8,Emilia-Romagna,2476,239,2715,43132,45847,1569,2040,208757,10610,265214,3904900,1513475.0,19.0,265076.0,138.0,3434170.0,470730.0,ITH,ITH5,3.0,101.0,104.0,407.0,44.0,40971.0,5741.0,1465.0,8.8,5.92,4.98,35.53,1.27,3.54
2021-03-03T17:00:00,8,Emilia-Romagna,2528,251,2779,43919,46698,851,2456,210282,10650,267630,3945715,1520827.0,28.0,267487.0,143.0,3456816.0,488899.0,ITH,ITH5,12.0,52.0,64.0,1525.0,40.0,40815.0,7352.0,787.0,9.03,5.95,6.02,33.41,5.02,1.86
2021-03-04T17:00:00,8,Emilia-Romagna,2600,259,2859,45269,48128,1430,2545,211352,10675,270155,3983946,1529215.0,32.0,270009.0,146.0,3477649.0,506297.0,ITH,ITH5,8.0,72.0,80.0,1070.0,25.0,38231.0,8388.0,1350.0,9.06,5.94,6.66,30.34,3.19,3.06
2021-03-05T17:00:00,8,Emilia-Romagna,2663,266,2929,47385,50314,2186,3246,212341,10721,273376,4026645,1537286.0,24.0,273225.0,151.0,3500836.0,525809.0,ITH,ITH5,7.0,63.0,70.0,989.0,46.0,42699.0,8071.0,2116.0,9.08,5.82,7.6,40.22,2.7,4.54
2021-03-06T17:00:00,8,Emilia-Romagna,2753,275,3028,49414,52442,2128,3232,213413,10746,276601,4063252,1544781.0,32.0,276447.0,154.0,3521668.0,541584.0,ITH,ITH5,9.0,90.0,99.0,1072.0,25.0,36607.0,7495.0,2029.0,9.08,5.77,8.83,43.12,3.38,4.23
2021-03-07T17:00:00,8,Emilia-Romagna,2813,283,3096,51839,54935,2493,3056,213934,10777,279646,4089140,1552719.0,29.0,279487.0,159.0,3538159.0,550981.0,ITH,ITH5,8.0,60.0,68.0,521.0,31.0,25888.0,7938.0,2425.0,9.14,5.64,11.8,38.5,2.91,4.75
2021-03-08T17:00:00,8,Emilia-Romagna,2960,286,3246,53772,57018,2083,2987,214771,10827,282616,4106632,1557578.0,19.0,282452.0,164.0,3550630.0,556002.0,ITH,ITH5,3.0,147.0,150.0,837.0,50.0,17492.0,4859.0,1933.0,8.81,5.69,17.08,61.47,1.06,3.79
2021-03-09T17:00:00,8,Emilia-Romagna,3044,307,3351,55045,58396,1378,2429,215754,10871,285021,4150207,1563217.0,46.0,284851.0,170.0,3575749.0,574458.0,ITH,ITH5,21.0,84.0,105.0,983.0,44.0,43575.0,5639.0,1273.0,9.16,5.74,5.57,43.08,7.34,2.42
2021-03-10T17:00:00,8,Emilia-Romagna,3094,333,3427,56021,59448,1052,2155,216774,10914,287136,4191621,1570268.0,47.0,286964.0,172.0,3599065.0,592556.0,ITH,ITH5,26.0,50.0,76.0,1020.0,43.0,41414.0,7051.0,976.0,9.72,5.76,5.2,30.56,8.47,1.8
2021-03-11T17:00:00,8,Emilia-Romagna,3161,345,3506,57160,60666,1218,2845,218332,10959,289957,4231453,1577396.0,39.0,289782.0,175.0,3622387.0,609066.0,ITH,ITH5,12.0,67.0,79.0,1558.0,45.0,39832.0,7128.0,1139.0,9.84,5.78,7.14,39.91,3.6,2.05
2021-03-12T17:00:00,8,Emilia-Romagna,3197,350,3547,59070,62617,1951,3477,219789,10994,293400,4278613,1585015.0,23.0,293223.0,177.0,3646581.0,632032.0,ITH,ITH5,5.0,36.0,41.0,1457.0,35.0,47160.0,7619.0,1910.0,9.87,5.66,7.37,45.64,1.45,3.22
2021-03-13T17:00:00,8,Emilia-Romagna,3254,354,3608,60879,64487,1870,2950,220812,11025,296324,4317841,1592539.0,33.0,296144.0,180.0,3670207.0,647634.0,ITH,ITH5,4.0,57.0,61.0,1023.0,31.0,39228.0,7524.0,1809.0,9.81,5.59,7.52,39.21,1.14,2.99
2021-03-14T17:00:00,8,Emilia-Romagna,3321,364,3685,62883,66568,2081,3023,221695,11076,299339,4342750,1600466.0,36.0,299153.0,186.0,3687245.0,655505.0,ITH,ITH5,10.0,67.0,77.0,883.0,51.0,24909.0,7927.0,2004.0,9.88,5.54,12.14,38.14,2.82,3.23
2021-03-15T17:00:00,8,Emilia-Romagna,3464,373,3837,64456,68293,1725,2822,222718,11137,302148,4358517,1604554.0,29.0,301960.0,188.0,3699201.0,659316.0,ITH,ITH5,9.0,143.0,152.0,1023.0,61.0,15767.0,4088.0,1573.0,9.72,5.62,17.9,69.03,2.47,2.59
2021-03-16T17:00:00,8,Emilia-Romagna,3516,378,3894,65098,68992,699,2184,224138,11184,304314,4399542,1609388.0,38.0,304122.0,192.0,3723069.0,676473.0,ITH,ITH5,5.0,52.0,57.0,1420.0,47.0,41025.0,4834.0,642.0,9.71,5.64,5.32,45.18,1.34,1.02
2021-03-17T17:00:00,8,Emilia-Romagna,3542,381,3923,65692,69615,623,2026,225473,11236,306324,4436998,1615543.0,31.0,306130.0,194.0,3745487.0,691511.0,ITH,ITH5,3.0,26.0,29.0,1335.0,52.0,37456.0,6155.0,594.0,9.71,5.64,5.41,32.92,0.79,0.9
2021-03-18T17:00:00,8,Emilia-Romagna,3551,385,3936,66502,70438,823,2531,227087,11301,308826,4474763,1621942.0,26.0,308631.0,195.0,3768368.0,706395.0,ITH,ITH5,4.0,9.0,13.0,1614.0,65.0,37765.0,6399.0,810.0,9.78,5.59,6.7,39.55,1.05,1.18
2021-03-19T17:00:00,8,Emilia-Romagna,3549,386,3935,68852,72787,2349,3188,227858,11343,311988,4510779,1627949.0,27.0,311793.0,195.0,3790375.0,720404.0,ITH,ITH5,1.0,-2.0,-1.0,771.0,42.0,36016.0,6007.0,2350.0,9.81,5.41,8.85,53.07,0.26,3.33
2021-03-20T17:00:00,8,Emilia-Romagna,3519,401,3920,69519,73439,652,2560,229697,11390,314526,4547328,1633925.0,34.0,314327.0,199.0,3812106.0,735222.0,ITH,ITH5,15.0,-30.0,-15.0,1839.0,47.0,36549.0,5976.0,667.0,10.23,5.34,7.0,42.84,3.89,0.9
2021-03-21T17:00:00,8,Emilia-Romagna,3566,396,3962,70502,74464,1025,2448,231079,11424,316967,4564438,1639007.0,23.0,316765.0,202.0,3827532.0,736906.0,ITH,ITH5,-5.0,47.0,42.0,1382.0,34.0,17110.0,5082.0,983.0,9.99,5.32,14.31,48.17,-1.25,1.4
2021-03-22T17:00:00,8,Emilia-Romagna,3702,390,4092,70679,74771,307,2118,232841,11468,319080,4584340,1642090.0,21.0,318876.0,204.0,3837292.0,747048.0,ITH,ITH5,-6.0,136.0,130.0,1762.0,44.0,19902.0,3083.0,177.0,9.53,5.47,10.64,68.7,-1.52,0.41
2021-03-23T17:00:00,8,Emilia-Romagna,3659,395,4054,69542,73596,-1175,1578,235512,11524,320632,4620268,1645785.0,37.0,320424.0,208.0,3858286.0,761982.0,ITH,ITH5,5.0,-43.0,-38.0,2671.0,56.0,35928.0,3695.0,-1137.0,9.74,5.51,4.39,42.71,1.28,-1.57
2021-03-24T17:00:00,8,Emilia-Romagna,3614,397,4011,67845,71856,-1740,1725,238912,11569,322337,4654431,1650638.0,33.0,322126.0,211.0,3879346.0,775085.0,ITH,ITH5,2.0,-45.0,-43.0,3400.0,45.0,34163.0,4853.0,-1697.0,9.9,5.58,5.05,35.55,0.51,-2.36
2021-03-25T17:00:00,8,Emilia-Romagna,3557,402,3959,67876,71835,-21,2070,240932,11627,324394,4689356,1655616.0,30.0,324182.0,212.0,3900448.0,788908.0,ITH,ITH5,5.0,-57.0,-52.0,2020.0,58.0,34925.0,4978.0,31.0,10.15,5.51,5.93,41.58,1.26,-0.03
2021-03-26T17:00:00,8,Emilia-Romagna,3515,399,3914,67945,71859,24,2391,243244,11673,326776,4721424,1660353.0,26.0,326563.0,213.0,3919926.0,801498.0,ITH,ITH5,-3.0,-42.0,-45.0,2312.0,46.0,32068.0,4737.0,69.0,10.19,5.45,7.46,50.47,-0.75,0.03
2021-03-27T17:00:00,8,Emilia-Romagna,3467,400,3867,68194,72061,202,2269,245274,11706,329041,4754658,1665159.0,32.0,328824.0,217.0,3939466.0,815192.0,ITH,ITH5,1.0,-48.0,-47.0,2030.0,33.0,33234.0,4806.0,249.0,10.34,5.37,6.83,47.21,0.25,0.28
2021-03-28T17:00:00,8,Emilia-Romagna,3442,401,3843,68911,72754,693,2137,246682,11737,331173,4773714,1669287.0,19.0,330952.0,221.0,3952131.0,821583.0,ITH,ITH5,1.0,-25.0,-24.0,1408.0,31.0,19056.0,4128.0,717.0,10.43,5.28,11.21,51.77,0.25,0.96
2021-03-29T17:00:00,8,Emilia-Romagna,3540,398,3938,69952,73890,1136,2011,247487,11792,333169,4785678,1671791.0,17.0,332944.0,225.0,3960385.0,825293.0,ITH,ITH5,-3.0,98.0,95.0,805.0,55.0,11964.0,2504.0,1041.0,10.11,5.33,16.81,80.31,-0.75,1.56
2021-03-30T17:00:00,8,Emilia-Romagna,3486,392,3878,69202,73080,-810,1187,249404,11859,334343,4819016,1675028.0,22.0,334118.0,225.0,3977798.0,841218.0,ITH,ITH5,-6.0,-54.0,-60.0,1917.0,67.0,33338.0,3237.0,-750.0,10.11,5.31,3.56,36.67,-1.51,-1.1
2021-03-31T17:00:00,8,Emilia-Romagna,3427,390,3817,68618,72435,-645,1490,251468,11917,335820,4850208,1679293.0,22.0,335592.0,228.0,3995189.0,855019.0,ITH,ITH5,-2.0,-59.0,-61.0,2064.0,58.0,31192.0,4265.0,-584.0,10.22,5.27,4.78,34.94,-0.51,-0.88
2021-04-01T17:00:00,8,Emilia-Romagna,3337,381,3718,68641,72359,-76,1809,253277,11984,337620,4881387,1683128.0,16.0,337392.0,228.0,4012703.0,868684.0,ITH,ITH5,-9.0,-90.0,-99.0,1809.0,67.0,31179.0,3835.0,23.0,10.25,5.14,5.8,47.17,-2.31,-0.1
2021-04-02T17:00:00,8,Emilia-Romagna,3299,371,3670,69579,73249,890,1830,254151,12040,339440,4911635,1686958.0,10.0,339208.0,232.0,4028261.0,883374.0,ITH,ITH5,-10.0,-38.0,-48.0,874.0,56.0,30248.0,3830.0,938.0,10.11,5.01,6.05,47.78,-2.62,1.23
2021-04-03T17:00:00,8,Emilia-Romagna,3181,366,3547,68933,72480,-769,1789,256660,12078,341218,4943483,1690474.0,21.0,340986.0,232.0,4042545.0,900938.0,ITH,ITH5,-5.0,-118.0,-123.0,2509.0,38.0,31848.0,3516.0,-646.0,10.32,4.89,5.62,50.88,-1.35,-1.05
2021-04-04T17:00:00,8,Emilia-Romagna,3117,360,3477,68711,72188,-292,1700,258614,12113,342915,4963261,1694312.0,13.0,342683.0,232.0,4053148.0,910113.0,ITH,ITH5,-6.0,-64.0,-70.0,1954.0,35.0,19778.0,3838.0,-222.0,10.35,4.82,8.6,44.29,-1.64,-0.4
2021-04-05T17:00:00,8,Emilia-Romagna,3149,366,3515,68691,72206,18,1493,260051,12151,344408,4969490,1696096.0,19.0,344175.0,233.0,4058130.0,911360.0,ITH,ITH5,6.0,32.0,38.0,1437.0,38.0,6229.0,1784.0,-20.0,10.41,4.87,23.97,83.69,1.67,0.02
2021-04-06T17:00:00,8,Emilia-Romagna,3206,367,3573,67317,70890,-1316,791,262117,12189,345196,4982493,1697399.0,15.0,344958.0,238.0,4066564.0,915929.0,ITH,ITH5,1.0,57.0,58.0,2066.0,38.0,13003.0,1303.0,-1374.0,10.27,5.04,6.08,60.71,0.27,-1.82
2021-04-07T17:00:00,8,Emilia-Romagna,3160,356,3516,65459,68975,-1915,576,264532,12246,345753,5014353,1700203.0,24.0,345515.0,238.0,4084264.0,930089.0,ITH,ITH5,-11.0,-46.0,-57.0,2415.0,57.0,31860.0,2804.0,-1858.0,10.13,5.1,1.81,20.54,-3.0,-2.7
2021-04-08T17:00:00,8,Emilia-Romagna,3051,352,3403,65452,68855,-120,1075,265694,12271,346820,5044615,1704348.0,22.0,346582.0,238.0,4102303.0,942312.0,ITH,ITH5,-4.0,-109.0,-113.0,1162.0,25.0,30262.0,4145.0,-7.0,10.34,4.94,3.55,25.93,-1.12,-0.17
2021-04-09T17:00:00,8,Emilia-Romagna,2917,343,3260,64958,68218,-637,1488,267780,12307,348305,5071297,1707662.0,15.0,348064.0,241.0,4116772.0,954525.0,ITH,ITH5,-9.0,-134.0,-143.0,2086.0,36.0,26682.0,3314.0,-494.0,10.52,4.78,5.58,44.9,-2.56,-0.93
2021-04-10T17:00:00,8,Emilia-Romagna,2805,334,3139,64293,67432,-786,1525,270050,12340,349822,5099822,1711090.0,15.0,349577.0,245.0,4131774.0,968048.0,ITH,ITH5,-9.0,-112.0,-121.0,2270.0,33.0,28525.0,3428.0,-665.0,10.64,4.66,5.35,44.49,-2.62,-1.15
2021-04-11T17:00:00,8,Emilia-Romagna,2711,330,3041,63584,66625,-807,1170,271983,12380,350988,5117442,1714208.0,12.0,350743.0,245.0,4142052.0,975390.0,ITH,ITH5,-4.0,-94.0,-98.0,1933.0,40.0,17620.0,3118.0,-709.0,10.85,4.56,6.64,37.52,-1.2,-1.2
2021-04-12T17:00:00,8,Emilia-Romagna,2756,332,3088,63345,66433,-192,1151,273287,12411,352131,5130341,1716038.0,10.0,351885.0,246.0,4150281.0,980060.0,ITH,ITH5,2.0,45.0,47.0,1304.0,31.0,12899.0,1830.0,-239.0,10.75,4.65,8.92,62.9,0.61,-0.29
2021-04-13T17:00:00,8,Emilia-Romagna,2654,331,2985,61968,64953,-1480,785,275503,12452,352908,5156399,1718783.0,19.0,352659.0,249.0,4163612.0,992787.0,ITH,ITH5,-1.0,-102.0,-103.0,2216.0,41.0,26058.0,2745.0,-1377.0,11.09,4.6,3.01,28.6,-0.3,-2.23
2021-04-14T17:00:00,8,Emilia-Romagna,2590,317,2907,62210,65117,164,859,276162,12482,353761,5183846,1722577.0,14.0,353512.0,249.0,4179419.0,1004427.0,ITH,ITH5,-14.0,-64.0,-78.0,659.0,30.0,27447.0,3794.0,242.0,10.9,4.46,3.13,22.64,-4.23,0.25
