data,codice_regione,denominazione_regione,ricoverati_con_sintomi,terapia_intensiva,totale_ospedalizzati,isolamento_domiciliare,totale_positivi,variazione_totale_positivi,nuovi_positivi,dimessi_guariti,deceduti,casi_da_sospetto_diagnostico,casi_da_screening,totale_casi,tamponi,casi_testati,ingressi_terapia_intensiva,totale_positivi_test_molecolare,totale_positivi_test_antigenico_rapido,tamponi_test_molecolare,tamponi_test_antigenico_rapido,variazione_terapia_intensiva,variazione_ricoverati_con_sintomi,variazione_totale_ospedalizzati,nuovi_dimessi_guariti,nuovi_deceduti,nuovi_tamponi,nuovi_casi_testati,variazione_isolamento_domiciliare,ti_su_to,to_su_tp,np_su_nt,np_su_nct,var_ti_perc,var_pos_perc
2020-02-25T18:00:00,20,Sardegna,0,0,0,0,0,0,0,0,0,0.0,0.0,0,1,0.0,0.0,0.0,0.0,0.0,0.0,0.0,0.0,0.0,0.0,0.0,0.0,0.0,0.0,0.0,0.0,0.0,0.0,0.0,0.0
2020-02-26T18:00:00,20,Sardegna,0,0,0,0,0,0,0,0,0,0.0,0.0,0,1,0.0,0.0,0.0,0.0,0.0,0.0,0.0,0.0,0.0,0.0,0.0,0.0,0.0,0.0,0.0,0.0,0.0,0.0,0.0,0.0
2020-02-27T18:00:00,20,Sardegna,0,0,0,0,0,0,0,0,0,0.0,0.0,0,1,0.0,0.0,0.0,0.0,0.0,0.0,0.0,0.0,0.0,0.0,0.0,0.0,0.0,0.0,0.0,0.0,0.0,0.0,0.0,0.0
2020-02-28T18:00:00,20,Sardegna,0,0,0,0,0,0,0,0,0,0.0,0.0,0,1,0.0,0.0,0.0,0.0,0.0,0.0,0.0,0.0,0.0,0.0,0.0,0.0,0.0,0.0,0.0,0.0,0.0,0.0,0.0,0.0
2020-02-29T17:00:00,20,Sardegna,0,0,0,0,0,0,0,0,0,0.0,0.0,0,1,0.0,0.0,0.0,0.0,0.0,0.0,0.0,0.0,0.0,0.0,0.0,0.0,0.0,0.0,0.0,0.0,0.0,0.0,0.0,0.0
2020-03-01T17:00:00,20,Sardegna,0,0,0,0,0,0,0,0,0,0.0,0.0,0,29,0.0,0.0,0.0,0.0,0.0,0.0,0.0,0.0,0.0,0.0,0.0,28.0,0.0,0.0,0.0,0.0,0.0,0.0,0.0,0.0
2020-03-02T18:00:00,20,Sardegna,0,0,0,0,0,0,0,0,0,0.0,0.0,0,29,0.0,0.0,0.0,0.0,0.0,0.0,0.0,0.0,0.0,0.0,0.0,0.0,0.0,0.0,0.0,0.0,0.0,0.0,0.0,0.0
2020-03-03T18:00:00,20,Sardegna,1,0,1,0,1,1,1,0,0,0.0,0.0,1,29,0.0,0.0,0.0,0.0,0.0,0.0,0.0,1.0,1.0,0.0,0.0,0.0,0.0,0.0,0.0,100.0,0.0,0.0,0.0,0.0
2020-03-04T17:00:00,20,Sardegna,1,0,1,1,2,1,1,0,0,0.0,0.0,2,42,0.0,0.0,0.0,0.0,0.0,0.0,0.0,0.0,0.0,0.0,0.0,13.0,0.0,1.0,0.0,50.0,7.69,0.0,0.0,100.0
2020-03-05T17:00:00,20,Sardegna,2,0,2,0,2,0,0,0,0,0.0,0.0,2,50,0.0,0.0,0.0,0.0,0.0,0.0,0.0,1.0,1.0,0.0,0.0,8.0,0.0,-1.0,0.0,100.0,0.0,0.0,0.0,0.0
2020-03-06T17:00:00,20,Sardegna,2,0,2,3,5,3,3,0,0,0.0,0.0,5,99,0.0,0.0,0.0,0.0,0.0,0.0,0.0,0.0,0.0,0.0,0.0,49.0,0.0,3.0,0.0,40.0,6.12,0.0,0.0,150.0
2020-03-07T18:00:00,20,Sardegna,2,0,2,3,5,0,0,0,0,0.0,0.0,5,99,0.0,0.0,0.0,0.0,0.0,0.0,0.0,0.0,0.0,0.0,0.0,0.0,0.0,0.0,0.0,40.0,0.0,0.0,0.0,0.0
2020-03-08T18:00:00,20,Sardegna,5,0,5,6,11,6,6,0,0,0.0,0.0,11,149,0.0,0.0,0.0,0.0,0.0,0.0,0.0,3.0,3.0,0.0,0.0,50.0,0.0,3.0,0.0,45.45,12.0,0.0,0.0,120.0
2020-03-09T18:00:00,20,Sardegna,8,0,8,11,19,8,8,0,0,0.0,0.0,19,185,0.0,0.0,0.0,0.0,0.0,0.0,0.0,3.0,3.0,0.0,0.0,36.0,0.0,5.0,0.0,42.11,22.22,0.0,0.0,72.73
2020-03-10T18:00:00,20,Sardegna,9,0,9,11,20,1,1,0,0,0.0,0.0,20,204,0.0,0.0,0.0,0.0,0.0,0.0,0.0,1.0,1.0,0.0,0.0,19.0,0.0,0.0,0.0,45.0,5.26,0.0,0.0,5.26
2020-03-11T17:00:00,20,Sardegna,10,0,10,27,37,17,17,0,0,0.0,0.0,37,283,0.0,0.0,0.0,0.0,0.0,0.0,0.0,1.0,1.0,0.0,0.0,79.0,0.0,16.0,0.0,27.03,21.52,0.0,0.0,85.0
2020-03-12T17:00:00,20,Sardegna,12,0,12,27,39,2,2,0,0,0.0,0.0,39,302,0.0,0.0,0.0,0.0,0.0,0.0,0.0,2.0,2.0,0.0,0.0,19.0,0.0,0.0,0.0,30.77,10.53,0.0,0.0,5.41
2020-03-13T17:00:00,20,Sardegna,12,0,12,31,43,4,4,0,0,0.0,0.0,43,504,0.0,0.0,0.0,0.0,0.0,0.0,0.0,0.0,0.0,0.0,0.0,202.0,0.0,4.0,0.0,27.91,1.98,0.0,0.0,10.26
2020-03-14T17:00:00,20,Sardegna,14,0,14,33,47,4,4,0,0,0.0,0.0,47,530,0.0,0.0,0.0,0.0,0.0,0.0,0.0,2.0,2.0,0.0,0.0,26.0,0.0,2.0,0.0,29.79,15.38,0.0,0.0,9.3
2020-03-15T17:00:00,20,Sardegna,16,0,16,59,75,28,30,0,2,0.0,0.0,77,613,0.0,0.0,0.0,0.0,0.0,0.0,0.0,2.0,2.0,0.0,2.0,83.0,0.0,26.0,0.0,21.33,36.14,0.0,0.0,59.57
2020-03-16T17:00:00,20,Sardegna,39,0,39,66,105,30,30,0,2,0.0,0.0,107,797,0.0,0.0,0.0,0.0,0.0,0.0,0.0,23.0,23.0,0.0,0.0,184.0,0.0,7.0,0.0,37.14,16.3,0.0,0.0,40.0
2020-03-17T17:00:00,20,Sardegna,36,4,40,75,115,10,10,0,2,0.0,0.0,117,1003,0.0,0.0,0.0,0.0,0.0,0.0,4.0,-3.0,1.0,0.0,0.0,206.0,0.0,9.0,10.0,34.78,4.85,0.0,0.0,9.52
2020-03-18T17:00:00,20,Sardegna,42,7,49,83,132,17,17,0,2,0.0,0.0,134,1135,0.0,0.0,0.0,0.0,0.0,0.0,3.0,6.0,9.0,0.0,0.0,132.0,0.0,8.0,14.29,37.12,12.88,0.0,75.0,14.78
2020-03-19T17:00:00,20,Sardegna,43,9,52,152,204,72,72,0,2,0.0,0.0,206,1334,0.0,0.0,0.0,0.0,0.0,0.0,2.0,1.0,3.0,0.0,0.0,199.0,0.0,69.0,17.31,25.49,36.18,0.0,28.57,54.55
2020-03-20T17:00:00,20,Sardegna,56,15,71,217,288,84,87,3,2,0.0,0.0,293,1912,0.0,0.0,0.0,0.0,0.0,0.0,6.0,13.0,19.0,3.0,0.0,578.0,0.0,65.0,21.13,24.65,15.05,0.0,66.67,41.18
2020-03-21T17:00:00,20,Sardegna,65,16,81,240,321,33,37,5,4,0.0,0.0,330,2297,0.0,0.0,0.0,0.0,0.0,0.0,1.0,9.0,10.0,2.0,2.0,385.0,0.0,23.0,19.75,25.23,9.61,0.0,6.67,11.46
2020-03-22T17:00:00,20,Sardegna,67,16,83,244,327,6,9,5,7,0.0,0.0,339,2402,0.0,0.0,0.0,0.0,0.0,0.0,0.0,2.0,2.0,0.0,3.0,105.0,0.0,4.0,19.28,25.38,8.57,0.0,0.0,1.87
2020-03-23T17:00:00,20,Sardegna,76,18,94,249,343,16,20,5,11,0.0,0.0,359,2568,0.0,0.0,0.0,0.0,0.0,0.0,2.0,9.0,11.0,0.0,4.0,166.0,0.0,5.0,19.15,27.41,12.05,0.0,12.5,4.89
2020-03-24T17:00:00,20,Sardegna,80,19,99,296,395,52,62,11,15,0.0,0.0,421,2859,0.0,0.0,0.0,0.0,0.0,0.0,1.0,4.0,5.0,6.0,4.0,291.0,0.0,47.0,19.19,25.06,21.31,0.0,5.56,15.16
2020-03-25T17:00:00,20,Sardegna,82,19,101,311,412,17,21,12,18,0.0,0.0,442,3019,0.0,0.0,0.0,0.0,0.0,0.0,0.0,2.0,2.0,1.0,3.0,160.0,0.0,15.0,18.81,24.51,13.12,0.0,0.0,4.3
2020-03-26T17:00:00,20,Sardegna,92,20,112,350,462,50,52,13,19,0.0,0.0,494,3461,0.0,0.0,0.0,0.0,0.0,0.0,1.0,10.0,11.0,1.0,1.0,442.0,0.0,39.0,17.86,24.24,11.76,0.0,5.26,12.14
2020-03-27T17:00:00,20,Sardegna,93,19,112,384,496,34,36,13,21,0.0,0.0,530,3801,0.0,0.0,0.0,0.0,0.0,0.0,-1.0,1.0,0.0,0.0,2.0,340.0,0.0,34.0,16.96,22.58,10.59,0.0,-5.0,7.36
2020-03-28T17:00:00,20,Sardegna,95,22,117,452,569,73,94,29,26,0.0,0.0,624,4225,0.0,0.0,0.0,0.0,0.0,0.0,3.0,2.0,5.0,16.0,5.0,424.0,0.0,68.0,18.8,20.56,22.17,0.0,15.79,14.72
2020-03-29T17:00:00,20,Sardegna,105,23,128,454,582,13,14,29,27,0.0,0.0,638,4598,0.0,0.0,0.0,0.0,0.0,0.0,1.0,10.0,11.0,0.0,1.0,373.0,0.0,2.0,17.97,21.99,3.75,0.0,4.55,2.28
2020-03-30T17:00:00,20,Sardegna,113,24,137,485,622,40,44,32,28,0.0,0.0,682,4993,0.0,0.0,0.0,0.0,0.0,0.0,1.0,8.0,9.0,3.0,1.0,395.0,0.0,31.0,17.52,22.03,11.14,0.0,4.35,6.87
2020-03-31T17:00:00,20,Sardegna,113,28,141,516,657,35,40,34,31,0.0,0.0,722,5257,0.0,0.0,0.0,0.0,0.0,0.0,4.0,0.0,4.0,2.0,3.0,264.0,0.0,31.0,19.86,21.46,15.15,0.0,16.67,5.63
2020-04-01T17:00:00,20,Sardegna,119,27,146,529,675,18,23,36,34,0.0,0.0,745,5501,0.0,0.0,0.0,0.0,0.0,0.0,-1.0,6.0,5.0,2.0,3.0,244.0,0.0,13.0,18.49,21.63,9.43,0.0,-3.57,2.74
2020-04-02T17:00:00,20,Sardegna,117,24,141,577,718,43,49,36,40,0.0,0.0,794,5970,0.0,0.0,0.0,0.0,0.0,0.0,-3.0,-2.0,-5.0,0.0,6.0,469.0,0.0,48.0,17.02,19.64,10.45,0.0,-11.11,6.37
2020-04-03T17:00:00,20,Sardegna,122,24,146,598,744,26,31,40,41,0.0,0.0,825,6478,0.0,0.0,0.0,0.0,0.0,0.0,0.0,5.0,5.0,4.0,1.0,508.0,0.0,21.0,16.44,19.62,6.1,0.0,0.0,3.62
2020-04-04T17:00:00,20,Sardegna,123,24,147,642,789,45,49,44,41,0.0,0.0,874,6789,0.0,0.0,0.0,0.0,0.0,0.0,0.0,1.0,1.0,4.0,0.0,311.0,0.0,44.0,16.33,18.63,15.76,0.0,0.0,6.05
2020-04-05T17:00:00,20,Sardegna,126,25,151,664,815,26,33,49,43,0.0,0.0,907,7157,0.0,0.0,0.0,0.0,0.0,0.0,1.0,3.0,4.0,5.0,2.0,368.0,0.0,22.0,16.56,18.53,8.97,0.0,4.17,3.3
2020-04-06T17:00:00,20,Sardegna,123,26,149,670,819,4,15,56,47,0.0,0.0,922,7521,0.0,0.0,0.0,0.0,0.0,0.0,1.0,-3.0,-2.0,7.0,4.0,364.0,0.0,6.0,17.45,18.19,4.12,0.0,4.0,0.49
2020-04-07T17:00:00,20,Sardegna,122,26,148,673,821,2,13,62,52,0.0,0.0,935,7680,0.0,0.0,0.0,0.0,0.0,0.0,0.0,-1.0,-1.0,6.0,5.0,159.0,0.0,3.0,17.57,18.03,8.18,0.0,0.0,0.24
2020-04-08T17:00:00,20,Sardegna,112,31,143,697,840,19,40,76,59,0.0,0.0,975,8493,0.0,0.0,0.0,0.0,0.0,0.0,5.0,-10.0,-5.0,14.0,7.0,813.0,0.0,24.0,21.68,17.02,4.92,0.0,19.23,2.31
2020-04-09T17:00:00,20,Sardegna,106,25,131,745,876,36,51,86,64,0.0,0.0,1026,8918,0.0,0.0,0.0,0.0,0.0,0.0,-6.0,-6.0,-12.0,10.0,5.0,425.0,0.0,48.0,19.08,14.95,12.0,0.0,-19.35,4.29
2020-04-10T17:00:00,20,Sardegna,107,26,133,743,876,0,37,118,69,0.0,0.0,1063,9444,0.0,0.0,0.0,0.0,0.0,0.0,1.0,1.0,2.0,32.0,5.0,526.0,0.0,-2.0,19.55,15.18,7.03,0.0,4.0,0.0
2020-04-11T17:00:00,20,Sardegna,113,24,137,751,888,12,28,130,73,0.0,0.0,1091,10120,0.0,0.0,0.0,0.0,0.0,0.0,-2.0,6.0,4.0,12.0,4.0,676.0,0.0,8.0,17.52,15.43,4.14,0.0,-7.69,1.37
2020-04-12T17:00:00,20,Sardegna,109,26,135,768,903,15,22,137,73,0.0,0.0,1113,10663,0.0,0.0,0.0,0.0,0.0,0.0,2.0,-4.0,-2.0,7.0,0.0,543.0,0.0,17.0,19.26,14.95,4.05,0.0,8.33,1.69
2020-04-13T17:00:00,20,Sardegna,107,27,134,780,914,11,15,139,75,0.0,0.0,1128,11010,0.0,0.0,0.0,0.0,0.0,0.0,1.0,-2.0,-1.0,2.0,2.0,347.0,0.0,12.0,20.15,14.66,4.32,0.0,3.85,1.22
2020-04-14T17:00:00,20,Sardegna,107,24,131,769,900,-14,10,158,80,0.0,0.0,1138,11893,0.0,0.0,0.0,0.0,0.0,0.0,-3.0,0.0,-3.0,19.0,5.0,883.0,0.0,-11.0,18.32,14.56,1.13,0.0,-11.11,-1.53
2020-04-15T17:00:00,20,Sardegna,107,26,133,737,870,-30,23,208,83,0.0,0.0,1161,12395,0.0,0.0,0.0,0.0,0.0,0.0,2.0,0.0,2.0,50.0,3.0,502.0,0.0,-32.0,19.55,15.29,4.58,0.0,8.33,-3.33
2020-04-16T17:00:00,20,Sardegna,109,24,133,732,865,-5,3,214,85,0.0,0.0,1164,12796,0.0,0.0,0.0,0.0,0.0,0.0,-2.0,2.0,0.0,6.0,2.0,401.0,0.0,-5.0,18.05,15.38,0.75,0.0,-7.69,-0.57
2020-04-17T17:00:00,20,Sardegna,113,23,136,736,872,7,14,220,86,0.0,0.0,1178,13304,0.0,0.0,0.0,0.0,0.0,0.0,-1.0,4.0,3.0,6.0,1.0,508.0,0.0,4.0,16.91,15.6,2.76,0.0,-4.17,0.81
2020-04-18T17:00:00,20,Sardegna,112,23,135,746,881,9,20,231,86,0.0,0.0,1198,14087,0.0,0.0,0.0,0.0,0.0,0.0,0.0,-1.0,-1.0,11.0,0.0,783.0,0.0,10.0,17.04,15.32,2.55,0.0,0.0,1.03
2020-04-19T17:00:00,20,Sardegna,117,22,139,725,864,-17,17,265,86,0.0,0.0,1215,14859,13760.0,0.0,0.0,0.0,0.0,0.0,-1.0,5.0,4.0,34.0,0.0,772.0,0.0,-21.0,15.83,16.09,2.2,0.0,-4.35,-1.93
2020-04-20T17:00:00,20,Sardegna,115,21,136,718,854,-10,13,288,86,0.0,0.0,1228,15328,14160.0,0.0,0.0,0.0,0.0,0.0,-1.0,-2.0,-3.0,23.0,0.0,469.0,400.0,-7.0,15.44,15.93,2.77,3.25,-4.55,-1.16
2020-04-21T17:00:00,20,Sardegna,112,21,133,704,837,-17,8,306,93,0.0,0.0,1236,15886,14526.0,0.0,0.0,0.0,0.0,0.0,0.0,-3.0,-3.0,18.0,7.0,558.0,366.0,-14.0,15.79,15.89,1.43,2.19,0.0,-1.99
2020-04-22T17:00:00,20,Sardegna,97,20,117,716,833,-4,11,318,96,0.0,0.0,1247,16886,15354.0,0.0,0.0,0.0,0.0,0.0,-1.0,-15.0,-16.0,12.0,3.0,1000.0,828.0,12.0,17.09,14.05,1.1,1.33,-4.76,-0.48
2020-04-23T17:00:00,20,Sardegna,90,20,110,707,817,-16,7,339,98,0.0,0.0,1254,17844,16094.0,0.0,0.0,0.0,0.0,0.0,0.0,-7.0,-7.0,21.0,2.0,958.0,740.0,-9.0,18.18,13.46,0.73,0.95,0.0,-1.92
2020-04-24T17:00:00,20,Sardegna,95,19,114,690,804,-13,3,351,102,0.0,0.0,1257,19889,18050.0,0.0,0.0,0.0,0.0,0.0,-1.0,5.0,4.0,12.0,4.0,2045.0,1956.0,-17.0,16.67,14.18,0.15,0.15,-5.0,-1.59
2020-04-25T17:00:00,20,Sardegna,96,18,114,680,794,-10,14,374,103,0.0,0.0,1271,20351,18480.0,0.0,0.0,0.0,0.0,0.0,-1.0,1.0,0.0,23.0,1.0,462.0,430.0,-10.0,15.79,14.36,3.03,3.26,-5.26,-1.24
2020-04-26T17:00:00,20,Sardegna,95,20,115,668,783,-11,9,388,109,0.0,0.0,1280,21101,19162.0,0.0,0.0,0.0,0.0,0.0,2.0,-1.0,1.0,14.0,6.0,750.0,682.0,-12.0,17.39,14.69,1.2,1.32,11.11,-1.39
2020-04-27T17:00:00,20,Sardegna,97,19,116,660,776,-7,3,398,109,0.0,0.0,1283,21395,19424.0,0.0,0.0,0.0,0.0,0.0,-1.0,2.0,1.0,10.0,0.0,294.0,262.0,-8.0,16.38,14.95,1.02,1.15,-5.0,-0.89
2020-04-28T17:00:00,20,Sardegna,96,18,114,658,772,-4,2,404,109,0.0,0.0,1285,22116,20053.0,0.0,0.0,0.0,0.0,0.0,-1.0,-1.0,-2.0,6.0,0.0,721.0,629.0,-2.0,15.79,14.77,0.28,0.32,-5.26,-0.52
2020-04-29T17:00:00,20,Sardegna,87,17,104,657,761,-11,5,413,116,0.0,0.0,1290,23299,21071.0,0.0,0.0,0.0,0.0,0.0,-1.0,-9.0,-10.0,9.0,7.0,1183.0,1018.0,-1.0,16.35,13.67,0.42,0.49,-5.56,-1.42
2020-04-30T17:00:00,20,Sardegna,87,16,103,641,744,-17,5,435,116,0.0,0.0,1295,24754,22358.0,0.0,0.0,0.0,0.0,0.0,-1.0,0.0,-1.0,22.0,0.0,1455.0,1287.0,-16.0,15.53,13.84,0.34,0.39,-5.88,-2.23
2020-05-01T17:00:00,20,Sardegna,84,12,96,648,744,0,18,452,117,0.0,0.0,1313,26242,23442.0,0.0,0.0,0.0,0.0,0.0,-4.0,-3.0,-7.0,17.0,1.0,1488.0,1084.0,7.0,12.5,12.9,1.21,1.66,-25.0,0.0
2020-05-02T17:00:00,20,Sardegna,86,13,99,631,730,-14,2,466,119,0.0,0.0,1315,26990,24065.0,0.0,0.0,0.0,0.0,0.0,1.0,2.0,3.0,14.0,2.0,748.0,623.0,-17.0,13.13,13.56,0.27,0.32,8.33,-1.88
2020-05-03T17:00:00,20,Sardegna,92,10,102,587,689,-41,4,511,119,0.0,0.0,1319,27737,24662.0,0.0,0.0,0.0,0.0,0.0,-3.0,6.0,3.0,45.0,0.0,747.0,597.0,-44.0,9.8,14.8,0.54,0.67,-23.08,-5.62
2020-05-04T17:00:00,20,Sardegna,91,9,100,553,653,-36,-2,545,119,0.0,0.0,1317,28052,24926.0,0.0,0.0,0.0,0.0,0.0,-1.0,-1.0,-2.0,34.0,0.0,315.0,264.0,-34.0,9.0,15.31,-0.63,-0.76,-10.0,-5.22
2020-05-05T17:00:00,20,Sardegna,94,9,103,539,642,-11,1,557,119,0.0,0.0,1318,28867,25631.0,0.0,0.0,0.0,0.0,0.0,0.0,3.0,3.0,12.0,0.0,815.0,705.0,-14.0,8.74,16.04,0.12,0.14,0.0,-1.68
2020-05-06T17:00:00,20,Sardegna,91,11,102,521,623,-19,1,577,119,0.0,0.0,1319,29966,26598.0,0.0,0.0,0.0,0.0,0.0,2.0,-3.0,-1.0,20.0,0.0,1099.0,967.0,-18.0,10.78,16.37,0.09,0.1,22.22,-2.96
2020-05-07T17:00:00,20,Sardegna,90,9,99,484,583,-40,5,622,119,0.0,0.0,1324,31064,27540.0,0.0,0.0,0.0,0.0,0.0,-2.0,-1.0,-3.0,45.0,0.0,1098.0,942.0,-37.0,9.09,16.98,0.46,0.53,-18.18,-6.42
2020-05-08T17:00:00,20,Sardegna,90,10,100,453,553,-30,6,658,119,0.0,0.0,1330,32219,28519.0,0.0,0.0,0.0,0.0,0.0,1.0,0.0,1.0,36.0,0.0,1155.0,979.0,-31.0,10.0,18.08,0.52,0.61,11.11,-5.15
2020-05-09T17:00:00,20,Sardegna,87,11,98,452,550,-3,4,665,119,0.0,0.0,1334,33330,29503.0,0.0,0.0,0.0,0.0,0.0,1.0,-3.0,-2.0,7.0,0.0,1111.0,984.0,-1.0,11.22,17.82,0.36,0.41,10.0,-0.54
2020-05-10T17:00:00,20,Sardegna,83,10,93,422,515,-35,6,705,120,0.0,0.0,1340,34046,30086.0,0.0,0.0,0.0,0.0,0.0,-1.0,-4.0,-5.0,40.0,1.0,716.0,583.0,-30.0,10.75,18.06,0.84,1.03,-9.09,-6.36
2020-05-11T17:00:00,20,Sardegna,84,10,94,417,511,-4,3,712,120,0.0,0.0,1343,34641,30582.0,0.0,0.0,0.0,0.0,0.0,0.0,1.0,1.0,7.0,0.0,595.0,496.0,-5.0,10.64,18.4,0.5,0.6,0.0,-0.78
2020-05-12T17:00:00,20,Sardegna,77,11,88,418,506,-5,1,718,120,0.0,0.0,1344,35476,31351.0,0.0,0.0,0.0,0.0,0.0,1.0,-7.0,-6.0,6.0,0.0,835.0,769.0,1.0,12.5,17.39,0.12,0.13,10.0,-0.98
2020-05-13T17:00:00,20,Sardegna,78,10,88,403,491,-15,1,734,120,0.0,0.0,1345,36710,32449.0,0.0,0.0,0.0,0.0,0.0,-1.0,1.0,0.0,16.0,0.0,1234.0,1098.0,-15.0,11.36,17.92,0.08,0.09,-9.09,-2.96
2020-05-14T17:00:00,20,Sardegna,76,10,86,379,465,-26,0,755,125,0.0,0.0,1345,38034,33526.0,0.0,0.0,0.0,0.0,0.0,0.0,-2.0,-2.0,21.0,5.0,1324.0,1077.0,-24.0,11.63,18.49,0.0,0.0,0.0,-5.3
2020-05-15T17:00:00,20,Sardegna,75,10,85,376,461,-4,3,762,125,0.0,0.0,1348,39844,34864.0,0.0,0.0,0.0,0.0,0.0,0.0,-1.0,-1.0,7.0,0.0,1810.0,1338.0,-3.0,11.76,18.44,0.17,0.22,0.0,-0.86
2020-05-16T17:00:00,20,Sardegna,75,10,85,330,415,-46,4,812,125,0.0,0.0,1352,41257,35933.0,0.0,0.0,0.0,0.0,0.0,0.0,0.0,0.0,50.0,0.0,1413.0,1069.0,-46.0,11.76,20.48,0.28,0.37,0.0,-9.98
2020-05-17T17:00:00,20,Sardegna,76,10,86,319,405,-10,1,823,125,0.0,0.0,1353,42249,36736.0,0.0,0.0,0.0,0.0,0.0,0.0,1.0,1.0,11.0,0.0,992.0,803.0,-11.0,11.63,21.23,0.1,0.12,0.0,-2.41
2020-05-18T17:00:00,20,Sardegna,72,10,82,298,380,-25,0,847,126,0.0,0.0,1353,43387,37684.0,0.0,0.0,0.0,0.0,0.0,0.0,-4.0,-4.0,24.0,1.0,1138.0,948.0,-21.0,12.2,21.58,0.0,0.0,0.0,-6.17
2020-05-19T17:00:00,20,Sardegna,71,9,80,261,341,-39,1,887,126,0.0,0.0,1354,44413,38503.0,0.0,0.0,0.0,0.0,0.0,-1.0,-1.0,-2.0,40.0,0.0,1026.0,819.0,-37.0,11.25,23.46,0.1,0.12,-10.0,-10.26
2020-05-20T17:00:00,20,Sardegna,68,10,78,253,331,-10,1,898,126,0.0,0.0,1355,45572,39460.0,0.0,0.0,0.0,0.0,0.0,1.0,-3.0,-2.0,11.0,0.0,1159.0,957.0,-8.0,12.82,23.56,0.09,0.1,11.11,-2.93
2020-05-21T17:00:00,20,Sardegna,64,12,76,242,318,-13,1,911,127,0.0,0.0,1356,46795,40461.0,0.0,0.0,0.0,0.0,0.0,2.0,-4.0,-2.0,13.0,1.0,1223.0,1001.0,-11.0,15.79,23.9,0.08,0.1,20.0,-3.93
2020-05-22T17:00:00,20,Sardegna,58,6,64,242,306,-12,0,922,128,0.0,0.0,1356,48189,41603.0,0.0,0.0,0.0,0.0,0.0,-6.0,-6.0,-12.0,11.0,1.0,1394.0,1142.0,0.0,9.38,20.92,0.0,0.0,-50.0,-3.77
2020-05-23T17:00:00,20,Sardegna,58,6,64,223,287,-19,0,940,129,0.0,0.0,1356,49675,42790.0,0.0,0.0,0.0,0.0,0.0,0.0,0.0,0.0,18.0,1.0,1486.0,1187.0,-19.0,9.38,22.3,0.0,0.0,0.0,-6.21
2020-05-24T17:00:00,20,Sardegna,51,3,54,191,245,-42,0,982,129,0.0,0.0,1356,50796,43661.0,0.0,0.0,0.0,0.0,0.0,-3.0,-7.0,-10.0,42.0,0.0,1121.0,871.0,-32.0,5.56,22.04,0.0,0.0,-50.0,-14.63
2020-05-25T17:00:00,20,Sardegna,49,3,52,179,231,-14,-2,994,129,0.0,0.0,1354,51073,43924.0,0.0,0.0,0.0,0.0,0.0,0.0,-2.0,-2.0,12.0,0.0,277.0,263.0,-12.0,5.77,22.51,-0.72,-0.76,0.0,-5.71
2020-05-26T17:00:00,20,Sardegna,41,2,43,181,224,-7,0,1000,130,0.0,0.0,1354,51968,44663.0,0.0,0.0,0.0,0.0,0.0,-1.0,-8.0,-9.0,6.0,1.0,895.0,739.0,2.0,4.65,19.2,0.0,0.0,-33.33,-3.03
2020-05-27T17:00:00,20,Sardegna,41,2,43,172,215,-9,1,1010,130,0.0,0.0,1355,53294,45745.0,0.0,0.0,0.0,0.0,0.0,0.0,0.0,0.0,10.0,0.0,1326.0,1082.0,-9.0,4.65,20.0,0.08,0.09,0.0,-4.02
2020-05-28T17:00:00,20,Sardegna,38,2,40,160,200,-15,0,1025,130,0.0,0.0,1355,54587,46815.0,0.0,0.0,0.0,0.0,0.0,0.0,-3.0,-3.0,15.0,0.0,1293.0,1070.0,-12.0,5.0,20.0,0.0,0.0,0.0,-6.98
2020-05-29T17:00:00,20,Sardegna,37,2,39,151,190,-10,1,1036,130,0.0,0.0,1356,55831,47841.0,0.0,0.0,0.0,0.0,0.0,0.0,-1.0,-1.0,11.0,0.0,1244.0,1026.0,-9.0,5.13,20.53,0.08,0.1,0.0,-5.0
2020-05-30T17:00:00,20,Sardegna,34,2,36,150,186,-4,0,1040,130,0.0,0.0,1356,56580,48432.0,0.0,0.0,0.0,0.0,0.0,0.0,-3.0,-3.0,4.0,0.0,749.0,591.0,-1.0,5.56,19.35,0.0,0.0,0.0,-2.11
2020-05-31T17:00:00,20,Sardegna,33,2,35,150,185,-1,0,1041,130,0.0,0.0,1356,57296,49016.0,0.0,0.0,0.0,0.0,0.0,0.0,-1.0,-1.0,1.0,0.0,716.0,584.0,0.0,5.71,18.92,0.0,0.0,0.0,-0.54
2020-06-01T17:00:00,20,Sardegna,23,1,24,137,161,-24,1,1065,131,0.0,0.0,1357,57687,49354.0,0.0,0.0,0.0,0.0,0.0,-1.0,-10.0,-11.0,24.0,1.0,391.0,338.0,-13.0,4.17,14.91,0.26,0.3,-50.0,-12.97
2020-06-02T17:00:00,20,Sardegna,21,1,22,133,155,-6,0,1071,131,0.0,0.0,1357,58224,49736.0,0.0,0.0,0.0,0.0,0.0,0.0,-2.0,-2.0,6.0,0.0,537.0,382.0,-4.0,4.55,14.19,0.0,0.0,0.0,-3.73
2020-06-03T17:00:00,20,Sardegna,12,1,13,133,146,-9,0,1080,131,0.0,0.0,1357,58605,50057.0,0.0,0.0,0.0,0.0,0.0,0.0,-9.0,-9.0,9.0,0.0,381.0,321.0,0.0,7.69,8.9,0.0,0.0,0.0,-5.81
2020-06-04T17:00:00,20,Sardegna,12,1,13,95,108,-38,0,1118,131,0.0,0.0,1357,59556,50865.0,0.0,0.0,0.0,0.0,0.0,0.0,0.0,0.0,38.0,0.0,951.0,808.0,-38.0,7.69,12.04,0.0,0.0,0.0,-26.03
2020-06-05T17:00:00,20,Sardegna,11,0,11,56,67,-41,2,1161,131,0.0,0.0,1359,60794,51853.0,0.0,0.0,0.0,0.0,0.0,-1.0,-1.0,-2.0,43.0,0.0,1238.0,988.0,-39.0,0.0,16.42,0.16,0.2,-100.0,-37.96
2020-06-06T17:00:00,20,Sardegna,10,1,11,49,60,-7,3,1171,131,0.0,0.0,1362,62145,52956.0,0.0,0.0,0.0,0.0,0.0,1.0,-1.0,0.0,10.0,0.0,1351.0,1103.0,-7.0,9.09,18.33,0.22,0.27,0.0,-10.45
2020-06-07T17:00:00,20,Sardegna,10,1,11,48,59,-1,0,1172,131,0.0,0.0,1362,63172,53735.0,0.0,0.0,0.0,0.0,0.0,0.0,0.0,0.0,1.0,0.0,1027.0,779.0,-1.0,9.09,18.64,0.0,0.0,0.0,-1.67
2020-06-08T17:00:00,20,Sardegna,9,1,10,46,56,-3,0,1175,131,0.0,0.0,1362,63510,54051.0,0.0,0.0,0.0,0.0,0.0,0.0,-1.0,-1.0,3.0,0.0,338.0,316.0,-2.0,10.0,17.86,0.0,0.0,0.0,-5.08
2020-06-09T17:00:00,20,Sardegna,9,1,10,44,54,-2,-1,1176,131,0.0,0.0,1361,64272,54707.0,0.0,0.0,0.0,0.0,0.0,0.0,0.0,0.0,1.0,0.0,762.0,656.0,-2.0,10.0,18.52,-0.13,-0.15,0.0,-3.57
2020-06-10T17:00:00,20,Sardegna,9,1,10,40,50,-4,0,1180,131,0.0,0.0,1361,65175,55439.0,0.0,0.0,0.0,0.0,0.0,0.0,0.0,0.0,4.0,0.0,903.0,732.0,-4.0,10.0,20.0,0.0,0.0,0.0,-7.41
2020-06-11T17:00:00,20,Sardegna,10,1,11,32,43,-7,1,1188,131,0.0,0.0,1362,66133,56226.0,0.0,0.0,0.0,0.0,0.0,0.0,1.0,1.0,8.0,0.0,958.0,787.0,-8.0,9.09,25.58,0.1,0.13,0.0,-14.0
2020-06-12T17:00:00,20,Sardegna,10,1,11,31,42,-1,1,1190,131,0.0,0.0,1363,67069,56937.0,0.0,0.0,0.0,0.0,0.0,0.0,0.0,0.0,2.0,0.0,936.0,711.0,-1.0,9.09,26.19,0.11,0.14,0.0,-2.33
2020-06-13T17:00:00,20,Sardegna,12,0,12,22,34,-8,0,1197,132,0.0,0.0,1363,68079,57763.0,0.0,0.0,0.0,0.0,0.0,-1.0,2.0,1.0,7.0,1.0,1010.0,826.0,-9.0,0.0,35.29,0.0,0.0,-100.0,-19.05
2020-06-14T17:00:00,20,Sardegna,12,0,12,21,33,-1,0,1198,132,0.0,0.0,1363,68769,58281.0,0.0,0.0,0.0,0.0,0.0,0.0,0.0,0.0,1.0,0.0,690.0,518.0,-1.0,0.0,36.36,0.0,0.0,0.0,-2.94
2020-06-15T17:00:00,20,Sardegna,12,0,12,21,33,0,0,1198,132,0.0,0.0,1363,69134,58586.0,0.0,0.0,0.0,0.0,0.0,0.0,0.0,0.0,0.0,0.0,365.0,305.0,0.0,0.0,36.36,0.0,0.0,0.0,0.0
2020-06-16T17:00:00,20,Sardegna,13,0,13,20,33,0,2,1200,132,0.0,0.0,1365,70202,59536.0,0.0,0.0,0.0,0.0,0.0,0.0,1.0,1.0,2.0,0.0,1068.0,950.0,-1.0,0.0,39.39,0.19,0.21,0.0,0.0
2020-06-17T17:00:00,20,Sardegna,11,0,11,20,31,-2,1,1203,132,0.0,0.0,1366,71452,60606.0,0.0,0.0,0.0,0.0,0.0,0.0,-2.0,-2.0,3.0,0.0,1250.0,1070.0,0.0,0.0,35.48,0.08,0.09,0.0,-6.06
2020-06-18T17:00:00,20,Sardegna,10,0,10,21,31,0,1,1204,132,0.0,0.0,1367,72722,61674.0,0.0,0.0,0.0,0.0,0.0,0.0,-1.0,-1.0,1.0,0.0,1270.0,1068.0,1.0,0.0,32.26,0.08,0.09,0.0,0.0
2020-06-19T17:00:00,20,Sardegna,10,0,10,20,30,-1,1,1206,132,0.0,0.0,1368,73846,62546.0,0.0,0.0,0.0,0.0,0.0,0.0,0.0,0.0,2.0,0.0,1124.0,872.0,-1.0,0.0,33.33,0.09,0.11,0.0,-3.23
2020-06-20T17:00:00,20,Sardegna,9,0,9,19,28,-2,1,1209,132,0.0,0.0,1369,75217,63646.0,0.0,0.0,0.0,0.0,0.0,0.0,-1.0,-1.0,3.0,0.0,1371.0,1100.0,-1.0,0.0,32.14,0.07,0.09,0.0,-6.67
2020-06-21T17:00:00,20,Sardegna,9,0,9,19,28,0,0,1209,132,0.0,0.0,1369,76086,64324.0,0.0,0.0,0.0,0.0,0.0,0.0,0.0,0.0,0.0,0.0,869.0,678.0,0.0,0.0,32.14,0.0,0.0,0.0,0.0
2020-06-22T17:00:00,20,Sardegna,9,0,9,19,28,0,0,1209,132,0.0,0.0,1369,76379,64582.0,0.0,0.0,0.0,0.0,0.0,0.0,0.0,0.0,0.0,0.0,293.0,258.0,0.0,0.0,32.14,0.0,0.0,0.0,0.0
2020-06-23T17:00:00,20,Sardegna,7,0,7,8,15,-13,0,1213,132,0.0,0.0,1360,77129,65151.0,0.0,0.0,0.0,0.0,0.0,0.0,-2.0,-2.0,4.0,0.0,750.0,569.0,-11.0,0.0,46.67,0.0,0.0,0.0,-46.43
2020-06-24T17:00:00,20,Sardegna,7,0,7,8,15,0,1,1214,132,0.0,0.0,1361,78449,66202.0,0.0,0.0,0.0,0.0,0.0,0.0,0.0,0.0,1.0,0.0,1320.0,1051.0,0.0,0.0,46.67,0.08,0.1,0.0,0.0
2020-06-25T17:00:00,20,Sardegna,6,0,6,8,14,-1,1,1216,132,1360.0,2.0,1362,79422,67025.0,0.0,0.0,0.0,0.0,0.0,0.0,-1.0,-1.0,2.0,0.0,973.0,823.0,0.0,0.0,42.86,0.1,0.12,0.0,-6.67
2020-06-26T17:00:00,20,Sardegna,5,0,5,7,12,-2,0,1218,132,1360.0,2.0,1362,80546,67848.0,0.0,0.0,0.0,0.0,0.0,0.0,-1.0,-1.0,2.0,0.0,1124.0,823.0,-1.0,0.0,41.67,0.0,0.0,0.0,-14.29
2020-06-27T17:00:00,20,Sardegna,6,0,6,7,13,1,1,1218,132,1360.0,3.0,1363,81351,68359.0,0.0,0.0,0.0,0.0,0.0,0.0,1.0,1.0,0.0,0.0,805.0,511.0,0.0,0.0,46.15,0.12,0.2,0.0,8.33
2020-06-28T17:00:00,20,Sardegna,6,0,6,8,14,1,1,1218,132,1360.0,4.0,1364,82182,69088.0,0.0,0.0,0.0,0.0,0.0,0.0,0.0,0.0,0.0,0.0,831.0,729.0,1.0,0.0,42.86,0.12,0.14,0.0,7.69
2020-06-29T17:00:00,20,Sardegna,6,0,6,8,14,0,0,1218,132,1360.0,4.0,1364,82478,69332.0,0.0,0.0,0.0,0.0,0.0,0.0,0.0,0.0,0.0,0.0,296.0,244.0,0.0,0.0,42.86,0.0,0.0,0.0,0.0
2020-06-30T17:00:00,20,Sardegna,6,0,6,8,14,0,2,1219,133,1360.0,6.0,1366,83439,70030.0,0.0,0.0,0.0,0.0,0.0,0.0,0.0,0.0,1.0,1.0,961.0,698.0,0.0,0.0,42.86,0.21,0.29,0.0,0.0
2020-07-01T17:00:00,20,Sardegna,5,0,5,6,11,-3,0,1222,133,1360.0,6.0,1366,84569,71039.0,0.0,0.0,0.0,0.0,0.0,0.0,-1.0,-1.0,3.0,0.0,1130.0,1009.0,-2.0,0.0,45.45,0.0,0.0,0.0,-21.43
2020-07-02T17:00:00,20,Sardegna,7,0,7,6,13,2,2,1222,133,1360.0,8.0,1368,85381,72197.0,0.0,0.0,0.0,0.0,0.0,0.0,2.0,2.0,0.0,0.0,812.0,1158.0,0.0,0.0,53.85,0.25,0.17,0.0,18.18
2020-07-03T17:00:00,20,Sardegna,6,0,6,8,14,1,1,1222,133,1360.0,9.0,1369,86534,72993.0,0.0,0.0,0.0,0.0,0.0,0.0,-1.0,-1.0,0.0,0.0,1153.0,796.0,2.0,0.0,42.86,0.09,0.13,0.0,7.69
2020-07-04T17:00:00,20,Sardegna,6,0,6,7,13,-1,0,1223,133,1360.0,9.0,1369,87244,73703.0,0.0,0.0,0.0,0.0,0.0,0.0,0.0,0.0,1.0,0.0,710.0,710.0,-1.0,0.0,46.15,0.0,0.0,0.0,-7.14
2020-07-05T17:00:00,20,Sardegna,4,0,4,8,12,-1,1,1225,133,1360.0,10.0,1370,87553,74074.0,0.0,0.0,0.0,0.0,0.0,0.0,-2.0,-2.0,2.0,0.0,309.0,371.0,1.0,0.0,33.33,0.32,0.27,0.0,-7.69
2020-07-06T17:00:00,20,Sardegna,3,0,3,7,10,-2,1,1227,134,1360.0,11.0,1371,87798,74361.0,0.0,0.0,0.0,0.0,0.0,0.0,-1.0,-1.0,2.0,1.0,245.0,287.0,-1.0,0.0,30.0,0.41,0.35,0.0,-16.67
2020-07-07T17:00:00,20,Sardegna,5,0,5,8,13,3,0,1224,134,1360.0,11.0,1371,88721,75144.0,0.0,0.0,0.0,0.0,0.0,0.0,2.0,2.0,-3.0,0.0,923.0,783.0,1.0,0.0,38.46,0.0,0.0,0.0,30.0
2020-07-08T17:00:00,20,Sardegna,3,0,3,7,10,-3,0,1227,134,1360.0,11.0,1371,89561,75894.0,0.0,0.0,0.0,0.0,0.0,0.0,-2.0,-2.0,3.0,0.0,840.0,750.0,-1.0,0.0,30.0,0.0,0.0,0.0,-23.08
2020-07-09T17:00:00,20,Sardegna,3,0,3,7,10,0,0,1227,134,1360.0,11.0,1371,90529,76752.0,0.0,0.0,0.0,0.0,0.0,0.0,0.0,0.0,0.0,0.0,968.0,858.0,0.0,0.0,30.0,0.0,0.0,0.0,0.0
2020-07-10T17:00:00,20,Sardegna,3,0,3,7,10,0,1,1228,134,1360.0,12.0,1372,91395,77452.0,0.0,0.0,0.0,0.0,0.0,0.0,0.0,0.0,1.0,0.0,866.0,700.0,0.0,0.0,30.0,0.12,0.14,0.0,0.0
2020-07-11T17:00:00,20,Sardegna,3,0,3,6,9,-1,0,1229,134,1360.0,12.0,1372,92286,78149.0,0.0,0.0,0.0,0.0,0.0,0.0,0.0,0.0,1.0,0.0,891.0,697.0,-1.0,0.0,33.33,0.0,0.0,0.0,-10.0
2020-07-12T17:00:00,20,Sardegna,3,0,3,6,9,0,0,1229,134,1360.0,12.0,1372,92691,78515.0,0.0,0.0,0.0,0.0,0.0,0.0,0.0,0.0,0.0,0.0,405.0,366.0,0.0,0.0,33.33,0.0,0.0,0.0,0.0
2020-07-13T17:00:00,20,Sardegna,3,0,3,7,10,1,1,1229,134,1360.0,13.0,1373,93207,78923.0,0.0,0.0,0.0,0.0,0.0,0.0,0.0,0.0,0.0,0.0,516.0,408.0,1.0,0.0,30.0,0.19,0.25,0.0,11.11
2020-07-14T17:00:00,20,Sardegna,4,0,4,6,10,0,1,1230,134,1361.0,13.0,1374,94052,79670.0,0.0,0.0,0.0,0.0,0.0,0.0,1.0,1.0,1.0,0.0,845.0,747.0,-1.0,0.0,40.0,0.12,0.13,0.0,0.0
2020-07-15T17:00:00,20,Sardegna,4,0,4,8,12,2,2,1230,134,1361.0,15.0,1376,95175,80552.0,0.0,0.0,0.0,0.0,0.0,0.0,0.0,0.0,0.0,0.0,1123.0,882.0,2.0,0.0,33.33,0.18,0.23,0.0,20.0
2020-07-16T17:00:00,20,Sardegna,4,0,4,7,11,-1,1,1232,134,1362.0,15.0,1377,95982,81230.0,0.0,0.0,0.0,0.0,0.0,0.0,0.0,0.0,2.0,0.0,807.0,678.0,-1.0,0.0,36.36,0.12,0.15,0.0,-8.33
2020-07-17T17:00:00,20,Sardegna,5,0,5,5,10,-1,0,1233,134,1362.0,15.0,1377,97058,82095.0,0.0,0.0,0.0,0.0,0.0,0.0,1.0,1.0,1.0,0.0,1076.0,865.0,-2.0,0.0,50.0,0.0,0.0,0.0,-9.09
2020-07-18T17:00:00,20,Sardegna,7,0,7,4,11,1,1,1233,134,1363.0,15.0,1378,97807,82738.0,0.0,0.0,0.0,0.0,0.0,0.0,2.0,2.0,0.0,0.0,749.0,643.0,-1.0,0.0,63.64,0.13,0.16,0.0,10.0
2020-07-19T17:00:00,20,Sardegna,7,0,7,5,12,1,1,1233,134,1363.0,16.0,1379,98250,83144.0,0.0,0.0,0.0,0.0,0.0,0.0,0.0,0.0,0.0,0.0,443.0,406.0,1.0,0.0,58.33,0.23,0.25,0.0,9.09
2020-07-20T17:00:00,20,Sardegna,7,0,7,5,12,0,0,1233,134,1363.0,16.0,1379,98802,83626.0,0.0,0.0,0.0,0.0,0.0,0.0,0.0,0.0,0.0,0.0,552.0,482.0,0.0,0.0,58.33,0.0,0.0,0.0,0.0
2020-07-21T17:00:00,20,Sardegna,7,0,7,5,12,0,0,1233,134,1363.0,16.0,1379,99476,84157.0,0.0,0.0,0.0,0.0,0.0,0.0,0.0,0.0,0.0,0.0,674.0,531.0,0.0,0.0,58.33,0.0,0.0,0.0,0.0
2020-07-22T17:00:00,20,Sardegna,7,0,7,5,12,0,1,1234,134,1363.0,17.0,1380,100140,84889.0,0.0,0.0,0.0,0.0,0.0,0.0,0.0,0.0,1.0,0.0,664.0,732.0,0.0,0.0,58.33,0.15,0.14,0.0,0.0
2020-07-23T17:00:00,20,Sardegna,7,0,7,7,14,2,2,1234,134,1364.0,18.0,1382,101231,85852.0,0.0,0.0,0.0,0.0,0.0,0.0,0.0,0.0,0.0,0.0,1091.0,963.0,2.0,0.0,50.0,0.18,0.21,0.0,16.67
2020-07-24T17:00:00,20,Sardegna,7,0,7,9,16,2,3,1235,134,1364.0,21.0,1385,101985,86544.0,0.0,0.0,0.0,0.0,0.0,0.0,0.0,0.0,1.0,0.0,754.0,692.0,2.0,0.0,43.75,0.4,0.43,0.0,14.29
2020-07-25T17:00:00,20,Sardegna,6,0,6,13,19,3,3,1235,134,1364.0,24.0,1388,102749,87120.0,0.0,0.0,0.0,0.0,0.0,0.0,-1.0,-1.0,0.0,0.0,764.0,576.0,4.0,0.0,31.58,0.39,0.52,0.0,18.75
2020-07-26T17:00:00,20,Sardegna,6,0,6,13,19,0,0,1235,134,1364.0,24.0,1388,103086,87413.0,0.0,0.0,0.0,0.0,0.0,0.0,0.0,0.0,0.0,0.0,337.0,293.0,0.0,0.0,31.58,0.0,0.0,0.0,0.0
2020-07-27T17:00:00,20,Sardegna,5,0,5,10,15,-4,0,1236,135,1364.0,22.0,1386,103468,87773.0,0.0,0.0,0.0,0.0,0.0,0.0,-1.0,-1.0,1.0,1.0,382.0,360.0,-3.0,0.0,33.33,0.0,0.0,0.0,-21.05
2020-07-28T17:00:00,20,Sardegna,5,0,5,16,21,6,6,1237,134,1365.0,27.0,1392,104201,88391.0,0.0,0.0,0.0,0.0,0.0,0.0,0.0,0.0,1.0,-1.0,733.0,618.0,6.0,0.0,23.81,0.82,0.97,0.0,40.0
2020-07-29T17:00:00,20,Sardegna,3,0,3,20,23,2,2,1237,134,1365.0,29.0,1394,105003,89000.0,0.0,0.0,0.0,0.0,0.0,0.0,-2.0,-2.0,0.0,0.0,802.0,609.0,4.0,0.0,13.04,0.25,0.33,0.0,9.52
2020-07-30T17:00:00,20,Sardegna,3,0,3,20,23,0,0,1237,134,1365.0,29.0,1394,105701,89608.0,0.0,0.0,0.0,0.0,0.0,0.0,0.0,0.0,0.0,0.0,698.0,608.0,0.0,0.0,13.04,0.0,0.0,0.0,0.0
2020-07-31T17:00:00,20,Sardegna,3,0,3,30,33,10,10,1237,134,1365.0,39.0,1404,106345,90445.0,0.0,0.0,0.0,0.0,0.0,0.0,0.0,0.0,0.0,0.0,644.0,837.0,10.0,0.0,9.09,1.55,1.19,0.0,43.48
2020-08-01T17:00:00,20,Sardegna,4,0,4,35,39,6,6,1237,134,1366.0,44.0,1410,107039,91026.0,0.0,0.0,0.0,0.0,0.0,0.0,1.0,1.0,0.0,0.0,694.0,581.0,5.0,0.0,10.26,0.86,1.03,0.0,18.18
2020-08-02T17:00:00,20,Sardegna,3,0,3,40,43,4,4,1237,134,1369.0,45.0,1414,107416,91373.0,0.0,0.0,0.0,0.0,0.0,0.0,-1.0,-1.0,0.0,0.0,377.0,347.0,5.0,0.0,6.98,1.06,1.15,0.0,10.26
2020-08-03T17:00:00,20,Sardegna,3,0,3,41,44,1,2,1238,134,1370.0,46.0,1416,107836,91739.0,0.0,0.0,0.0,0.0,0.0,0.0,0.0,0.0,1.0,0.0,420.0,366.0,1.0,0.0,6.82,0.48,0.55,0.0,2.33
2020-08-04T17:00:00,20,Sardegna,3,0,3,42,45,1,2,1239,134,1370.0,48.0,1418,108850,92306.0,0.0,0.0,0.0,0.0,0.0,0.0,0.0,0.0,1.0,0.0,1014.0,567.0,1.0,0.0,6.67,0.2,0.35,0.0,2.27
2020-08-05T17:00:00,20,Sardegna,5,0,5,48,53,8,9,1240,134,1374.0,53.0,1427,109882,93176.0,0.0,0.0,0.0,0.0,0.0,0.0,2.0,2.0,1.0,0.0,1032.0,870.0,6.0,0.0,9.43,0.87,1.03,0.0,17.78
2020-08-06T17:00:00,20,Sardegna,7,0,7,48,55,2,3,1241,134,1374.0,56.0,1430,110821,93975.0,0.0,0.0,0.0,0.0,0.0,0.0,2.0,2.0,1.0,0.0,939.0,799.0,0.0,0.0,12.73,0.32,0.38,0.0,3.77
2020-08-07T17:00:00,20,Sardegna,8,0,8,50,58,3,3,1241,134,1374.0,59.0,1433,111619,94626.0,0.0,0.0,0.0,0.0,0.0,0.0,1.0,1.0,0.0,0.0,798.0,651.0,2.0,0.0,13.79,0.38,0.46,0.0,5.45
2020-08-08T17:00:00,20,Sardegna,6,0,6,48,54,-4,0,1245,134,1374.0,59.0,1433,112611,95280.0,0.0,0.0,0.0,0.0,0.0,0.0,-2.0,-2.0,4.0,0.0,992.0,654.0,-2.0,0.0,11.11,0.0,0.0,0.0,-6.9
2020-08-09T17:00:00,20,Sardegna,6,0,6,54,60,6,6,1245,134,1375.0,64.0,1439,113066,95686.0,0.0,0.0,0.0,0.0,0.0,0.0,0.0,0.0,0.0,0.0,455.0,406.0,6.0,0.0,10.0,1.32,1.48,0.0,11.11
2020-08-10T17:00:00,20,Sardegna,6,0,6,56,62,2,2,1245,134,1375.0,66.0,1441,113405,95974.0,0.0,0.0,0.0,0.0,0.0,0.0,0.0,0.0,0.0,0.0,339.0,288.0,2.0,0.0,9.68,0.59,0.69,0.0,3.33
2020-08-11T17:00:00,20,Sardegna,6,0,6,76,82,20,20,1245,134,1377.0,84.0,1461,114271,96725.0,0.0,0.0,0.0,0.0,0.0,0.0,0.0,0.0,0.0,0.0,866.0,751.0,20.0,0.0,7.32,2.31,2.66,0.0,32.26
2020-08-12T17:00:00,20,Sardegna,6,0,6,77,83,1,1,1245,134,1377.0,85.0,1462,115018,97340.0,0.0,0.0,0.0,0.0,0.0,0.0,0.0,0.0,0.0,0.0,747.0,615.0,1.0,0.0,7.23,0.13,0.16,0.0,1.22
2020-08-13T17:00:00,20,Sardegna,8,0,8,90,98,15,17,1247,134,1379.0,100.0,1479,116177,98236.0,0.0,0.0,0.0,0.0,0.0,0.0,2.0,2.0,2.0,0.0,1159.0,896.0,13.0,0.0,8.16,1.47,1.9,0.0,18.07
2020-08-14T17:00:00,20,Sardegna,8,0,8,95,103,5,5,1247,134,1381.0,103.0,1484,116750,98662.0,0.0,0.0,0.0,0.0,0.0,0.0,0.0,0.0,0.0,0.0,573.0,426.0,5.0,0.0,7.77,0.87,1.17,0.0,5.1
2020-08-15T17:00:00,20,Sardegna,8,0,8,93,101,-2,5,1254,134,1381.0,108.0,1489,117404,99203.0,0.0,0.0,0.0,0.0,0.0,0.0,0.0,0.0,7.0,0.0,654.0,541.0,-2.0,0.0,7.92,0.76,0.92,0.0,-1.94
2020-08-16T17:00:00,20,Sardegna,8,0,8,97,105,4,5,1254,134,1382.0,111.0,1493,117744,99495.0,0.0,0.0,0.0,0.0,0.0,0.0,0.0,0.0,0.0,0.0,340.0,292.0,4.0,0.0,7.62,1.47,1.71,0.0,3.96
2020-08-17T17:00:00,20,Sardegna,9,0,9,101,110,5,7,1256,134,1385.0,115.0,1500,118084,99783.0,0.0,0.0,0.0,0.0,0.0,0.0,1.0,1.0,2.0,0.0,340.0,288.0,4.0,0.0,8.18,2.06,2.43,0.0,4.76
2020-08-18T17:00:00,20,Sardegna,9,0,9,113,122,12,12,1256,134,1390.0,122.0,1512,119093,100605.0,0.0,0.0,0.0,0.0,0.0,0.0,0.0,0.0,0.0,0.0,1009.0,822.0,12.0,0.0,7.38,1.19,1.46,0.0,10.91
2020-08-19T17:00:00,20,Sardegna,11,0,11,143,154,32,37,1261,134,1398.0,151.0,1549,120218,101544.0,0.0,0.0,0.0,0.0,0.0,0.0,2.0,2.0,5.0,0.0,1125.0,939.0,30.0,0.0,7.14,3.29,3.94,0.0,26.23
2020-08-20T17:00:00,20,Sardegna,12,0,12,159,171,17,23,1262,134,1409.0,158.0,1567,121352,102561.0,0.0,0.0,0.0,0.0,0.0,0.0,1.0,1.0,1.0,0.0,1134.0,1017.0,16.0,0.0,7.02,2.03,2.26,0.0,11.04
2020-08-21T17:00:00,20,Sardegna,13,0,13,200,213,42,42,1262,134,1436.0,173.0,1609,122296,103362.0,0.0,0.0,0.0,0.0,0.0,0.0,1.0,1.0,0.0,0.0,944.0,801.0,41.0,0.0,6.1,4.45,5.24,0.0,24.56
2020-08-22T17:00:00,20,Sardegna,14,0,14,243,257,44,44,1262,134,1472.0,181.0,1653,123056,104014.0,0.0,0.0,0.0,0.0,0.0,0.0,1.0,1.0,0.0,0.0,760.0,652.0,43.0,0.0,5.45,5.79,6.75,0.0,20.66
2020-08-23T17:00:00,20,Sardegna,18,0,18,320,338,81,81,1262,134,1515.0,219.0,1734,124137,104930.0,0.0,0.0,0.0,0.0,0.0,0.0,4.0,4.0,0.0,0.0,1081.0,916.0,77.0,0.0,5.33,7.49,8.84,0.0,31.52
2020-08-24T17:00:00,20,Sardegna,18,0,18,411,429,91,91,1262,134,1531.0,294.0,1825,125231,105849.0,0.0,0.0,0.0,0.0,0.0,0.0,0.0,0.0,0.0,0.0,1094.0,919.0,91.0,0.0,4.2,8.32,9.9,0.0,26.92
2020-08-25T17:00:00,20,Sardegna,19,0,19,444,463,34,34,1262,134,1533.0,326.0,1859,126815,107288.0,0.0,0.0,0.0,0.0,0.0,0.0,1.0,1.0,0.0,0.0,1584.0,1439.0,33.0,0.0,4.1,2.15,2.36,0.0,7.93
2020-08-26T17:00:00,20,Sardegna,20,1,21,492,513,50,53,1265,134,1537.0,375.0,1912,128423,108703.0,0.0,0.0,0.0,0.0,0.0,1.0,1.0,2.0,3.0,0.0,1608.0,1415.0,48.0,4.76,4.09,3.3,3.75,0.0,10.8
2020-08-27T17:00:00,20,Sardegna,24,2,26,542,568,55,57,1265,134,1548.0,419.0,1967,130052,110167.0,0.0,0.0,0.0,0.0,0.0,1.0,4.0,5.0,0.0,0.0,1629.0,1464.0,50.0,7.69,4.58,3.5,3.89,100.0,10.72
2020-08-28T17:00:00,20,Sardegna,23,2,25,597,622,54,55,1266,134,1555.0,467.0,2022,131604,111549.0,0.0,0.0,0.0,0.0,0.0,0.0,-1.0,-1.0,1.0,0.0,1552.0,1382.0,55.0,8.0,4.02,3.54,3.98,0.0,9.51
2020-08-29T17:00:00,20,Sardegna,24,2,26,665,691,69,70,1267,134,1560.0,532.0,2092,133400,113122.0,0.0,0.0,0.0,0.0,0.0,0.0,1.0,1.0,1.0,0.0,1796.0,1573.0,68.0,7.69,3.76,3.9,4.45,0.0,11.09
2020-08-30T17:00:00,20,Sardegna,28,3,31,681,712,21,22,1268,134,1563.0,551.0,2114,134534,114114.0,0.0,0.0,0.0,0.0,0.0,1.0,4.0,5.0,1.0,0.0,1134.0,992.0,16.0,9.68,4.35,1.94,2.22,50.0,3.04
2020-08-31T17:00:00,20,Sardegna,28,4,32,757,789,77,79,1270,134,1574.0,619.0,2193,135617,115112.0,0.0,0.0,0.0,0.0,0.0,1.0,0.0,1.0,2.0,0.0,1083.0,998.0,76.0,12.5,4.06,7.29,7.92,33.33,10.81
2020-09-01T17:00:00,20,Sardegna,31,6,37,800,837,48,50,1272,134,1580.0,663.0,2243,137366,116718.0,0.0,0.0,0.0,0.0,0.0,2.0,3.0,5.0,2.0,0.0,1749.0,1606.0,43.0,16.22,4.42,2.86,3.11,50.0,6.08
2020-09-02T17:00:00,20,Sardegna,32,5,37,872,909,72,73,1272,135,1588.0,728.0,2316,139273,118433.0,0.0,0.0,0.0,0.0,0.0,-1.0,1.0,0.0,0.0,1.0,1907.0,1715.0,72.0,13.51,4.07,3.83,4.26,-16.67,8.6
2020-09-03T17:00:00,20,Sardegna,35,6,41,905,946,37,39,1274,135,1595.0,760.0,2355,141041,120029.0,0.0,0.0,0.0,0.0,0.0,1.0,3.0,4.0,2.0,0.0,1768.0,1596.0,33.0,14.63,4.33,2.21,2.44,20.0,4.07
2020-09-04T17:00:00,20,Sardegna,41,6,47,963,1010,64,66,1276,135,1601.0,820.0,2421,143293,121848.0,0.0,0.0,0.0,0.0,0.0,0.0,6.0,6.0,2.0,0.0,2252.0,1819.0,58.0,12.77,4.65,2.93,3.63,0.0,6.77
2020-09-05T17:00:00,20,Sardegna,44,8,52,1018,1070,60,65,1280,136,1613.0,873.0,2486,145688,123894.0,0.0,0.0,0.0,0.0,0.0,2.0,3.0,5.0,4.0,1.0,2395.0,2046.0,55.0,15.38,4.86,2.71,3.18,33.33,5.94
2020-09-06T17:00:00,20,Sardegna,45,8,53,1032,1085,15,19,1284,136,1617.0,888.0,2505,146863,124985.0,0.0,0.0,0.0,0.0,0.0,0.0,1.0,1.0,4.0,0.0,1175.0,1091.0,14.0,15.09,4.88,1.62,1.74,0.0,1.4
2020-09-07T17:00:00,20,Sardegna,46,10,56,1086,1142,57,59,1286,136,1628.0,936.0,2564,148018,126031.0,0.0,0.0,0.0,0.0,0.0,2.0,1.0,3.0,2.0,0.0,1155.0,1046.0,54.0,17.86,4.9,5.11,5.64,25.0,5.25
2020-09-08T17:00:00,20,Sardegna,48,10,58,1135,1193,51,51,1286,136,1633.0,982.0,2615,149370,127300.0,0.0,0.0,0.0,0.0,0.0,0.0,2.0,2.0,0.0,0.0,1352.0,1269.0,49.0,17.24,4.86,3.77,4.02,0.0,4.47
2020-09-09T17:00:00,20,Sardegna,51,12,63,1170,1233,40,47,1291,138,1644.0,1018.0,2662,150678,128433.0,0.0,0.0,0.0,0.0,0.0,2.0,3.0,5.0,5.0,2.0,1308.0,1133.0,35.0,19.05,5.11,3.59,4.15,20.0,3.35
2020-09-10T17:00:00,20,Sardegna,57,12,69,1217,1286,53,63,1300,139,1658.0,1067.0,2725,152649,130074.0,0.0,0.0,0.0,0.0,0.0,0.0,6.0,6.0,9.0,1.0,1971.0,1641.0,47.0,17.39,5.37,3.2,3.84,0.0,4.3
2020-09-11T17:00:00,20,Sardegna,61,12,73,1264,1337,51,65,1314,139,1677.0,1113.0,2790,154864,131993.0,0.0,0.0,0.0,0.0,0.0,0.0,4.0,4.0,14.0,0.0,2215.0,1919.0,47.0,16.44,5.46,2.93,3.39,0.0,3.97
2020-09-12T17:00:00,20,Sardegna,62,14,76,1303,1379,42,51,1322,140,1698.0,1143.0,2841,156828,133503.0,0.0,0.0,0.0,0.0,0.0,2.0,1.0,3.0,8.0,1.0,1964.0,1510.0,39.0,18.42,5.51,2.6,3.38,16.67,3.14
2020-09-13T17:00:00,20,Sardegna,80,14,94,1310,1404,25,33,1330,140,1710.0,1164.0,2874,158080,134443.0,0.0,0.0,0.0,0.0,0.0,0.0,18.0,18.0,8.0,0.0,1252.0,940.0,7.0,14.89,6.7,2.64,3.51,0.0,1.81
2020-09-14T17:00:00,20,Sardegna,85,16,101,1339,1440,36,54,1348,140,1718.0,1210.0,2928,159402,135511.0,0.0,0.0,0.0,0.0,0.0,2.0,5.0,7.0,18.0,0.0,1322.0,1068.0,29.0,15.84,7.01,4.08,5.06,14.29,2.56
2020-09-15T17:00:00,20,Sardegna,86,18,104,1353,1457,17,36,1367,140,1721.0,1243.0,2964,161018,136896.0,0.0,0.0,0.0,0.0,0.0,2.0,1.0,3.0,19.0,0.0,1616.0,1385.0,14.0,17.31,7.14,2.23,2.6,12.5,1.18
2020-09-16T17:00:00,20,Sardegna,88,17,105,1375,1480,23,27,1371,140,1728.0,1263.0,2991,162836,138426.0,0.0,0.0,0.0,0.0,0.0,-1.0,2.0,1.0,4.0,0.0,1818.0,1530.0,22.0,16.19,7.09,1.49,1.76,-5.56,1.58
2020-09-17T17:00:00,20,Sardegna,84,17,101,1413,1514,34,51,1388,140,1735.0,1307.0,3042,164785,140077.0,0.0,0.0,0.0,0.0,0.0,0.0,-4.0,-4.0,17.0,0.0,1949.0,1651.0,38.0,16.83,6.67,2.62,3.09,0.0,2.3
2020-09-18T17:00:00,20,Sardegna,89,17,106,1461,1567,53,66,1400,141,1750.0,1358.0,3108,166723,141571.0,0.0,0.0,0.0,0.0,0.0,0.0,5.0,5.0,12.0,1.0,1938.0,1494.0,48.0,16.04,6.76,3.41,4.42,0.0,3.5
2020-09-19T17:00:00,20,Sardegna,91,18,109,1486,1595,28,59,1431,141,1757.0,1410.0,3167,169119,143431.0,0.0,0.0,0.0,0.0,0.0,1.0,2.0,3.0,31.0,0.0,2396.0,1860.0,25.0,16.51,6.83,2.46,3.17,5.88,1.79
2020-09-20T17:00:00,20,Sardegna,96,18,114,1551,1665,70,72,1433,141,1776.0,1463.0,3239,170395,144511.0,0.0,0.0,0.0,0.0,0.0,0.0,5.0,5.0,2.0,0.0,1276.0,1080.0,65.0,15.79,6.85,5.64,6.67,0.0,4.39
2020-09-21T17:00:00,20,Sardegna,98,20,118,1596,1714,49,64,1446,143,1787.0,1516.0,3303,171477,145340.0,0.0,0.0,0.0,0.0,0.0,2.0,2.0,4.0,13.0,2.0,1082.0,829.0,45.0,16.95,6.88,5.91,7.72,11.11,2.94
2020-09-22T17:00:00,20,Sardegna,96,21,117,1606,1723,9,53,1490,143,1809.0,1547.0,3356,173660,147183.0,0.0,0.0,0.0,0.0,0.0,1.0,-2.0,-1.0,44.0,0.0,2183.0,1843.0,10.0,17.95,6.79,2.43,2.88,5.0,0.53
2020-09-23T17:00:00,20,Sardegna,100,21,121,1624,1745,22,49,1515,145,1826.0,1579.0,3405,175829,149069.0,0.0,0.0,0.0,0.0,0.0,0.0,4.0,4.0,25.0,2.0,2169.0,1886.0,18.0,17.36,6.93,2.26,2.6,0.0,1.28
2020-09-24T17:00:00,20,Sardegna,112,18,130,1632,1762,17,66,1561,148,1859.0,1612.0,3471,178154,151015.0,0.0,0.0,0.0,0.0,0.0,-3.0,12.0,9.0,46.0,3.0,2325.0,1946.0,8.0,13.85,7.38,2.84,3.39,-14.29,0.97
2020-09-25T17:00:00,20,Sardegna,112,19,131,1653,1784,22,57,1596,148,1874.0,1654.0,3528,180110,152652.0,0.0,0.0,0.0,0.0,0.0,1.0,0.0,1.0,35.0,0.0,1956.0,1637.0,21.0,14.5,7.34,2.91,3.48,5.56,1.25
2020-09-26T17:00:00,20,Sardegna,109,18,127,1709,1836,52,63,1607,148,1891.0,1700.0,3591,182014,154219.0,0.0,0.0,0.0,0.0,0.0,-1.0,-3.0,-4.0,11.0,0.0,1904.0,1567.0,56.0,14.17,6.92,3.31,4.02,-5.26,2.91
2020-09-27T17:00:00,20,Sardegna,110,18,128,1836,1964,128,139,1617,149,1926.0,1804.0,3730,184499,156237.0,0.0,0.0,0.0,0.0,0.0,0.0,1.0,1.0,10.0,1.0,2485.0,2018.0,127.0,14.06,6.52,5.59,6.89,0.0,6.97
2020-09-28T17:00:00,20,Sardegna,109,17,126,1843,1969,5,37,1648,150,1932.0,1835.0,3767,185834,157411.0,0.0,0.0,0.0,0.0,0.0,-1.0,-1.0,-2.0,31.0,1.0,1335.0,1174.0,7.0,13.49,6.4,2.77,3.15,-5.56,0.25
2020-09-29T17:00:00,20,Sardegna,102,19,121,1910,2031,62,82,1667,151,1944.0,1905.0,3849,187520,158909.0,0.0,0.0,0.0,0.0,0.0,2.0,-7.0,-5.0,19.0,1.0,1686.0,1498.0,67.0,15.7,5.96,4.86,5.47,11.76,3.15
2020-09-30T17:00:00,20,Sardegna,101,19,120,1941,2061,30,51,1685,154,1958.0,1942.0,3900,190647,161097.0,0.0,0.0,0.0,0.0,0.0,0.0,-1.0,-1.0,18.0,3.0,3127.0,2188.0,31.0,15.83,5.82,1.63,2.33,0.0,1.48
2020-10-01T17:00:00,20,Sardegna,110,20,130,2006,2136,75,96,1705,155,1995.0,2001.0,3996,192705,162894.0,0.0,0.0,0.0,0.0,0.0,1.0,9.0,10.0,20.0,1.0,2058.0,1797.0,65.0,15.38,6.09,4.66,5.34,5.26,3.64
2020-10-02T17:00:00,20,Sardegna,106,21,127,2027,2154,18,60,1747,155,2003.0,2053.0,4056,194581,164505.0,0.0,0.0,0.0,0.0,0.0,1.0,-4.0,-3.0,42.0,0.0,1876.0,1611.0,21.0,16.54,5.9,3.2,3.72,5.0,0.84
2020-10-03T17:00:00,20,Sardegna,113,21,134,2052,2186,32,62,1777,155,2018.0,2100.0,4118,196650,166214.0,0.0,0.0,0.0,0.0,0.0,0.0,7.0,7.0,30.0,0.0,2069.0,1709.0,25.0,15.67,6.13,3.0,3.63,0.0,1.49
2020-10-04T17:00:00,20,Sardegna,114,20,134,2145,2279,93,111,1794,156,2040.0,2189.0,4229,198433,167736.0,0.0,0.0,0.0,0.0,0.0,-1.0,1.0,0.0,17.0,1.0,1783.0,1522.0,93.0,14.93,5.88,6.23,7.29,-4.76,4.25
2020-10-05T17:00:00,20,Sardegna,116,19,135,2191,2326,47,88,1835,156,2071.0,2246.0,4317,200055,169073.0,0.0,0.0,0.0,0.0,0.0,-1.0,2.0,1.0,41.0,0.0,1622.0,1337.0,46.0,14.07,5.8,5.43,6.58,-5.0,2.06
2020-10-06T17:00:00,20,Sardegna,125,19,144,2181,2325,-1,63,1898,157,2079.0,2301.0,4380,202374,170991.0,0.0,0.0,0.0,0.0,0.0,0.0,9.0,9.0,63.0,1.0,2319.0,1918.0,-10.0,13.19,6.19,2.72,3.28,0.0,-0.04
2020-10-07T17:00:00,20,Sardegna,128,19,147,2243,2390,65,101,1931,160,2101.0,2380.0,4481,204430,172673.0,0.0,0.0,0.0,0.0,0.0,0.0,3.0,3.0,33.0,3.0,2056.0,1682.0,62.0,12.93,6.15,4.91,6.0,0.0,2.8
2020-10-08T17:00:00,20,Sardegna,129,19,148,2322,2470,80,127,1977,161,2126.0,2482.0,4608,206533,174362.0,0.0,0.0,0.0,0.0,0.0,0.0,1.0,1.0,46.0,1.0,2103.0,1689.0,79.0,12.84,5.99,6.04,7.52,0.0,3.35
2020-10-09T17:00:00,20,Sardegna,133,23,156,2413,2569,99,134,2012,161,2144.0,2598.0,4742,209088,176462.0,0.0,0.0,0.0,0.0,0.0,4.0,4.0,8.0,35.0,0.0,2555.0,2100.0,91.0,14.74,6.07,5.24,6.38,21.05,4.01
2020-10-10T17:00:00,20,Sardegna,140,25,165,2506,2671,102,124,2034,161,2172.0,2694.0,4866,210707,177776.0,0.0,0.0,0.0,0.0,0.0,2.0,7.0,9.0,22.0,0.0,1619.0,1314.0,93.0,15.15,6.18,7.66,9.44,8.7,3.97
2020-10-11T17:00:00,20,Sardegna,140,22,162,2610,2772,101,143,2072,165,2196.0,2813.0,5009,212459,179167.0,0.0,0.0,0.0,0.0,0.0,-3.0,0.0,-3.0,38.0,4.0,1752.0,1391.0,104.0,13.58,5.84,8.16,10.28,-12.0,3.78
2020-10-12T17:00:00,20,Sardegna,157,23,180,2679,2859,87,129,2113,166,2220.0,2918.0,5138,214037,180487.0,0.0,0.0,0.0,0.0,0.0,1.0,17.0,18.0,41.0,1.0,1578.0,1320.0,69.0,12.78,6.3,8.17,9.77,4.55,3.14
2020-10-13T17:00:00,20,Sardegna,164,26,190,2710,2900,41,157,2227,168,2257.0,3038.0,5295,216503,182625.0,0.0,0.0,0.0,0.0,0.0,3.0,7.0,10.0,114.0,2.0,2466.0,2138.0,31.0,13.68,6.55,6.37,7.34,13.04,1.43
2020-10-14T17:00:00,20,Sardegna,172,26,198,2728,2926,26,122,2323,168,2275.0,3142.0,5417,218661,184574.0,0.0,0.0,0.0,0.0,0.0,0.0,8.0,8.0,96.0,0.0,2158.0,1949.0,18.0,13.13,6.77,5.65,6.26,0.0,0.9
2020-10-15T17:00:00,20,Sardegna,180,28,208,2816,3024,98,186,2410,169,2357.0,3246.0,5603,221349,186956.0,0.0,0.0,0.0,0.0,0.0,2.0,8.0,10.0,87.0,1.0,2688.0,2382.0,88.0,13.46,6.88,6.92,7.81,7.69,3.35
2020-10-16T17:00:00,20,Sardegna,187,29,216,2879,3095,71,133,2470,171,2403.0,3333.0,5736,223799,189006.0,0.0,0.0,0.0,0.0,0.0,1.0,7.0,8.0,60.0,2.0,2450.0,2050.0,63.0,13.43,6.98,5.43,6.49,3.57,2.35
2020-10-17T17:00:00,20,Sardegna,192,30,222,2966,3188,93,130,2506,172,2440.0,3426.0,5866,226794,191734.0,0.0,0.0,0.0,0.0,0.0,1.0,5.0,6.0,36.0,1.0,2995.0,2728.0,87.0,13.51,6.96,4.34,4.77,3.45,3.0
2020-10-18T17:00:00,20,Sardegna,208,29,237,3159,3396,208,230,2526,174,2557.0,3539.0,6096,228705,193627.0,0.0,0.0,0.0,0.0,0.0,-1.0,16.0,15.0,20.0,2.0,1911.0,1893.0,193.0,12.24,6.98,12.04,12.15,-3.33,6.52
2020-10-19T17:00:00,20,Sardegna,210,33,243,3259,3502,106,159,2579,174,2600.0,3655.0,6255,231011,195681.0,0.0,0.0,0.0,0.0,0.0,4.0,2.0,6.0,53.0,0.0,2306.0,2054.0,100.0,13.58,6.94,6.9,7.74,13.79,3.12
2020-10-20T17:00:00,20,Sardegna,226,34,260,3426,3686,184,221,2613,177,2674.0,3802.0,6476,233027,197486.0,0.0,0.0,0.0,0.0,0.0,1.0,16.0,17.0,34.0,3.0,2016.0,1805.0,167.0,13.08,7.05,10.96,12.24,3.03,5.25
2020-10-21T17:00:00,20,Sardegna,236,36,272,3539,3811,125,167,2652,180,2714.0,3929.0,6643,235250,199392.0,0.0,0.0,0.0,0.0,0.0,2.0,10.0,12.0,39.0,3.0,2223.0,1906.0,113.0,13.24,7.14,7.51,8.76,5.88,3.39
2020-10-22T17:00:00,20,Sardegna,264,36,300,3693,3993,182,243,2712,181,2794.0,4092.0,6886,238628,202306.0,0.0,0.0,0.0,0.0,0.0,0.0,28.0,28.0,60.0,1.0,3378.0,2914.0,154.0,12.0,7.51,7.19,8.34,0.0,4.78
2020-10-23T17:00:00,20,Sardegna,275,36,311,3975,4286,293,349,2768,181,2902.0,4333.0,7235,242374,205575.0,0.0,0.0,0.0,0.0,0.0,0.0,11.0,11.0,56.0,0.0,3746.0,3269.0,282.0,11.58,7.26,9.32,10.68,0.0,7.34
2020-10-24T17:00:00,20,Sardegna,287,36,323,4263,4586,300,329,2794,184,3010.0,4554.0,7564,246095,208859.0,0.0,0.0,0.0,0.0,0.0,0.0,12.0,12.0,26.0,3.0,3721.0,3284.0,288.0,11.15,7.04,8.84,10.02,0.0,7.0
2020-10-25T17:00:00,20,Sardegna,299,34,333,4421,4754,168,195,2814,191,3038.0,4721.0,7759,248525,211113.0,0.0,0.0,0.0,0.0,0.0,-2.0,12.0,10.0,20.0,7.0,2430.0,2254.0,158.0,10.21,7.0,8.02,8.65,-5.56,3.66
2020-10-26T17:00:00,20,Sardegna,303,35,338,4582,4920,166,231,2878,192,3113.0,4877.0,7990,250901,213063.0,0.0,0.0,0.0,0.0,0.0,1.0,4.0,5.0,64.0,1.0,2376.0,1950.0,161.0,10.36,6.87,9.72,11.85,2.94,3.49
2020-10-27T17:00:00,20,Sardegna,306,36,342,4719,5061,141,174,2904,199,3161.0,5003.0,8164,253445,215251.0,0.0,0.0,0.0,0.0,0.0,1.0,3.0,4.0,26.0,7.0,2544.0,2188.0,137.0,10.53,6.76,6.84,7.95,2.86,2.87
2020-10-28T17:00:00,20,Sardegna,298,37,335,5013,5348,287,362,2973,205,3243.0,5283.0,8526,257266,218343.0,0.0,0.0,0.0,0.0,0.0,1.0,-8.0,-7.0,69.0,6.0,3821.0,3092.0,294.0,11.04,6.26,9.47,11.71,2.78,5.67
2020-10-29T17:00:00,20,Sardegna,322,39,361,5205,5566,218,282,3035,207,3345.0,5463.0,8808,260726,221404.0,0.0,0.0,0.0,0.0,0.0,2.0,24.0,26.0,62.0,2.0,3460.0,3061.0,192.0,10.8,6.49,8.15,9.21,5.41,4.08
2020-10-30T17:00:00,20,Sardegna,323,40,363,5458,5821,255,298,3071,214,3460.0,5646.0,9106,264292,224602.0,0.0,0.0,0.0,0.0,0.0,1.0,1.0,2.0,36.0,7.0,3566.0,3198.0,253.0,11.02,6.24,8.36,9.32,2.56,4.58
2020-10-31T17:00:00,20,Sardegna,349,39,388,5667,6055,234,325,3149,227,3565.0,5866.0,9431,267615,227323.0,0.0,0.0,0.0,0.0,0.0,-1.0,26.0,25.0,78.0,13.0,3323.0,2721.0,209.0,10.05,6.41,9.78,11.94,-2.5,4.02
2020-11-01T17:00:00,20,Sardegna,336,43,379,5999,6378,323,399,3218,234,3746.0,6084.0,9830,270574,230042.0,0.0,0.0,0.0,0.0,0.0,4.0,-13.0,-9.0,69.0,7.0,2959.0,2719.0,332.0,11.35,5.94,13.48,14.67,10.26,5.33
2020-11-02T17:00:00,20,Sardegna,339,43,382,6271,6653,275,324,3266,235,3838.0,6316.0,10154,273941,232724.0,0.0,0.0,0.0,0.0,0.0,0.0,3.0,3.0,48.0,1.0,3367.0,2682.0,272.0,11.26,5.74,9.62,12.08,0.0,4.31
2020-11-03T17:00:00,20,Sardegna,337,45,382,6526,6908,255,302,3309,239,3975.0,6481.0,10456,276430,234643.0,0.0,0.0,0.0,0.0,0.0,2.0,-2.0,0.0,43.0,4.0,2489.0,1919.0,255.0,11.78,5.53,12.13,15.74,4.65,3.83
2020-11-04T17:00:00,20,Sardegna,344,45,389,6659,7048,140,184,3351,241,4058.0,6582.0,10640,278341,236425.0,0.0,0.0,0.0,0.0,0.0,0.0,7.0,7.0,42.0,2.0,1911.0,1782.0,133.0,11.57,5.52,9.63,10.33,0.0,2.03
2020-11-05T17:00:00,20,Sardegna,340,46,386,6982,7368,320,413,3438,247,4191.0,6862.0,11053,282377,239432.0,0.0,0.0,0.0,0.0,0.0,1.0,-4.0,-3.0,87.0,6.0,4036.0,3007.0,323.0,11.92,5.24,10.23,13.73,2.22,4.54
2020-11-06T17:00:00,20,Sardegna,392,46,438,7248,7686,318,359,3477,249,4384.0,7028.0,11412,286076,242502.0,0.0,0.0,0.0,0.0,0.0,0.0,52.0,52.0,39.0,2.0,3699.0,3070.0,266.0,10.5,5.7,9.71,11.69,0.0,4.32
2020-11-07T17:00:00,20,Sardegna,390,56,446,7625,8071,385,425,3513,253,4585.0,7252.0,11837,289502,245123.0,0.0,0.0,0.0,0.0,0.0,10.0,-2.0,8.0,36.0,4.0,3426.0,2621.0,377.0,12.56,5.53,12.41,16.22,21.74,5.01
2020-11-08T17:00:00,20,Sardegna,400,55,455,7972,8427,356,424,3579,255,4760.0,7501.0,12261,293794,248373.0,0.0,0.0,0.0,0.0,0.0,-1.0,10.0,9.0,66.0,2.0,4292.0,3250.0,347.0,12.09,5.4,9.88,13.05,-1.79,4.41
2020-11-09T17:00:00,20,Sardegna,408,58,466,8127,8593,166,327,3727,268,4905.0,7683.0,12588,296721,250888.0,0.0,0.0,0.0,0.0,0.0,3.0,8.0,11.0,148.0,13.0,2927.0,2515.0,155.0,12.45,5.42,11.17,13.0,5.45,1.97
2020-11-10T17:00:00,20,Sardegna,403,51,454,8506,8960,367,489,3838,279,5172.0,7905.0,13077,300600,254265.0,0.0,0.0,0.0,0.0,0.0,-7.0,-5.0,-12.0,111.0,11.0,3879.0,3377.0,379.0,11.23,5.07,12.61,14.48,-12.07,4.27
2020-11-11T17:00:00,20,Sardegna,418,54,472,8709,9181,221,416,4019,293,5368.0,8125.0,13493,304775,257715.0,0.0,0.0,0.0,0.0,0.0,3.0,15.0,18.0,181.0,14.0,4175.0,3450.0,203.0,11.44,5.14,9.96,12.06,5.88,2.47
2020-11-12T17:00:00,20,Sardegna,424,56,480,8891,9371,190,301,4125,298,5464.0,8330.0,13794,308919,260989.0,0.0,0.0,0.0,0.0,0.0,2.0,6.0,8.0,106.0,5.0,4144.0,3274.0,182.0,11.67,5.12,7.26,9.19,3.7,2.07
2020-11-13T17:00:00,20,Sardegna,472,57,529,9164,9693,322,623,4411,313,5765.0,8652.0,14417,313844,265279.0,0.0,0.0,0.0,0.0,0.0,1.0,48.0,49.0,286.0,15.0,4925.0,4290.0,273.0,10.78,5.46,12.65,14.52,1.79,3.44
2020-11-14T17:00:00,20,Sardegna,506,59,565,9417,9982,289,396,4513,318,5859.0,8954.0,14813,317869,268876.0,0.0,0.0,0.0,0.0,0.0,2.0,34.0,36.0,102.0,5.0,4025.0,3597.0,253.0,10.44,5.66,9.84,11.01,3.51,2.98
2020-11-15T17:00:00,20,Sardegna,510,60,570,9650,10220,238,370,4641,322,6090.0,9093.0,15183,321255,271440.0,0.0,0.0,0.0,0.0,0.0,1.0,4.0,5.0,128.0,4.0,3386.0,2564.0,233.0,10.53,5.58,10.93,14.43,1.69,2.38
2020-11-16T17:00:00,20,Sardegna,510,63,573,9881,10454,234,411,4812,328,6178.0,9416.0,15594,323605,273343.0,0.0,0.0,0.0,0.0,0.0,3.0,0.0,3.0,171.0,6.0,2350.0,1903.0,231.0,10.99,5.48,17.49,21.6,5.0,2.29
2020-11-17T17:00:00,20,Sardegna,512,64,576,10208,10784,330,502,4972,340,6439.0,9657.0,16096,327258,276049.0,0.0,0.0,0.0,0.0,0.0,1.0,2.0,3.0,160.0,12.0,3653.0,2706.0,327.0,11.11,5.34,13.74,18.55,1.59,3.16
2020-11-18T17:00:00,20,Sardegna,505,63,568,10477,11045,261,422,5123,350,6675.0,9843.0,16518,330809,278979.0,0.0,0.0,0.0,0.0,0.0,-1.0,-7.0,-8.0,151.0,10.0,3551.0,2930.0,269.0,11.09,5.14,11.88,14.4,-1.56,2.42
2020-11-19T17:00:00,20,Sardegna,517,67,584,10808,11392,347,479,5243,362,6955.0,10042.0,16997,335643,283137.0,0.0,0.0,0.0,0.0,0.0,4.0,12.0,16.0,120.0,12.0,4834.0,4158.0,331.0,11.47,5.13,9.91,11.52,6.35,3.14
2020-11-20T17:00:00,20,Sardegna,526,69,595,11049,11644,252,581,5567,367,7310.0,10268.0,17578,339997,286870.0,0.0,0.0,0.0,0.0,0.0,2.0,9.0,11.0,324.0,5.0,4354.0,3733.0,241.0,11.6,5.11,13.34,15.56,2.99,2.21
2020-11-21T17:00:00,20,Sardegna,504,70,574,11340,11914,270,511,5796,379,7544.0,10545.0,18089,343699,289864.0,0.0,0.0,0.0,0.0,0.0,1.0,-22.0,-21.0,229.0,12.0,3702.0,2994.0,291.0,12.2,4.82,13.8,17.07,1.45,2.32
2020-11-22T17:00:00,20,Sardegna,503,70,573,11610,12183,269,404,5921,389,7697.0,10796.0,18493,347631,293328.0,0.0,0.0,0.0,0.0,0.0,0.0,-1.0,-1.0,125.0,10.0,3932.0,3464.0,270.0,12.22,4.7,10.27,11.66,0.0,2.26
2020-11-23T17:00:00,20,Sardegna,512,72,584,11880,12464,281,505,6139,395,7964.0,11034.0,18998,350220,295290.0,0.0,0.0,0.0,0.0,0.0,2.0,9.0,11.0,218.0,6.0,2589.0,1962.0,270.0,12.33,4.69,19.51,25.74,2.86,2.31
2020-11-24T17:00:00,20,Sardegna,527,73,600,11962,12562,98,290,6319,407,8103.0,11185.0,19288,352678,297167.0,0.0,0.0,0.0,0.0,0.0,1.0,15.0,16.0,180.0,12.0,2458.0,1877.0,82.0,12.17,4.78,11.8,15.45,1.39,0.79
2020-11-25T17:00:00,20,Sardegna,515,76,591,12106,12697,135,351,6529,413,8288.0,11351.0,19639,356555,300076.0,0.0,0.0,0.0,0.0,0.0,3.0,-12.0,-9.0,210.0,6.0,3877.0,2909.0,144.0,12.86,4.65,9.05,12.07,4.11,1.07
2020-11-26T17:00:00,20,Sardegna,535,73,608,12363,12971,274,405,6655,418,8539.0,11505.0,20044,359592,302707.0,0.0,0.0,0.0,0.0,0.0,-3.0,20.0,17.0,126.0,5.0,3037.0,2631.0,257.0,12.01,4.69,13.34,15.39,-3.95,2.16
2020-11-27T17:00:00,20,Sardegna,528,71,599,12556,13155,184,375,6837,427,8723.0,11696.0,20419,362926,305590.0,0.0,0.0,0.0,0.0,0.0,-2.0,-7.0,-9.0,182.0,9.0,3334.0,2883.0,193.0,11.85,4.55,11.25,13.01,-2.74,1.42
2020-11-28T17:00:00,20,Sardegna,544,73,617,12502,13119,-36,311,7179,432,8863.0,11867.0,20730,367115,308816.0,0.0,0.0,0.0,0.0,0.0,2.0,16.0,18.0,342.0,5.0,4189.0,3226.0,-54.0,11.83,4.7,7.42,9.64,2.82,-0.27
2020-11-29T17:00:00,20,Sardegna,554,69,623,12776,13399,280,416,7311,436,9094.0,12052.0,21146,370276,310882.0,0.0,0.0,0.0,0.0,0.0,-4.0,10.0,6.0,132.0,4.0,3161.0,2066.0,274.0,11.08,4.65,13.16,20.14,-5.48,2.13
2020-11-30T17:00:00,20,Sardegna,580,70,650,12878,13528,129,329,7503,444,9266.0,12209.0,21475,372806,313019.0,0.0,0.0,0.0,0.0,0.0,1.0,26.0,27.0,192.0,8.0,2530.0,2137.0,102.0,10.77,4.8,13.0,15.4,1.45,0.96
2020-12-01T17:00:00,20,Sardegna,583,68,651,12975,13626,98,420,7820,449,9437.0,12458.0,21895,376134,315735.0,0.0,0.0,0.0,0.0,0.0,-2.0,3.0,1.0,317.0,5.0,3328.0,2716.0,97.0,10.45,4.78,12.62,15.46,-2.86,0.72
2020-12-02T17:00:00,20,Sardegna,577,66,643,13240,13883,257,445,8004,453,9641.0,12699.0,22340,379431,318301.0,0.0,0.0,0.0,0.0,0.0,-2.0,-6.0,-8.0,184.0,4.0,3297.0,2566.0,265.0,10.26,4.63,13.5,17.34,-2.94,1.89
2020-12-03T17:00:00,20,Sardegna,593,66,659,13561,14220,337,538,8196,462,0.0,0.0,22878,384979,323045.0,9.0,0.0,0.0,0.0,0.0,0.0,16.0,16.0,192.0,9.0,5548.0,4744.0,321.0,10.02,4.63,9.7,11.34,0.0,2.43
2020-12-04T17:00:00,20,Sardegna,591,70,661,13840,14501,281,551,8417,511,0.0,0.0,23429,389753,327023.0,8.0,0.0,0.0,0.0,0.0,4.0,-2.0,2.0,221.0,49.0,4774.0,3978.0,279.0,10.59,4.56,11.54,13.85,6.06,1.98
2020-12-05T17:00:00,20,Sardegna,607,67,674,14183,14857,356,464,8512,524,0.0,0.0,23893,393050,329682.0,2.0,0.0,0.0,0.0,0.0,-3.0,16.0,13.0,95.0,13.0,3297.0,2659.0,343.0,9.94,4.54,14.07,17.45,-4.29,2.46
2020-12-06T17:00:00,20,Sardegna,616,64,680,14280,14960,103,293,8695,531,0.0,0.0,24186,397621,333552.0,1.0,0.0,0.0,0.0,0.0,-3.0,9.0,6.0,183.0,7.0,4571.0,3870.0,97.0,9.41,4.55,6.41,7.57,-4.48,0.69
2020-12-07T17:00:00,20,Sardegna,619,64,683,14459,15142,182,366,8871,539,0.0,0.0,24552,400260,335679.0,6.0,0.0,0.0,0.0,0.0,0.0,3.0,3.0,176.0,8.0,2639.0,2127.0,179.0,9.37,4.51,13.87,17.21,0.0,1.22
2020-12-08T17:00:00,20,Sardegna,616,62,678,14482,15160,18,226,9075,543,0.0,0.0,24778,403381,337841.0,1.0,0.0,0.0,0.0,0.0,-2.0,-3.0,-5.0,204.0,4.0,3121.0,2162.0,23.0,9.14,4.47,7.24,10.45,-3.12,0.12
2020-12-09T17:00:00,20,Sardegna,621,61,682,14333,15015,-145,253,9467,549,0.0,0.0,25031,405424,338888.0,4.0,0.0,0.0,0.0,0.0,-1.0,5.0,4.0,392.0,6.0,2043.0,1047.0,-149.0,8.94,4.54,12.38,24.16,-1.61,-0.96
2020-12-10T17:00:00,20,Sardegna,610,63,673,14321,14994,-21,248,9729,556,0.0,0.0,25279,409587,342265.0,6.0,0.0,0.0,0.0,0.0,2.0,-11.0,-9.0,262.0,7.0,4163.0,3377.0,-12.0,9.36,4.49,5.96,7.34,3.28,-0.14
2020-12-11T17:00:00,20,Sardegna,595,64,659,14406,15065,71,198,9849,563,0.0,0.0,25477,413872,345927.0,5.0,0.0,0.0,0.0,0.0,1.0,-15.0,-14.0,120.0,7.0,4285.0,3662.0,85.0,9.71,4.37,4.62,5.41,1.59,0.47
2020-12-12T17:00:00,20,Sardegna,586,61,647,14343,14990,-75,168,10085,570,0.0,0.0,25645,417034,348680.0,5.0,0.0,0.0,0.0,0.0,-3.0,-9.0,-12.0,236.0,7.0,3162.0,2753.0,-63.0,9.43,4.32,5.31,6.1,-4.69,-0.5
2020-12-13T17:00:00,20,Sardegna,589,59,648,14776,15424,434,633,10277,577,0.0,0.0,26278,420640,351860.0,4.0,0.0,0.0,0.0,0.0,-2.0,3.0,1.0,192.0,7.0,3606.0,3180.0,433.0,9.1,4.2,17.55,19.91,-3.28,2.9
2020-12-14T17:00:00,20,Sardegna,580,57,637,14724,15361,-63,228,10557,588,0.0,0.0,26506,422952,353750.0,5.0,0.0,0.0,0.0,0.0,-2.0,-9.0,-11.0,280.0,11.0,2312.0,1890.0,-52.0,8.95,4.15,9.86,12.06,-3.39,-0.41
2020-12-15T17:00:00,20,Sardegna,570,58,628,14756,15384,23,231,10753,600,0.0,0.0,26737,426556,356775.0,5.0,0.0,0.0,0.0,0.0,1.0,-10.0,-9.0,196.0,12.0,3604.0,3025.0,32.0,9.24,4.08,6.41,7.64,1.75,0.15
2020-12-16T17:00:00,20,Sardegna,550,57,607,14877,15484,100,405,11035,623,0.0,0.0,27142,432157,361593.0,3.0,0.0,0.0,0.0,0.0,-1.0,-20.0,-21.0,282.0,23.0,5601.0,4818.0,121.0,9.39,3.92,7.23,8.41,-1.72,0.65
2020-12-17T17:00:00,20,Sardegna,558,56,614,14925,15539,55,268,11237,634,0.0,0.0,27410,436182,365221.0,3.0,0.0,0.0,0.0,0.0,-1.0,8.0,7.0,202.0,11.0,4025.0,3628.0,48.0,9.12,3.95,6.66,7.39,-1.75,0.36
2020-12-18T17:00:00,20,Sardegna,547,53,600,15017,15617,78,285,11434,644,0.0,0.0,27695,440923,369446.0,1.0,0.0,0.0,0.0,0.0,-3.0,-11.0,-14.0,197.0,10.0,4741.0,4225.0,92.0,8.83,3.84,6.01,6.75,-5.36,0.5
2020-12-19T17:00:00,20,Sardegna,533,52,585,15091,15676,59,380,11746,653,0.0,0.0,28075,444991,372881.0,4.0,0.0,0.0,0.0,0.0,-1.0,-14.0,-15.0,312.0,9.0,4068.0,3435.0,74.0,8.89,3.73,9.34,11.06,-1.89,0.38
2020-12-20T17:00:00,20,Sardegna,548,50,598,15238,15836,160,311,11890,660,0.0,0.0,28386,448843,376367.0,3.0,0.0,0.0,0.0,0.0,-2.0,15.0,13.0,144.0,7.0,3852.0,3486.0,147.0,8.36,3.78,8.07,8.92,-3.85,1.02
2020-12-21T17:00:00,20,Sardegna,542,48,590,15369,15959,123,297,12055,669,0.0,0.0,28683,451459,378378.0,2.0,0.0,0.0,0.0,0.0,-2.0,-6.0,-8.0,165.0,9.0,2616.0,2011.0,131.0,8.14,3.7,11.35,14.77,-4.0,0.78
2020-12-22T17:00:00,20,Sardegna,526,48,574,15305,15879,-80,184,12307,681,0.0,0.0,28867,454446,380844.0,3.0,0.0,0.0,0.0,0.0,0.0,-16.0,-16.0,252.0,12.0,2987.0,2466.0,-64.0,8.36,3.61,6.16,7.46,0.0,-0.5
2020-12-23T17:00:00,20,Sardegna,519,44,563,15406,15969,90,269,12478,689,0.0,0.0,29136,458742,384673.0,6.0,0.0,0.0,0.0,0.0,-4.0,-7.0,-11.0,171.0,8.0,4296.0,3829.0,101.0,7.82,3.53,6.26,7.03,-8.33,0.57
2020-12-24T17:00:00,20,Sardegna,498,41,539,15476,16015,46,331,12754,698,0.0,0.0,29467,462857,388351.0,2.0,0.0,0.0,0.0,0.0,-3.0,-21.0,-24.0,276.0,9.0,4115.0,3678.0,70.0,7.61,3.37,8.04,9.0,-6.82,0.29
2020-12-25T17:00:00,20,Sardegna,484,43,527,15793,16320,305,409,12855,701,0.0,0.0,29876,466701,391652.0,3.0,0.0,0.0,0.0,0.0,2.0,-14.0,-12.0,101.0,3.0,3844.0,3301.0,317.0,8.16,3.23,10.64,12.39,4.88,1.9
2020-12-26T17:00:00,20,Sardegna,478,43,521,15879,16400,80,173,12945,704,0.0,0.0,30049,469168,393747.0,1.0,0.0,0.0,0.0,0.0,0.0,-6.0,-6.0,90.0,3.0,2467.0,2095.0,86.0,8.25,3.18,7.01,8.26,0.0,0.49
2020-12-27T17:00:00,20,Sardegna,483,43,526,15889,16415,15,96,13020,710,0.0,0.0,30145,470328,394659.0,2.0,0.0,0.0,0.0,0.0,0.0,5.0,5.0,75.0,6.0,1160.0,912.0,10.0,8.17,3.2,8.28,10.53,0.0,0.09
2020-12-28T17:00:00,20,Sardegna,497,44,541,15803,16344,-71,156,13226,731,0.0,0.0,30301,471896,395755.0,3.0,0.0,0.0,0.0,0.0,1.0,14.0,15.0,206.0,21.0,1568.0,1096.0,-86.0,8.13,3.31,9.95,14.23,2.33,-0.43
2020-12-29T17:00:00,20,Sardegna,498,45,543,15715,16258,-86,116,13421,738,0.0,0.0,30417,474385,397965.0,2.0,0.0,0.0,0.0,0.0,1.0,1.0,2.0,195.0,7.0,2489.0,2210.0,-88.0,8.29,3.34,4.66,5.25,2.27,-0.53
2020-12-30T17:00:00,20,Sardegna,496,44,540,15785,16325,67,328,13677,743,0.0,0.0,30745,478936,401858.0,4.0,0.0,0.0,0.0,0.0,-1.0,-2.0,-3.0,256.0,5.0,4551.0,3893.0,70.0,8.15,3.31,7.21,8.43,-2.22,0.41
2020-12-31T17:00:00,20,Sardegna,486,46,532,15921,16453,128,368,13913,747,0.0,0.0,31113,482520,404939.0,3.0,0.0,0.0,0.0,0.0,2.0,-10.0,-8.0,236.0,4.0,3584.0,3081.0,136.0,8.65,3.23,10.27,11.94,4.55,0.78
2021-01-01T17:00:00,20,Sardegna,479,42,521,16158,16679,226,365,14048,751,0.0,0.0,31478,485824,407806.0,1.0,0.0,0.0,0.0,0.0,-4.0,-7.0,-11.0,135.0,4.0,3304.0,2867.0,237.0,8.06,3.12,11.05,12.73,-8.7,1.37
2021-01-02T17:00:00,20,Sardegna,479,41,520,16152,16672,-7,189,14240,755,0.0,0.0,31667,487320,409015.0,2.0,0.0,0.0,0.0,0.0,-1.0,0.0,-1.0,192.0,4.0,1496.0,1209.0,-6.0,7.88,3.12,12.63,15.63,-2.38,-0.04
2021-01-03T17:00:00,20,Sardegna,473,43,516,16238,16754,82,194,14343,764,0.0,0.0,31861,488894,410264.0,3.0,0.0,0.0,0.0,0.0,2.0,-6.0,-4.0,103.0,9.0,1574.0,1249.0,86.0,8.33,3.08,12.33,15.53,4.88,0.49
2021-01-04T17:00:00,20,Sardegna,489,43,532,16194,16726,-28,177,14544,768,0.0,0.0,32038,490740,411817.0,3.0,0.0,0.0,0.0,0.0,0.0,16.0,16.0,201.0,4.0,1846.0,1553.0,-44.0,8.08,3.18,9.59,11.4,0.0,-0.17
2021-01-05T17:00:00,20,Sardegna,488,45,533,16237,16770,44,232,14723,777,0.0,0.0,32270,493754,414250.0,5.0,0.0,0.0,0.0,0.0,2.0,-1.0,1.0,179.0,9.0,3014.0,2433.0,43.0,8.44,3.18,7.7,9.54,4.65,0.26
2021-01-06T17:00:00,20,Sardegna,494,47,541,16372,16913,143,335,14906,786,0.0,0.0,32605,496887,416745.0,3.0,0.0,0.0,0.0,0.0,2.0,6.0,8.0,183.0,9.0,3133.0,2495.0,135.0,8.69,3.2,10.69,13.43,4.44,0.85
2021-01-07T17:00:00,20,Sardegna,492,48,540,16519,17059,146,340,15091,795,0.0,0.0,32945,499345,418496.0,1.0,0.0,0.0,0.0,0.0,1.0,-2.0,-1.0,185.0,9.0,2458.0,1751.0,147.0,8.89,3.17,13.83,19.42,2.13,0.86
2021-01-08T17:00:00,20,Sardegna,504,50,554,16511,17065,6,243,15313,810,0.0,0.0,33188,502097,420910.0,3.0,0.0,0.0,0.0,0.0,2.0,12.0,14.0,222.0,15.0,2752.0,2414.0,-8.0,9.03,3.25,8.83,10.07,4.17,0.04
2021-01-09T17:00:00,20,Sardegna,496,47,543,16599,17142,77,305,15534,817,0.0,0.0,33493,505206,423581.0,2.0,0.0,0.0,0.0,0.0,-3.0,-8.0,-11.0,221.0,7.0,3109.0,2671.0,88.0,8.66,3.17,9.81,11.42,-6.0,0.45
2021-01-10T17:00:00,20,Sardegna,507,47,554,16673,17227,85,301,15739,828,0.0,0.0,33794,507930,425815.0,2.0,0.0,0.0,0.0,0.0,0.0,11.0,11.0,205.0,11.0,2724.0,2234.0,74.0,8.48,3.22,11.05,13.47,0.0,0.5
2021-01-11T17:00:00,20,Sardegna,517,48,565,16692,17257,30,231,15932,836,0.0,0.0,34025,510361,427715.0,2.0,0.0,0.0,0.0,0.0,1.0,10.0,11.0,193.0,8.0,2431.0,1900.0,19.0,8.5,3.27,9.5,12.16,2.13,0.17
2021-01-12T17:00:00,20,Sardegna,522,45,567,16846,17413,156,411,16173,850,0.0,0.0,34436,512981,429051.0,4.0,0.0,0.0,0.0,0.0,-3.0,5.0,2.0,241.0,14.0,2620.0,1336.0,154.0,7.94,3.26,15.69,30.76,-6.25,0.9
2021-01-13T17:00:00,20,Sardegna,532,47,579,16868,17447,34,233,16357,865,0.0,0.0,34669,516015,431661.0,4.0,0.0,0.0,0.0,0.0,2.0,10.0,12.0,184.0,15.0,3034.0,2610.0,22.0,8.12,3.32,7.68,8.93,4.44,0.2
2021-01-14T17:00:00,20,Sardegna,527,50,577,16876,17453,6,275,16616,875,0.0,0.0,34944,518905,434185.0,4.0,0.0,0.0,0.0,0.0,3.0,-5.0,-2.0,259.0,10.0,2890.0,2524.0,8.0,8.67,3.31,9.52,10.9,6.38,0.03
2021-01-15T17:00:00,20,Sardegna,510,50,560,16891,17451,-2,260,16865,888,0.0,0.0,35204,521163,435962.0,4.0,35204.0,0.0,521163.0,0.0,0.0,-17.0,-17.0,249.0,13.0,2258.0,1777.0,15.0,8.93,3.21,11.51,14.63,0.0,-0.01
2021-01-16T17:00:00,20,Sardegna,500,49,549,17126,17675,224,368,16999,898,0.0,0.0,35572,524445,439060.0,0.0,35572.0,0.0,524445.0,0.0,-1.0,-10.0,-11.0,134.0,10.0,3282.0,3098.0,235.0,8.93,3.11,11.21,11.88,-2.0,1.28
2021-01-17T17:00:00,20,Sardegna,507,48,555,17193,17748,73,202,17123,903,0.0,0.0,35774,527564,441973.0,2.0,35774.0,0.0,527564.0,0.0,-1.0,7.0,6.0,124.0,5.0,3119.0,2913.0,67.0,8.65,3.13,6.48,6.93,-2.04,0.41
2021-01-18T17:00:00,20,Sardegna,506,51,557,17059,17616,-132,136,17387,907,0.0,0.0,35910,530803,443327.0,3.0,35910.0,0.0,529323.0,1480.0,3.0,-1.0,2.0,264.0,4.0,3239.0,1354.0,-134.0,9.16,3.16,4.2,10.04,6.25,-0.74
2021-01-19T17:00:00,20,Sardegna,506,53,559,16863,17422,-194,109,17682,915,0.0,0.0,36019,533721,445558.0,3.0,36019.0,0.0,531877.0,1844.0,2.0,0.0,2.0,295.0,8.0,2918.0,2231.0,-196.0,9.48,3.21,3.74,4.89,3.92,-1.1
2021-01-20T17:00:00,20,Sardegna,488,53,541,16735,17276,-146,216,18039,920,0.0,0.0,36235,537922,448796.0,3.0,36235.0,0.0,535554.0,2368.0,0.0,-18.0,-18.0,357.0,5.0,4201.0,3238.0,-128.0,9.8,3.13,5.14,6.67,0.0,-0.84
2021-01-21T17:00:00,20,Sardegna,466,51,517,16599,17116,-160,238,18430,927,0.0,0.0,36473,543913,452782.0,2.0,36471.0,2.0,540240.0,3673.0,-2.0,-22.0,-24.0,391.0,7.0,5991.0,3986.0,-136.0,9.86,3.02,3.97,5.97,-3.77,-0.93
2021-01-22T17:00:00,20,Sardegna,449,52,501,16502,17003,-113,212,18746,936,0.0,0.0,36685,547436,455697.0,2.0,36683.0,2.0,543491.0,3945.0,1.0,-17.0,-16.0,316.0,9.0,3523.0,2915.0,-97.0,10.38,2.95,6.02,7.27,1.96,-0.66
2021-01-23T17:00:00,20,Sardegna,457,46,503,16520,17023,20,191,18907,946,0.0,0.0,36876,550085,457957.0,2.0,36874.0,2.0,546140.0,3945.0,-6.0,8.0,2.0,161.0,10.0,2649.0,2260.0,18.0,9.15,2.95,7.21,8.45,-11.54,0.12
