data,codice_regione,denominazione_regione,ricoverati_con_sintomi,terapia_intensiva,totale_ospedalizzati,isolamento_domiciliare,totale_positivi,variazione_totale_positivi,nuovi_positivi,dimessi_guariti,deceduti,casi_da_sospetto_diagnostico,casi_da_screening,totale_casi,tamponi,casi_testati,ingressi_terapia_intensiva,note_test,note_casi,variazione_terapia_intensiva,variazione_ricoverati_con_sintomi,variazione_totale_ospedalizzati,nuovi_dimessi_guariti,nuovi_deceduti,nuovi_tamponi,nuovi_casi_testati,variazione_isolamento_domiciliare,ti_su_to,to_su_tp,np_su_nt,np_su_nct,var_ti_perc,var_pos_perc
2020-02-25T18:00:00,13,Abruzzo,0,0,0,0,0,0,0,0,0,0.0,0.0,0,5,0.0,0.0,0,0,0.0,0.0,0.0,0.0,0.0,0.0,0.0,0.0,0.0,0.0,0.0,0.0,0.0,0.0
2020-02-26T18:00:00,13,Abruzzo,0,0,0,0,0,0,0,0,0,0.0,0.0,0,13,0.0,0.0,0,0,0.0,0.0,0.0,0.0,0.0,8.0,0.0,0.0,0.0,0.0,0.0,0.0,0.0,0.0
2020-02-27T18:00:00,13,Abruzzo,1,0,1,0,1,1,1,0,0,0.0,0.0,1,33,0.0,0.0,0,0,0.0,1.0,1.0,0.0,0.0,20.0,0.0,0.0,0.0,100.0,5.0,0.0,0.0,0.0
2020-02-28T18:00:00,13,Abruzzo,1,0,1,0,1,0,0,0,0,0.0,0.0,1,33,0.0,0.0,0,0,0.0,0.0,0.0,0.0,0.0,0.0,0.0,0.0,0.0,100.0,0.0,0.0,0.0,0.0
2020-02-29T17:00:00,13,Abruzzo,2,0,2,0,2,1,1,0,0,0.0,0.0,2,43,0.0,0.0,0,0,0.0,1.0,1.0,0.0,0.0,10.0,0.0,0.0,0.0,100.0,10.0,0.0,0.0,100.0
2020-03-01T17:00:00,13,Abruzzo,3,0,3,2,5,3,3,0,0,0.0,0.0,5,52,0.0,0.0,0,0,0.0,1.0,1.0,0.0,0.0,9.0,0.0,2.0,0.0,60.0,33.33,0.0,0.0,150.0
2020-03-02T18:00:00,13,Abruzzo,3,0,3,2,5,0,0,0,0,0.0,0.0,5,52,0.0,0.0,0,0,0.0,0.0,0.0,0.0,0.0,0.0,0.0,0.0,0.0,60.0,0.0,0.0,0.0,0.0
2020-03-03T18:00:00,13,Abruzzo,5,0,5,1,6,1,1,0,0,0.0,0.0,6,52,0.0,0.0,0,0,0.0,2.0,2.0,0.0,0.0,0.0,0.0,-1.0,0.0,83.33,0.0,0.0,0.0,20.0
2020-03-04T17:00:00,13,Abruzzo,7,0,7,0,7,1,1,0,0,0.0,0.0,7,85,0.0,0.0,0,0,0.0,2.0,2.0,0.0,0.0,33.0,0.0,-1.0,0.0,100.0,3.03,0.0,0.0,16.67
2020-03-05T17:00:00,13,Abruzzo,8,0,8,0,8,1,1,0,0,0.0,0.0,8,96,0.0,0.0,0,0,0.0,1.0,1.0,0.0,0.0,11.0,0.0,0.0,0.0,100.0,9.09,0.0,0.0,14.29
2020-03-06T17:00:00,13,Abruzzo,9,0,9,0,9,1,1,0,0,0.0,0.0,9,96,0.0,0.0,0,0,0.0,1.0,1.0,0.0,0.0,0.0,0.0,0.0,0.0,100.0,0.0,0.0,0.0,12.5
2020-03-07T18:00:00,13,Abruzzo,11,0,11,0,11,2,2,0,0,0.0,0.0,11,123,0.0,0.0,0,0,0.0,2.0,2.0,0.0,0.0,27.0,0.0,0.0,0.0,100.0,7.41,0.0,0.0,22.22
2020-03-08T18:00:00,13,Abruzzo,14,0,14,3,17,6,6,0,0,0.0,0.0,17,163,0.0,0.0,0,0,0.0,3.0,3.0,0.0,0.0,40.0,0.0,3.0,0.0,82.35,15.0,0.0,0.0,54.55
2020-03-09T18:00:00,13,Abruzzo,25,0,25,5,30,13,13,0,0,0.0,0.0,30,237,0.0,0.0,0,0,0.0,11.0,11.0,0.0,0.0,74.0,0.0,2.0,0.0,83.33,17.57,0.0,0.0,76.47
2020-03-10T18:00:00,13,Abruzzo,17,9,26,11,37,7,8,0,1,0.0,0.0,38,310,0.0,0.0,0,0,9.0,-8.0,1.0,0.0,1.0,73.0,0.0,6.0,34.62,70.27,10.96,0.0,0.0,23.33
2020-03-11T17:00:00,13,Abruzzo,17,9,26,11,37,0,0,0,1,0.0,0.0,38,310,0.0,0.0,0,0,0.0,0.0,0.0,0.0,0.0,0.0,0.0,0.0,34.62,70.27,0.0,0.0,0.0,0.0
2020-03-12T17:00:00,13,Abruzzo,47,12,59,19,78,41,46,4,2,0.0,0.0,84,867,0.0,0.0,0,0,3.0,30.0,33.0,4.0,1.0,557.0,0.0,8.0,20.34,75.64,8.26,0.0,33.33,110.81
2020-03-13T17:00:00,13,Abruzzo,42,14,56,27,83,5,5,4,2,0.0,0.0,89,958,0.0,0.0,0,0,2.0,-5.0,-3.0,0.0,0.0,91.0,0.0,8.0,25.0,67.47,5.49,0.0,16.67,6.41
2020-03-14T17:00:00,13,Abruzzo,51,14,65,41,106,23,23,4,2,0.0,0.0,112,1232,0.0,0.0,0,0,0.0,9.0,9.0,0.0,0.0,274.0,0.0,14.0,21.54,61.32,8.39,0.0,0.0,27.71
2020-03-15T17:00:00,13,Abruzzo,72,28,100,28,128,22,25,6,3,0.0,0.0,137,1419,0.0,0.0,0,0,14.0,21.0,35.0,2.0,1.0,187.0,0.0,-13.0,28.0,78.12,13.37,0.0,100.0,20.75
2020-03-16T17:00:00,13,Abruzzo,71,37,108,57,165,37,39,7,4,0.0,0.0,176,1533,0.0,0.0,0,0,9.0,-1.0,8.0,1.0,1.0,114.0,0.0,29.0,34.26,65.45,34.21,0.0,32.14,28.91
2020-03-17T17:00:00,13,Abruzzo,94,32,126,90,216,51,53,7,6,0.0,0.0,229,1688,0.0,0.0,0,0,-5.0,23.0,18.0,0.0,2.0,155.0,0.0,33.0,25.4,58.33,34.19,0.0,-13.51,30.91
2020-03-18T17:00:00,13,Abruzzo,99,41,140,109,249,33,34,7,7,0.0,0.0,263,2054,0.0,0.0,0,0,9.0,5.0,14.0,0.0,1.0,366.0,0.0,19.0,29.29,56.22,9.29,0.0,28.12,15.28
2020-03-19T17:00:00,13,Abruzzo,181,47,228,138,366,117,122,8,11,0.0,0.0,385,2409,0.0,0.0,0,0,6.0,82.0,88.0,1.0,4.0,355.0,0.0,29.0,20.61,62.3,34.37,0.0,14.63,46.99
2020-03-20T17:00:00,13,Abruzzo,190,48,238,184,422,56,64,10,17,0.0,0.0,449,2695,0.0,0.0,0,0,1.0,9.0,10.0,2.0,6.0,286.0,0.0,46.0,20.17,56.4,22.38,0.0,2.13,15.3
2020-03-21T17:00:00,13,Abruzzo,185,44,229,265,494,72,80,13,22,0.0,0.0,529,3035,0.0,0.0,0,0,-4.0,-5.0,-9.0,3.0,5.0,340.0,0.0,81.0,19.21,46.36,23.53,0.0,-8.33,17.06
2020-03-22T17:00:00,13,Abruzzo,218,49,267,272,539,45,58,15,33,0.0,0.0,587,3375,0.0,0.0,0,0,5.0,33.0,38.0,2.0,11.0,340.0,0.0,7.0,18.35,49.54,17.06,0.0,11.36,9.11
2020-03-23T17:00:00,13,Abruzzo,228,52,280,325,605,66,76,20,38,0.0,0.0,663,3674,0.0,0.0,0,0,3.0,10.0,13.0,5.0,5.0,299.0,0.0,53.0,18.57,46.28,25.42,0.0,6.12,12.24
2020-03-24T17:00:00,13,Abruzzo,234,57,291,331,622,17,26,21,46,0.0,0.0,689,4294,0.0,0.0,0,0,5.0,6.0,11.0,1.0,8.0,620.0,0.0,6.0,19.59,46.78,4.19,0.0,9.62,2.81
2020-03-25T17:00:00,13,Abruzzo,248,59,307,431,738,116,124,23,52,0.0,0.0,813,4982,0.0,0.0,0,0,2.0,14.0,16.0,2.0,6.0,688.0,0.0,100.0,19.22,41.6,18.02,0.0,3.51,18.65
2020-03-26T17:00:00,13,Abruzzo,280,64,344,516,860,122,133,23,63,0.0,0.0,946,5488,0.0,0.0,0,0,5.0,32.0,37.0,0.0,11.0,506.0,0.0,85.0,18.6,40.0,26.28,0.0,8.47,16.53
2020-03-27T17:00:00,13,Abruzzo,289,71,360,565,925,65,71,24,68,0.0,0.0,1017,6109,0.0,0.0,0,0,7.0,9.0,16.0,1.0,5.0,621.0,0.0,49.0,19.72,38.92,11.43,0.0,10.94,7.56
2020-03-28T17:00:00,13,Abruzzo,311,70,381,646,1027,102,116,30,76,0.0,0.0,1133,7003,0.0,0.0,0,0,-1.0,22.0,21.0,6.0,8.0,894.0,0.0,81.0,18.37,37.1,12.98,0.0,-1.41,11.03
2020-03-29T17:00:00,13,Abruzzo,329,68,397,772,1169,142,160,36,88,0.0,0.0,1293,7730,0.0,0.0,0,0,-2.0,18.0,16.0,6.0,12.0,727.0,0.0,126.0,17.13,33.96,22.01,0.0,-2.86,13.83
2020-03-30T17:00:00,13,Abruzzo,322,69,391,778,1169,0,52,74,102,0.0,0.0,1345,7948,0.0,0.0,0,0,1.0,-7.0,-6.0,38.0,14.0,218.0,0.0,6.0,17.65,33.45,23.85,0.0,1.47,0.0
2020-03-31T17:00:00,13,Abruzzo,335,73,408,783,1191,22,56,95,115,0.0,0.0,1401,8758,0.0,0.0,0,0,4.0,13.0,17.0,21.0,13.0,810.0,0.0,5.0,17.89,34.26,6.91,0.0,5.8,1.88
2020-04-01T17:00:00,13,Abruzzo,342,71,413,798,1211,20,35,102,123,0.0,0.0,1436,9610,0.0,0.0,0,0,-2.0,7.0,5.0,7.0,8.0,852.0,0.0,15.0,17.19,34.1,4.11,0.0,-2.74,1.68
2020-04-02T17:00:00,13,Abruzzo,341,75,416,835,1251,40,61,113,133,0.0,0.0,1497,10647,0.0,0.0,0,0,4.0,-1.0,3.0,11.0,10.0,1037.0,0.0,37.0,18.03,33.25,5.88,0.0,5.63,3.3
2020-04-03T17:00:00,13,Abruzzo,361,76,437,864,1301,50,66,116,146,0.0,0.0,1563,11890,0.0,0.0,0,0,1.0,20.0,21.0,3.0,13.0,1243.0,0.0,29.0,17.39,33.59,5.31,0.0,1.33,4.0
2020-04-04T17:00:00,13,Abruzzo,354,71,425,931,1356,55,65,119,153,0.0,0.0,1628,12837,0.0,0.0,0,0,-5.0,-7.0,-12.0,3.0,7.0,947.0,0.0,67.0,16.71,31.34,6.86,0.0,-6.58,4.23
2020-04-05T17:00:00,13,Abruzzo,347,67,414,1006,1420,64,75,125,158,0.0,0.0,1703,13598,0.0,0.0,0,0,-4.0,-7.0,-11.0,6.0,5.0,761.0,0.0,75.0,16.18,29.15,9.86,0.0,-5.63,4.72
2020-04-06T17:00:00,13,Abruzzo,340,66,406,1019,1425,5,18,127,169,0.0,0.0,1721,14198,0.0,0.0,0,0,-1.0,-7.0,-8.0,2.0,11.0,600.0,0.0,13.0,16.26,28.49,3.0,0.0,-1.49,0.35
2020-04-07T17:00:00,13,Abruzzo,337,67,404,1087,1491,66,78,136,172,0.0,0.0,1799,14904,0.0,0.0,0,0,1.0,-3.0,-2.0,9.0,3.0,706.0,0.0,68.0,16.58,27.1,11.05,0.0,1.52,4.63
2020-04-08T17:00:00,13,Abruzzo,331,62,393,1141,1534,43,60,146,179,0.0,0.0,1859,15846,0.0,0.0,0,0,-5.0,-6.0,-11.0,10.0,7.0,942.0,0.0,54.0,15.78,25.62,6.37,0.0,-7.46,2.88
2020-04-09T17:00:00,13,Abruzzo,306,57,363,1203,1566,32,72,171,194,0.0,0.0,1931,16847,0.0,0.0,0,0,-5.0,-25.0,-30.0,25.0,15.0,1001.0,0.0,62.0,15.7,23.18,7.19,0.0,-8.06,2.09
2020-04-10T17:00:00,13,Abruzzo,305,53,358,1277,1635,69,83,181,198,0.0,0.0,2014,18088,0.0,0.0,0,0,-4.0,-1.0,-5.0,10.0,4.0,1241.0,0.0,74.0,14.8,21.9,6.69,0.0,-7.02,4.41
2020-04-11T17:00:00,13,Abruzzo,315,54,369,1355,1724,89,106,190,206,0.0,0.0,2120,19441,0.0,0.0,0,0,1.0,10.0,11.0,9.0,8.0,1353.0,0.0,78.0,14.63,21.4,7.83,0.0,1.89,5.44
2020-04-12T17:00:00,13,Abruzzo,346,54,400,1342,1742,18,40,206,212,0.0,0.0,2160,20594,0.0,0.0,0,0,0.0,31.0,31.0,16.0,6.0,1153.0,0.0,-13.0,13.5,22.96,3.47,0.0,0.0,1.04
2020-04-13T17:00:00,13,Abruzzo,351,54,405,1373,1778,36,53,211,224,0.0,0.0,2213,20667,0.0,0.0,0,0,0.0,5.0,5.0,5.0,12.0,73.0,0.0,31.0,13.33,22.78,72.6,0.0,0.0,2.07
2020-04-14T17:00:00,13,Abruzzo,345,52,397,1403,1800,22,32,213,232,0.0,0.0,2245,20935,0.0,0.0,0,0,-2.0,-6.0,-8.0,2.0,8.0,268.0,0.0,30.0,13.1,22.06,11.94,0.0,-3.7,1.24
2020-04-15T17:00:00,13,Abruzzo,341,44,385,1425,1810,10,29,224,240,0.0,0.0,2274,22500,0.0,0.0,0,0,-8.0,-4.0,-12.0,11.0,8.0,1565.0,0.0,22.0,11.43,21.27,1.85,0.0,-15.38,0.56
2020-04-16T17:00:00,13,Abruzzo,324,42,366,1484,1850,40,72,253,243,0.0,0.0,2346,23786,0.0,0.0,0,0,-2.0,-17.0,-19.0,29.0,3.0,1286.0,0.0,59.0,11.48,19.78,5.6,0.0,-4.55,2.21
2020-04-17T17:00:00,13,Abruzzo,319,43,362,1580,1942,92,97,255,246,0.0,0.0,2443,25436,0.0,0.0,0,0,1.0,-5.0,-4.0,2.0,3.0,1650.0,0.0,96.0,11.88,18.64,5.88,0.0,2.38,4.97
2020-04-18T17:00:00,13,Abruzzo,321,41,362,1609,1971,29,44,263,253,0.0,0.0,2487,27016,0.0,0.0,0,0,-2.0,2.0,0.0,8.0,7.0,1580.0,0.0,29.0,11.33,18.37,2.78,0.0,-4.65,1.49
2020-04-19T17:00:00,13,Abruzzo,317,40,357,1630,1987,16,34,276,258,0.0,0.0,2521,27791,22424.0,0.0,0,0,-1.0,-4.0,-5.0,13.0,5.0,775.0,0.0,21.0,11.2,17.97,4.39,0.0,-2.44,0.81
2020-04-20T17:00:00,13,Abruzzo,320,38,358,1704,2062,75,91,287,263,0.0,0.0,2612,27942,22552.0,0.0,0,0,-2.0,3.0,1.0,11.0,5.0,151.0,128.0,74.0,10.61,17.36,60.26,71.09,-5.0,3.77
2020-04-21T17:00:00,13,Abruzzo,318,35,353,1714,2067,5,55,329,271,0.0,0.0,2667,29906,23901.0,0.0,0,0,-3.0,-2.0,-5.0,42.0,8.0,1964.0,1349.0,10.0,9.92,17.08,2.8,4.08,-7.89,0.24
2020-04-22T17:00:00,13,Abruzzo,309,35,344,1764,2108,41,66,349,276,0.0,0.0,2733,30348,24317.0,0.0,0,0,0.0,-9.0,-9.0,20.0,5.0,442.0,416.0,50.0,10.17,16.32,14.93,15.87,0.0,1.98
2020-04-23T17:00:00,13,Abruzzo,322,31,353,1747,2100,-8,52,405,280,0.0,0.0,2785,31187,24751.0,0.0,0,0,-4.0,13.0,9.0,56.0,4.0,839.0,434.0,-17.0,8.78,16.81,6.2,11.98,-11.43,-0.38
2020-04-24T17:00:00,13,Abruzzo,327,28,355,1724,2079,-21,18,438,286,0.0,0.0,2803,32397,25397.0,0.0,0,0,-3.0,5.0,2.0,33.0,6.0,1210.0,646.0,-23.0,7.89,17.08,1.49,2.79,-9.68,-1.0
2020-04-25T17:00:00,13,Abruzzo,323,26,349,1712,2061,-18,29,478,293,0.0,0.0,2832,33624,25959.0,0.0,0,0,-2.0,-4.0,-6.0,40.0,7.0,1227.0,562.0,-12.0,7.45,16.93,2.36,5.16,-7.14,-0.87
2020-04-26T17:00:00,13,Abruzzo,324,24,348,1720,2068,7,27,496,295,0.0,0.0,2859,33820,26184.0,0.0,0,0,-2.0,1.0,-1.0,18.0,2.0,196.0,225.0,8.0,6.9,16.83,13.78,12.0,-7.69,0.34
2020-04-27T17:00:00,13,Abruzzo,328,23,351,1679,2030,-38,15,545,299,0.0,0.0,2874,34176,26443.0,0.0,0,0,-1.0,4.0,3.0,49.0,4.0,356.0,259.0,-41.0,6.55,17.29,4.21,5.79,-4.17,-1.84
2020-04-28T17:00:00,13,Abruzzo,312,21,333,1657,1990,-40,25,599,310,0.0,0.0,2899,35356,27054.0,0.0,0,0,-2.0,-16.0,-18.0,54.0,11.0,1180.0,611.0,-22.0,6.31,16.73,2.12,4.09,-8.7,-1.97
2020-04-29T17:00:00,13,Abruzzo,309,19,328,1648,1976,-14,24,632,315,0.0,0.0,2923,36614,27703.0,0.0,0,0,-2.0,-3.0,-5.0,33.0,5.0,1258.0,649.0,-9.0,5.79,16.6,1.91,3.7,-9.52,-0.7
2020-04-30T17:00:00,13,Abruzzo,306,16,322,1593,1915,-61,7,695,320,0.0,0.0,2930,37996,28351.0,0.0,0,0,-3.0,-3.0,-6.0,63.0,5.0,1382.0,648.0,-55.0,4.97,16.81,0.51,1.08,-15.79,-3.09
2020-05-01T17:00:00,13,Abruzzo,297,16,313,1598,1911,-4,18,713,324,0.0,0.0,2948,39385,29024.0,0.0,0,0,0.0,-9.0,-9.0,18.0,4.0,1389.0,673.0,5.0,5.11,16.38,1.3,2.67,0.0,-0.21
2020-05-02T17:00:00,13,Abruzzo,303,16,319,1560,1879,-32,16,758,327,0.0,0.0,2964,39916,29308.0,0.0,0,0,0.0,6.0,6.0,45.0,3.0,531.0,284.0,-38.0,5.02,16.98,3.01,5.63,0.0,-1.67
2020-05-03T17:00:00,13,Abruzzo,300,16,316,1552,1868,-11,32,798,330,0.0,0.0,2996,40699,29788.0,0.0,0,0,0.0,-3.0,-3.0,40.0,3.0,783.0,480.0,-8.0,5.06,16.92,4.09,6.67,0.0,-0.59
2020-05-04T17:00:00,13,Abruzzo,301,15,316,1521,1837,-31,4,831,332,0.0,0.0,3000,41108,30047.0,0.0,0,0,-1.0,1.0,0.0,33.0,2.0,409.0,259.0,-31.0,4.75,17.2,0.98,1.54,-6.25,-1.66
2020-05-05T17:00:00,13,Abruzzo,289,11,300,1509,1809,-28,25,881,335,0.0,0.0,3025,42489,30835.0,0.0,0,0,-4.0,-12.0,-16.0,50.0,3.0,1381.0,788.0,-12.0,3.67,16.58,1.81,3.17,-26.67,-1.52
2020-05-06T17:00:00,13,Abruzzo,285,11,296,1495,1791,-18,22,915,341,0.0,0.0,3047,43803,31502.0,0.0,0,0,0.0,-4.0,-4.0,34.0,6.0,1314.0,667.0,-14.0,3.72,16.53,1.67,3.3,0.0,-1.0
2020-05-07T17:00:00,13,Abruzzo,263,12,275,1495,1770,-21,25,954,348,0.0,0.0,3072,45021,32186.0,0.0,0,0,1.0,-22.0,-21.0,39.0,7.0,1218.0,684.0,0.0,4.36,15.54,2.05,3.65,9.09,-1.17
2020-05-08T17:00:00,13,Abruzzo,250,10,260,1453,1713,-57,6,1014,351,0.0,0.0,3078,46103,32619.0,0.0,0,0,-2.0,-13.0,-15.0,60.0,3.0,1082.0,433.0,-42.0,3.85,15.18,0.55,1.39,-16.67,-3.22
2020-05-09T17:00:00,13,Abruzzo,246,10,256,1420,1676,-37,8,1055,355,0.0,0.0,3086,47190,33013.0,0.0,0,0,0.0,-4.0,-4.0,41.0,4.0,1087.0,394.0,-33.0,3.91,15.27,0.74,2.03,0.0,-2.16
2020-05-10T17:00:00,13,Abruzzo,233,10,243,1428,1671,-5,17,1073,359,0.0,0.0,3103,48110,33876.0,0.0,0,0,0.0,-13.0,-13.0,18.0,4.0,920.0,863.0,8.0,4.12,14.54,1.85,1.97,0.0,-0.3
2020-05-11T17:00:00,13,Abruzzo,231,9,240,1369,1609,-62,4,1132,366,0.0,0.0,3107,48903,34428.0,0.0,0,0,-1.0,-2.0,-3.0,59.0,7.0,793.0,552.0,-59.0,3.75,14.92,0.5,0.72,-10.0,-3.71
2020-05-12T17:00:00,13,Abruzzo,222,8,230,1318,1548,-61,8,1197,370,0.0,0.0,3115,50295,35241.0,0.0,0,0,-1.0,-9.0,-10.0,65.0,4.0,1392.0,813.0,-51.0,3.48,14.86,0.57,0.98,-11.11,-3.79
2020-05-13T17:00:00,13,Abruzzo,214,7,221,1268,1489,-59,12,1263,375,0.0,0.0,3127,51361,35898.0,0.0,0,0,-1.0,-8.0,-9.0,66.0,5.0,1066.0,657.0,-50.0,3.17,14.84,1.13,1.83,-12.5,-3.81
2020-05-14T17:00:00,13,Abruzzo,215,6,221,1261,1482,-7,9,1275,379,0.0,0.0,3136,52860,36844.0,0.0,0,0,-1.0,1.0,0.0,12.0,4.0,1499.0,946.0,-7.0,2.71,14.91,0.6,0.95,-14.29,-0.47
2020-05-15T17:00:00,13,Abruzzo,205,6,211,1243,1454,-28,12,1313,381,0.0,0.0,3148,54028,37587.0,0.0,0,0,0.0,-10.0,-10.0,38.0,2.0,1168.0,743.0,-18.0,2.84,14.51,1.03,1.62,0.0,-1.89
2020-05-16T17:00:00,13,Abruzzo,195,7,202,1221,1423,-31,30,1372,383,0.0,0.0,3178,55672,38681.0,0.0,0,0,1.0,-10.0,-9.0,59.0,2.0,1644.0,1094.0,-22.0,3.47,14.2,1.82,2.74,16.67,-2.13
2020-05-17T17:00:00,13,Abruzzo,193,6,199,1223,1422,-1,8,1379,385,0.0,0.0,3186,57217,39788.0,0.0,0,0,-1.0,-2.0,-3.0,7.0,2.0,1545.0,1107.0,2.0,3.02,13.99,0.52,0.72,-14.29,-0.07
2020-05-18T17:00:00,13,Abruzzo,191,6,197,1216,1413,-9,7,1392,388,0.0,0.0,3193,57897,40345.0,0.0,0,0,0.0,-2.0,-2.0,13.0,3.0,680.0,557.0,-7.0,3.05,13.94,1.03,1.26,0.0,-0.63
2020-05-19T17:00:00,13,Abruzzo,188,6,194,1195,1389,-24,4,1419,389,0.0,0.0,3197,58945,41162.0,0.0,0,0,0.0,-3.0,-3.0,27.0,1.0,1048.0,817.0,-21.0,3.09,13.97,0.38,0.49,0.0,-1.7
2020-05-20T17:00:00,13,Abruzzo,185,6,191,1126,1317,-72,8,1499,389,0.0,0.0,3205,61123,42244.0,0.0,0,0,0.0,-3.0,-3.0,80.0,0.0,2178.0,1082.0,-69.0,3.14,14.5,0.37,0.74,0.0,-5.18
2020-05-21T17:00:00,13,Abruzzo,175,5,180,1092,1272,-45,7,1549,391,0.0,0.0,3212,62161,42768.0,0.0,0,0,-1.0,-10.0,-11.0,50.0,2.0,1038.0,524.0,-34.0,2.78,14.15,0.67,1.34,-16.67,-3.42
2020-05-22T17:00:00,13,Abruzzo,157,4,161,1018,1179,-93,8,1647,394,0.0,0.0,3220,63956,43904.0,0.0,0,0,-1.0,-18.0,-19.0,98.0,3.0,1795.0,1136.0,-74.0,2.48,13.66,0.45,0.7,-20.0,-7.31
2020-05-23T17:00:00,13,Abruzzo,156,4,160,1008,1168,-11,1,1659,394,0.0,0.0,3221,65290,44680.0,0.0,0,0,0.0,-1.0,-1.0,12.0,0.0,1334.0,776.0,-10.0,2.5,13.7,0.07,0.13,0.0,-0.93
2020-05-24T17:00:00,13,Abruzzo,149,3,152,940,1092,-76,5,1736,398,0.0,0.0,3226,66486,45516.0,0.0,0,0,-1.0,-7.0,-8.0,77.0,4.0,1196.0,836.0,-68.0,1.97,13.92,0.42,0.6,-25.0,-6.51
2020-05-25T17:00:00,13,Abruzzo,149,3,152,894,1046,-46,1,1781,400,0.0,0.0,3227,67468,46146.0,0.0,0,0,0.0,0.0,0.0,45.0,2.0,982.0,630.0,-46.0,1.97,14.53,0.1,0.16,0.0,-4.21
2020-05-26T17:00:00,13,Abruzzo,142,3,145,764,909,-137,3,1921,400,0.0,0.0,3230,68733,46960.0,0.0,0,0,0.0,-7.0,-7.0,140.0,0.0,1265.0,814.0,-130.0,2.07,15.95,0.24,0.37,0.0,-13.1
2020-05-27T17:00:00,13,Abruzzo,138,3,141,725,866,-43,5,1969,400,0.0,0.0,3235,70473,48112.0,0.0,0,0,0.0,-4.0,-4.0,48.0,0.0,1740.0,1152.0,-39.0,2.13,16.28,0.29,0.43,0.0,-4.73
2020-05-28T17:00:00,13,Abruzzo,128,3,131,693,824,-42,2,2011,402,0.0,0.0,3237,71788,49084.0,0.0,0,0,0.0,-10.0,-10.0,42.0,2.0,1315.0,972.0,-32.0,2.29,15.9,0.15,0.21,0.0,-4.85
2020-05-29T17:00:00,13,Abruzzo,122,3,125,645,770,-54,0,2063,404,0.0,0.0,3237,73301,50043.0,0.0,0,0,0.0,-6.0,-6.0,52.0,2.0,1513.0,959.0,-48.0,2.4,16.23,0.0,0.0,0.0,-6.55
2020-05-30T17:00:00,13,Abruzzo,122,3,125,645,770,0,0,2063,404,0.0,0.0,3237,73301,50043.0,0.0,0,0,0.0,0.0,0.0,0.0,0.0,0.0,0.0,0.0,2.4,16.23,0.0,0.0,0.0,0.0
2020-05-31T17:00:00,13,Abruzzo,104,4,108,667,775,5,7,2064,405,0.0,0.0,3244,75652,50050.0,0.0,0,0,1.0,-18.0,-17.0,1.0,1.0,2351.0,7.0,22.0,3.7,13.94,0.3,100.0,33.33,0.65
2020-06-01T17:00:00,13,Abruzzo,113,6,119,625,744,-31,1,2093,408,0.0,0.0,3245,76924,52646.0,0.0,0,0,2.0,9.0,11.0,29.0,3.0,1272.0,2596.0,-42.0,5.04,15.99,0.08,0.04,50.0,-4.0
2020-06-02T17:00:00,13,Abruzzo,113,6,119,624,743,-1,4,2093,413,0.0,0.0,3249,77892,53279.0,0.0,0,0,0.0,0.0,0.0,0.0,5.0,968.0,633.0,-1.0,5.04,16.02,0.41,0.63,0.0,-0.13
2020-06-03T17:00:00,13,Abruzzo,112,3,115,621,736,-7,3,2102,414,0.0,0.0,3252,78356,53555.0,0.0,0,0,-3.0,-1.0,-4.0,9.0,1.0,464.0,276.0,-3.0,2.61,15.62,0.65,1.09,-50.0,-0.94
2020-06-04T17:00:00,13,Abruzzo,109,3,112,592,704,-32,3,2136,415,0.0,0.0,3255,79720,54527.0,0.0,0,0,0.0,-3.0,-3.0,34.0,1.0,1364.0,972.0,-29.0,2.68,15.91,0.22,0.31,0.0,-4.35
2020-06-05T17:00:00,13,Abruzzo,103,4,107,563,670,-34,2,2172,415,0.0,0.0,3257,80972,55295.0,0.0,0,0,1.0,-6.0,-5.0,36.0,0.0,1252.0,768.0,-29.0,3.74,15.97,0.16,0.26,33.33,-4.83
2020-06-06T17:00:00,13,Abruzzo,96,3,99,554,653,-17,1,2187,418,0.0,0.0,3258,82332,56223.0,0.0,0,0,-1.0,-7.0,-8.0,15.0,3.0,1360.0,928.0,-9.0,3.03,15.16,0.07,0.11,-25.0,-2.54
2020-06-07T17:00:00,13,Abruzzo,88,4,92,561,653,0,7,2194,418,0.0,0.0,3265,83020,56702.0,0.0,0,0,1.0,-8.0,-7.0,7.0,0.0,688.0,479.0,7.0,4.35,14.09,1.02,1.46,33.33,0.0
2020-06-08T17:00:00,13,Abruzzo,89,4,93,539,632,-21,0,2215,418,0.0,0.0,3265,83715,57165.0,0.0,0,0,0.0,1.0,1.0,21.0,0.0,695.0,463.0,-22.0,4.3,14.72,0.0,0.0,0.0,-3.22
2020-06-09T17:00:00,13,Abruzzo,91,4,95,472,567,-65,1,2248,451,0.0,0.0,3266,84700,57880.0,0.0,0,0,0.0,2.0,2.0,33.0,33.0,985.0,715.0,-67.0,4.21,16.75,0.1,0.14,0.0,-10.28
2020-06-10T17:00:00,13,Abruzzo,83,5,88,462,550,-17,0,2263,453,0.0,0.0,3266,86082,58766.0,0.0,0,0,1.0,-8.0,-7.0,15.0,2.0,1382.0,886.0,-10.0,5.68,16.0,0.0,0.0,25.0,-3.0
2020-06-11T17:00:00,13,Abruzzo,81,5,86,453,539,-11,1,2275,453,0.0,0.0,3267,87566,59505.0,0.0,0,0,0.0,-2.0,-2.0,12.0,0.0,1484.0,739.0,-9.0,5.81,15.96,0.07,0.14,0.0,-2.0
2020-06-12T17:00:00,13,Abruzzo,76,4,80,448,528,-11,4,2290,453,0.0,0.0,3271,88739,60229.0,0.0,0,0,-1.0,-5.0,-6.0,15.0,0.0,1173.0,724.0,-5.0,5.0,15.15,0.34,0.55,-20.0,-2.04
2020-06-13T17:00:00,13,Abruzzo,72,4,76,433,509,-19,4,2312,454,0.0,0.0,3275,90340,61177.0,0.0,0,0,0.0,-4.0,-4.0,22.0,1.0,1601.0,948.0,-15.0,5.26,14.93,0.25,0.42,0.0,-3.6
2020-06-14T17:00:00,13,Abruzzo,71,4,75,436,511,2,4,2312,456,0.0,0.0,3279,91445,61873.0,0.0,0,0,0.0,-1.0,-1.0,0.0,2.0,1105.0,696.0,3.0,5.33,14.68,0.36,0.57,0.0,0.39
2020-06-15T17:00:00,13,Abruzzo,71,3,74,412,486,-25,0,2337,456,0.0,0.0,3279,91700,62048.0,0.0,0,0,-1.0,0.0,-1.0,25.0,0.0,255.0,175.0,-24.0,4.05,15.23,0.0,0.0,-25.0,-4.89
2020-06-16T17:00:00,13,Abruzzo,67,3,70,398,468,-18,1,2355,457,0.0,0.0,3280,92874,62709.0,0.0,0,0,0.0,-4.0,-4.0,18.0,1.0,1174.0,661.0,-14.0,4.29,14.96,0.09,0.15,0.0,-3.7
2020-06-17T17:00:00,13,Abruzzo,61,2,63,375,438,-30,2,2386,457,0.0,0.0,3281,94391,63630.0,0.0,0,0,-1.0,-6.0,-7.0,31.0,0.0,1517.0,921.0,-23.0,3.17,14.38,0.13,0.22,-33.33,-6.41
2020-06-18T17:00:00,13,Abruzzo,58,2,60,374,434,-4,2,2389,458,0.0,0.0,3281,95546,64327.0,0.0,0,0,0.0,-3.0,-3.0,3.0,1.0,1155.0,697.0,-1.0,3.33,13.82,0.17,0.29,0.0,-0.91
2020-06-19T17:00:00,13,Abruzzo,53,1,54,353,407,-27,1,2414,459,0.0,0.0,3280,96581,64987.0,0.0,0,0,-1.0,-5.0,-6.0,25.0,1.0,1035.0,660.0,-21.0,1.85,13.27,0.1,0.15,-50.0,-6.22
2020-06-20T17:00:00,13,Abruzzo,49,3,52,352,404,-3,1,2418,459,0.0,0.0,3281,97625,65606.0,0.0,0,0,2.0,-4.0,-2.0,4.0,0.0,1044.0,619.0,-1.0,5.77,12.87,0.1,0.16,200.0,-0.74
2020-06-21T17:00:00,13,Abruzzo,50,3,53,350,403,-1,0,2419,459,0.0,0.0,3281,98708,66342.0,0.0,0,0,0.0,1.0,1.0,1.0,0.0,1083.0,736.0,-2.0,5.66,13.15,0.0,0.0,0.0,-0.25
2020-06-22T17:00:00,13,Abruzzo,49,3,52,342,394,-9,1,2428,460,0.0,0.0,3282,98872,66466.0,0.0,0,0,0.0,-1.0,-1.0,9.0,1.0,164.0,124.0,-8.0,5.77,13.2,0.61,0.81,0.0,-2.23
2020-06-23T17:00:00,13,Abruzzo,46,3,49,342,391,-3,0,2431,460,0.0,0.0,3282,99976,67151.0,0.0,0,0,0.0,-3.0,-3.0,3.0,0.0,1104.0,685.0,0.0,6.12,12.53,0.0,0.0,0.0,-0.76
2020-06-24T17:00:00,13,Abruzzo,41,2,43,335,378,-13,1,2444,461,0.0,0.0,3283,100918,67617.0,0.0,0,0,-1.0,-5.0,-6.0,13.0,1.0,942.0,466.0,-7.0,4.65,11.38,0.11,0.21,-33.33,-3.32
2020-06-25T17:00:00,13,Abruzzo,32,2,34,337,371,-7,1,2452,461,3113.0,171.0,3284,101814,68098.0,0.0,0,0,0.0,-9.0,-9.0,8.0,0.0,896.0,481.0,2.0,5.88,9.16,0.11,0.21,0.0,-1.85
2020-06-26T17:00:00,13,Abruzzo,30,2,32,326,358,-13,1,2466,461,3112.0,173.0,3285,102606,68584.0,0.0,0,0,0.0,-2.0,-2.0,14.0,0.0,792.0,486.0,-11.0,6.25,8.94,0.13,0.21,0.0,-3.5
2020-06-27T17:00:00,13,Abruzzo,31,2,33,304,337,-21,0,2487,461,3111.0,174.0,3285,103771,69214.0,0.0,0,0,0.0,1.0,1.0,21.0,0.0,1165.0,630.0,-22.0,6.06,9.79,0.0,0.0,0.0,-5.87
2020-06-28T17:00:00,13,Abruzzo,28,2,30,254,284,-53,1,2540,462,3102.0,184.0,3286,104558,69720.0,0.0,0,0,0.0,-3.0,-3.0,53.0,1.0,787.0,506.0,-50.0,6.67,10.56,0.13,0.2,0.0,-15.73
2020-06-29T17:00:00,13,Abruzzo,28,2,30,252,282,-2,1,2543,462,3102.0,185.0,3287,104822,69874.0,0.0,0,0,0.0,0.0,0.0,3.0,0.0,264.0,154.0,-2.0,6.67,10.64,0.38,0.65,0.0,-0.7
2020-06-30T17:00:00,13,Abruzzo,33,0,33,164,197,-85,0,2626,464,3100.0,187.0,3287,105653,70443.0,0.0,0,0,-2.0,5.0,3.0,83.0,2.0,831.0,569.0,-88.0,0.0,16.75,0.0,0.0,-100.0,-30.14
2020-07-01T17:00:00,13,Abruzzo,32,0,32,138,170,-27,2,2655,464,3099.0,190.0,3289,106350,70898.0,0.0,0,0,0.0,-1.0,-1.0,29.0,0.0,697.0,455.0,-26.0,0.0,18.82,0.29,0.44,0.0,-13.71
2020-07-02T17:00:00,13,Abruzzo,28,0,28,132,160,-10,3,2668,464,3102.0,190.0,3292,107535,71520.0,0.0,0,0,0.0,-4.0,-4.0,13.0,0.0,1185.0,622.0,-6.0,0.0,17.5,0.25,0.48,0.0,-5.88
2020-07-03T17:00:00,13,Abruzzo,27,0,27,129,156,-4,6,2678,464,3104.0,194.0,3298,108363,71976.0,0.0,0,0,0.0,-1.0,-1.0,10.0,0.0,828.0,456.0,-3.0,0.0,17.31,0.72,1.32,0.0,-2.5
2020-07-04T17:00:00,13,Abruzzo,28,0,28,131,159,3,7,2682,464,3108.0,197.0,3305,109379,72652.0,0.0,0,0,0.0,1.0,1.0,4.0,0.0,1016.0,676.0,2.0,0.0,17.61,0.69,1.04,0.0,1.92
2020-07-05T17:00:00,13,Abruzzo,30,0,30,133,163,4,4,2682,464,3107.0,202.0,3309,110052,73142.0,0.0,0,0,0.0,2.0,2.0,0.0,0.0,673.0,490.0,2.0,0.0,18.4,0.59,0.82,0.0,2.52
2020-07-06T17:00:00,13,Abruzzo,30,0,30,126,156,-7,0,2689,464,3106.0,203.0,3309,110126,73199.0,0.0,0,0,0.0,0.0,0.0,7.0,0.0,74.0,57.0,-7.0,0.0,19.23,0.0,0.0,0.0,-4.29
2020-07-07T17:00:00,13,Abruzzo,28,0,28,125,153,-3,0,2692,464,3106.0,203.0,3309,110863,73722.0,0.0,0,0,0.0,-2.0,-2.0,3.0,0.0,737.0,523.0,-1.0,0.0,18.3,0.0,0.0,0.0,-1.92
2020-07-08T17:00:00,13,Abruzzo,27,0,27,118,145,-8,1,2701,464,3104.0,206.0,3310,111752,74235.0,0.0,0,0,0.0,-1.0,-1.0,9.0,0.0,889.0,513.0,-7.0,0.0,18.62,0.11,0.19,0.0,-5.23
2020-07-09T17:00:00,13,Abruzzo,26,0,26,121,147,2,8,2707,464,3112.0,206.0,3318,112505,74697.0,0.0,0,0,0.0,-1.0,-1.0,6.0,0.0,753.0,462.0,3.0,0.0,17.69,1.06,1.73,0.0,1.38
2020-07-10T17:00:00,13,Abruzzo,26,0,26,122,148,1,3,2709,464,3112.0,209.0,3321,113388,75231.0,0.0,0,0,0.0,0.0,0.0,2.0,0.0,883.0,534.0,1.0,0.0,17.57,0.34,0.56,0.0,0.68
2020-07-11T17:00:00,13,Abruzzo,25,0,25,122,147,-1,2,2712,464,3113.0,210.0,3323,114219,75741.0,0.0,0,0,0.0,-1.0,-1.0,3.0,0.0,831.0,510.0,0.0,0.0,17.01,0.24,0.39,0.0,-0.68
2020-07-12T17:00:00,13,Abruzzo,22,0,22,128,150,3,5,2713,465,3116.0,212.0,3328,115119,76203.0,0.0,0,0,0.0,-3.0,-3.0,1.0,1.0,900.0,462.0,6.0,0.0,14.67,0.56,1.08,0.0,2.04
2020-07-13T17:00:00,13,Abruzzo,19,0,19,124,143,-7,0,2719,466,3113.0,215.0,3328,115176,76243.0,0.0,0,0,0.0,-3.0,-3.0,6.0,1.0,57.0,40.0,-4.0,0.0,13.29,0.0,0.0,0.0,-4.67
2020-07-14T17:00:00,13,Abruzzo,19,0,19,102,121,-22,0,2740,467,3113.0,215.0,3328,115444,76420.0,0.0,0,0,0.0,0.0,0.0,21.0,1.0,268.0,177.0,-22.0,0.0,15.7,0.0,0.0,0.0,-15.38
2020-07-15T17:00:00,13,Abruzzo,17,0,17,107,124,3,3,2740,467,3113.0,218.0,3331,116253,76907.0,0.0,0,0,0.0,-2.0,-2.0,0.0,0.0,809.0,487.0,5.0,0.0,13.71,0.37,0.62,0.0,2.48
2020-07-16T17:00:00,13,Abruzzo,17,0,17,103,120,-4,2,2745,468,3115.0,218.0,3333,117027,77425.0,0.0,0,0,0.0,0.0,0.0,5.0,1.0,774.0,518.0,-4.0,0.0,14.17,0.26,0.39,0.0,-3.23
2020-07-17T17:00:00,13,Abruzzo,17,0,17,102,119,-1,1,2747,468,3116.0,218.0,3334,117780,77893.0,0.0,0,0,0.0,0.0,0.0,2.0,0.0,753.0,468.0,-1.0,0.0,14.29,0.13,0.21,0.0,-0.83
2020-07-18T17:00:00,13,Abruzzo,15,0,15,102,117,-2,1,2750,468,3113.0,222.0,3335,118745,78469.0,0.0,0,0,0.0,-2.0,-2.0,3.0,0.0,965.0,576.0,0.0,0.0,12.82,0.1,0.17,0.0,-1.68
2020-07-19T17:00:00,13,Abruzzo,14,0,14,103,117,0,1,2751,468,3113.0,223.0,3336,119504,78949.0,0.0,0,0,0.0,-1.0,-1.0,1.0,0.0,759.0,480.0,1.0,0.0,11.97,0.13,0.21,0.0,0.0
2020-07-20T17:00:00,13,Abruzzo,13,0,13,108,121,4,6,2753,468,3117.0,225.0,3342,119651,79070.0,0.0,0,0,0.0,-1.0,-1.0,2.0,0.0,147.0,121.0,5.0,0.0,10.74,4.08,4.96,0.0,3.42
2020-07-21T17:00:00,13,Abruzzo,12,0,12,104,116,-5,2,2758,470,3119.0,225.0,3344,120227,79463.0,0.0,0,0,0.0,-1.0,-1.0,5.0,2.0,576.0,393.0,-4.0,0.0,10.34,0.35,0.51,0.0,-4.13
2020-07-22T17:00:00,13,Abruzzo,8,1,9,100,109,-7,0,2763,470,3117.0,225.0,3342,120967,79901.0,0.0,0,0,1.0,-4.0,-3.0,5.0,0.0,740.0,438.0,-4.0,11.11,8.26,0.0,0.0,0.0,-6.03
2020-07-23T17:00:00,13,Abruzzo,8,2,10,105,115,6,10,2767,470,3125.0,227.0,3352,122303,80636.0,0.0,0,0,1.0,0.0,1.0,4.0,0.0,1336.0,735.0,5.0,20.0,8.7,0.75,1.36,100.0,5.5
2020-07-24T17:00:00,13,Abruzzo,11,2,13,100,113,-2,4,2773,470,3129.0,227.0,3356,123200,81191.0,0.0,0,0,0.0,3.0,3.0,6.0,0.0,897.0,555.0,-5.0,15.38,11.5,0.45,0.72,0.0,-1.74
2020-07-25T17:00:00,13,Abruzzo,11,2,13,99,112,-1,3,2777,470,3130.0,229.0,3359,123996,81641.0,0.0,0,0,0.0,0.0,0.0,4.0,0.0,796.0,450.0,-1.0,15.38,11.61,0.38,0.67,0.0,-0.88
2020-07-26T17:00:00,13,Abruzzo,13,2,15,97,112,0,1,2777,470,3129.0,230.0,3359,127354,83616.0,0.0,0,0,0.0,2.0,2.0,0.0,0.0,3358.0,1975.0,-2.0,13.33,13.39,0.03,0.05,0.0,0.0
2020-07-27T17:00:00,13,Abruzzo,13,1,14,100,114,2,9,2783,471,3130.0,238.0,3368,125155,82423.0,0.0,0,0,-1.0,0.0,-1.0,6.0,1.0,-2199.0,-1193.0,3.0,7.14,12.28,-0.41,-0.75,-50.0,1.79
2020-07-28T17:00:00,13,Abruzzo,14,1,15,92,107,-7,1,2790,472,3131.0,238.0,3369,125542,82644.0,0.0,0,0,0.0,1.0,1.0,7.0,1.0,387.0,221.0,-8.0,6.67,14.02,0.26,0.45,0.0,-6.14
2020-07-29T17:00:00,13,Abruzzo,14,1,15,94,109,2,4,2792,472,3135.0,238.0,3373,126445,83195.0,0.0,0,0,0.0,0.0,0.0,2.0,0.0,903.0,551.0,2.0,6.67,13.76,0.44,0.73,0.0,1.87
2020-07-30T17:00:00,13,Abruzzo,14,1,15,91,106,-3,4,2799,472,3136.0,241.0,3377,127417,83816.0,0.0,0,0,0.0,0.0,0.0,7.0,0.0,972.0,621.0,-3.0,6.67,14.15,0.41,0.64,0.0,-2.75
2020-07-31T17:00:00,13,Abruzzo,13,1,14,97,111,5,5,2799,472,3138.0,244.0,3382,128483,84411.0,0.0,0,0,0.0,-1.0,-1.0,0.0,0.0,1066.0,595.0,6.0,7.14,12.61,0.47,0.84,0.0,4.72
2020-08-01T17:00:00,13,Abruzzo,13,1,14,101,115,4,5,2800,472,3142.0,245.0,3387,129601,85021.0,0.0,0,0,0.0,0.0,0.0,1.0,0.0,1118.0,610.0,4.0,7.14,12.17,0.45,0.82,0.0,3.6
2020-08-02T17:00:00,13,Abruzzo,16,1,17,99,116,1,2,2801,472,3138.0,251.0,3389,130753,85639.0,0.0,0,0,0.0,3.0,3.0,1.0,0.0,1152.0,618.0,-2.0,5.88,14.66,0.17,0.32,0.0,0.87
2020-08-03T17:00:00,13,Abruzzo,16,1,17,107,124,8,9,2802,472,3139.0,259.0,3398,130877,85744.0,0.0,0,0,0.0,0.0,0.0,1.0,0.0,124.0,105.0,8.0,5.88,13.71,7.26,8.57,0.0,6.9
2020-08-04T17:00:00,13,Abruzzo,18,1,19,106,125,1,3,2804,472,3141.0,260.0,3401,131432,86079.0,0.0,0,0,0.0,2.0,2.0,2.0,0.0,555.0,335.0,-1.0,5.26,15.2,0.54,0.9,0.0,0.81
2020-08-05T17:00:00,13,Abruzzo,19,1,20,120,140,15,19,2808,472,3160.0,260.0,3420,132316,86563.0,0.0,0,0,0.0,1.0,1.0,4.0,0.0,884.0,484.0,14.0,5.0,14.29,2.15,3.93,0.0,12.0
2020-08-06T17:00:00,13,Abruzzo,20,1,21,132,153,13,15,2810,472,3149.0,286.0,3435,133345,86980.0,0.0,0,0,0.0,1.0,1.0,2.0,0.0,1029.0,417.0,12.0,4.76,13.73,1.46,3.6,0.0,9.29
2020-08-07T17:00:00,13,Abruzzo,22,1,23,167,190,37,39,2812,472,3178.0,296.0,3474,134268,87440.0,0.0,0,0,0.0,2.0,2.0,2.0,0.0,923.0,460.0,35.0,4.35,12.11,4.23,8.48,0.0,24.18
2020-08-08T17:00:00,13,Abruzzo,24,1,25,172,197,7,12,2817,472,3160.0,326.0,3486,134980,87799.0,0.0,0,0,0.0,2.0,2.0,5.0,0.0,712.0,359.0,5.0,4.0,12.69,1.69,3.34,0.0,3.68
2020-08-09T17:00:00,13,Abruzzo,23,1,24,189,213,16,16,2817,472,3174.0,328.0,3502,136214,88565.0,0.0,0,0,0.0,-1.0,-1.0,0.0,0.0,1234.0,766.0,17.0,4.17,11.27,1.3,2.09,0.0,8.12
2020-08-10T17:00:00,13,Abruzzo,24,1,25,194,219,6,7,2818,472,3175.0,334.0,3509,136365,88650.0,0.0,0,0,0.0,1.0,1.0,1.0,0.0,151.0,85.0,5.0,4.0,11.42,4.64,8.24,0.0,2.82
2020-08-11T17:00:00,13,Abruzzo,23,1,24,195,219,0,3,2821,472,3166.0,346.0,3512,136795,88902.0,0.0,0,0,0.0,-1.0,-1.0,3.0,0.0,430.0,252.0,1.0,4.17,10.96,0.7,1.19,0.0,0.0
2020-08-12T17:00:00,13,Abruzzo,23,1,24,197,221,2,9,2823,472,3166.0,350.0,3516,137776,89381.0,0.0,0,0,0.0,0.0,0.0,2.0,0.0,981.0,479.0,2.0,4.17,10.86,0.92,1.88,0.0,0.91
2020-08-13T17:00:00,13,Abruzzo,24,1,25,209,234,13,16,2826,472,3174.0,358.0,3532,138681,89847.0,0.0,0,0,0.0,1.0,1.0,3.0,0.0,905.0,466.0,12.0,4.0,10.68,1.77,3.43,0.0,5.88
2020-08-14T17:00:00,13,Abruzzo,23,1,24,218,242,8,13,2831,472,3186.0,359.0,3545,139426,90264.0,0.0,0,0,0.0,-1.0,-1.0,5.0,0.0,745.0,417.0,9.0,4.17,9.92,1.74,3.12,0.0,3.42
2020-08-15T17:00:00,13,Abruzzo,25,1,26,226,252,10,13,2834,472,3196.0,362.0,3558,140692,91060.0,0.0,0,0,0.0,2.0,2.0,3.0,0.0,1266.0,796.0,8.0,3.85,10.32,1.03,1.63,0.0,4.13
2020-08-16T17:00:00,13,Abruzzo,25,1,26,228,254,2,2,2834,472,3195.0,365.0,3560,140925,91242.0,0.0,0,0,0.0,0.0,0.0,0.0,0.0,233.0,182.0,2.0,3.85,10.24,0.86,1.1,0.0,0.79
2020-08-17T17:00:00,13,Abruzzo,27,1,28,227,255,1,5,2838,472,3200.0,365.0,3565,141205,91479.0,0.0,0,0,0.0,2.0,2.0,4.0,0.0,280.0,237.0,-1.0,3.57,10.98,1.79,2.11,0.0,0.39
2020-08-18T17:00:00,13,Abruzzo,27,1,28,230,258,3,5,2840,472,3205.0,365.0,3570,141741,91835.0,0.0,0,0,0.0,0.0,0.0,2.0,0.0,536.0,356.0,3.0,3.57,10.85,0.93,1.4,0.0,1.18
2020-08-19T17:00:00,13,Abruzzo,25,2,27,238,265,7,7,2840,472,3206.0,371.0,3577,143041,92656.0,0.0,0,0,1.0,-2.0,-1.0,0.0,0.0,1300.0,821.0,8.0,7.41,10.19,0.54,0.85,100.0,2.71
2020-08-20T17:00:00,13,Abruzzo,27,1,28,240,268,3,4,2841,472,3206.0,375.0,3581,144159,93423.0,0.0,0,0,-1.0,2.0,1.0,1.0,0.0,1118.0,767.0,2.0,3.57,10.45,0.36,0.52,-50.0,1.13
2020-08-21T17:00:00,13,Abruzzo,30,1,31,258,289,21,23,2843,472,3215.0,389.0,3604,145369,94284.0,0.0,0,0,0.0,3.0,3.0,2.0,0.0,1210.0,861.0,18.0,3.23,10.73,1.9,2.67,0.0,7.84
2020-08-22T17:00:00,13,Abruzzo,32,1,33,280,313,24,24,2843,472,3237.0,391.0,3628,146579,95034.0,0.0,0,0,0.0,2.0,2.0,0.0,0.0,1210.0,750.0,22.0,3.03,10.54,1.98,3.2,0.0,8.3
2020-08-23T17:00:00,13,Abruzzo,31,1,32,300,332,19,21,2844,472,3250.0,398.0,3648,147963,95928.0,0.0,0,0,0.0,-1.0,-1.0,1.0,0.0,1384.0,894.0,20.0,3.12,9.64,1.52,2.35,0.0,6.07
2020-08-24T17:00:00,13,Abruzzo,34,1,35,301,336,4,4,2844,472,3251.0,401.0,3652,148149,96085.0,0.0,0,0,0.0,3.0,3.0,0.0,0.0,186.0,157.0,1.0,2.86,10.42,2.15,2.55,0.0,1.2
2020-08-25T17:00:00,13,Abruzzo,33,1,34,308,342,6,10,2848,472,3256.0,406.0,3662,148901,96605.0,0.0,0,0,0.0,-1.0,-1.0,4.0,0.0,752.0,520.0,7.0,2.94,9.94,1.33,1.92,0.0,1.79
2020-08-26T17:00:00,13,Abruzzo,34,1,35,331,366,24,26,2849,472,3273.0,414.0,3687,150149,97421.0,0.0,0,0,0.0,1.0,1.0,1.0,0.0,1248.0,816.0,23.0,2.86,9.56,2.08,3.19,0.0,7.02
2020-08-27T17:00:00,13,Abruzzo,37,1,38,343,381,15,18,2852,472,3283.0,422.0,3705,151723,98466.0,0.0,0,0,0.0,3.0,3.0,3.0,0.0,1574.0,1045.0,12.0,2.63,9.97,1.14,1.72,0.0,4.1
2020-08-28T17:00:00,13,Abruzzo,39,1,40,343,383,2,20,2870,472,3300.0,425.0,3725,153133,99372.0,0.0,0,0,0.0,2.0,2.0,18.0,0.0,1410.0,906.0,0.0,2.5,10.44,1.42,2.21,0.0,0.52
2020-08-29T17:00:00,13,Abruzzo,37,1,38,357,395,12,14,2872,472,3309.0,430.0,3739,154590,100339.0,0.0,0,0,0.0,-2.0,-2.0,2.0,0.0,1457.0,967.0,14.0,2.63,9.62,0.96,1.45,0.0,3.13
2020-08-30T17:00:00,13,Abruzzo,37,1,38,391,429,34,34,2872,472,3331.0,442.0,3773,156774,101829.0,0.0,0,0,0.0,0.0,0.0,0.0,0.0,2184.0,1490.0,34.0,2.63,8.86,1.56,2.28,0.0,8.61
2020-08-31T17:00:00,13,Abruzzo,35,1,36,391,427,-2,4,2878,472,3331.0,446.0,3777,157035,101993.0,0.0,0,0,0.0,-2.0,-2.0,6.0,0.0,261.0,164.0,0.0,2.78,8.43,1.53,2.44,0.0,-0.47
2020-09-01T17:00:00,13,Abruzzo,29,1,30,376,406,-21,5,2902,472,3331.0,449.0,3780,157881,102588.0,0.0,0,0,0.0,-6.0,-6.0,24.0,0.0,846.0,595.0,-15.0,3.33,7.39,0.59,0.84,0.0,-4.92
2020-09-02T17:00:00,13,Abruzzo,30,1,31,399,430,24,24,2902,472,3353.0,451.0,3804,159429,103603.0,0.0,0,0,0.0,1.0,1.0,0.0,0.0,1548.0,1015.0,23.0,3.23,7.21,1.55,2.36,0.0,5.91
2020-09-03T17:00:00,13,Abruzzo,33,1,34,420,454,24,24,2902,472,3367.0,461.0,3828,160980,104572.0,0.0,0,0,0.0,3.0,3.0,0.0,0.0,1551.0,969.0,21.0,2.94,7.49,1.55,2.48,0.0,5.58
2020-09-04T17:00:00,13,Abruzzo,32,1,33,438,471,17,25,2910,472,3391.0,462.0,3853,162483,105546.0,0.0,0,0,0.0,-1.0,-1.0,8.0,0.0,1503.0,974.0,18.0,3.03,7.01,1.66,2.57,0.0,3.74
2020-09-05T17:00:00,13,Abruzzo,32,2,34,449,483,12,13,2910,472,3396.0,469.0,3865,164140,106544.0,0.0,0,0,1.0,0.0,1.0,0.0,0.0,1657.0,998.0,11.0,5.88,7.04,0.78,1.3,100.0,2.55
2020-09-06T17:00:00,13,Abruzzo,32,2,34,475,509,26,26,2910,472,3417.0,474.0,3891,165666,107501.0,0.0,0,0,0.0,0.0,0.0,0.0,0.0,1526.0,957.0,26.0,5.88,6.68,1.7,2.72,0.0,5.38
2020-09-07T17:00:00,13,Abruzzo,31,2,33,487,520,11,15,2914,472,3424.0,482.0,3906,166611,108107.0,0.0,0,0,0.0,-1.0,-1.0,4.0,0.0,945.0,606.0,12.0,6.06,6.35,1.59,2.48,0.0,2.16
2020-09-08T17:00:00,13,Abruzzo,34,2,36,487,523,3,14,2924,472,3434.0,485.0,3919,167478,108691.0,0.0,0,0,0.0,3.0,3.0,10.0,0.0,867.0,584.0,0.0,5.56,6.88,1.61,2.4,0.0,0.58
2020-09-09T17:00:00,13,Abruzzo,35,2,37,469,506,-17,5,2943,472,3427.0,494.0,3921,169023,109697.0,0.0,0,0,0.0,1.0,1.0,19.0,0.0,1545.0,1006.0,-18.0,5.41,7.31,0.32,0.5,0.0,-3.25
2020-09-10T17:00:00,13,Abruzzo,35,3,38,474,512,6,11,2948,472,3433.0,499.0,3932,170623,110567.0,0.0,0,0,1.0,0.0,1.0,5.0,0.0,1600.0,870.0,5.0,7.89,7.42,0.69,1.26,50.0,1.19
2020-09-11T17:00:00,13,Abruzzo,36,4,40,501,541,29,35,2954,472,3467.0,500.0,3967,172308,111700.0,0.0,0,0,1.0,1.0,2.0,6.0,0.0,1685.0,1133.0,27.0,10.0,7.39,2.08,3.09,33.33,5.66
2020-09-12T17:00:00,13,Abruzzo,37,3,40,504,544,3,11,2962,472,3468.0,510.0,3978,173892,112658.0,0.0,0,0,-1.0,1.0,0.0,8.0,0.0,1584.0,958.0,3.0,7.5,7.35,0.69,1.15,-25.0,0.55
2020-09-13T17:00:00,13,Abruzzo,41,3,44,535,579,35,37,2964,472,3503.0,512.0,4015,175854,113956.0,0.0,0,0,0.0,4.0,4.0,2.0,0.0,1962.0,1298.0,31.0,6.82,7.6,1.89,2.85,0.0,6.43
2020-09-14T17:00:00,13,Abruzzo,41,4,45,532,577,-2,1,2966,473,3507.0,509.0,4016,175960,114031.0,0.0,0,0,1.0,0.0,1.0,2.0,1.0,106.0,75.0,-3.0,8.89,7.8,0.94,1.33,33.33,-0.35
2020-09-15T17:00:00,13,Abruzzo,42,4,46,545,591,14,18,2970,473,3520.0,514.0,4034,176979,114687.0,0.0,0,0,0.0,1.0,1.0,4.0,0.0,1019.0,656.0,13.0,8.7,7.78,1.77,2.74,0.0,2.43
2020-09-16T17:00:00,13,Abruzzo,42,5,47,559,606,15,18,2973,473,3533.0,519.0,4052,178556,115700.0,0.0,0,0,1.0,0.0,1.0,3.0,0.0,1577.0,1013.0,14.0,10.64,7.76,1.14,1.78,25.0,2.54
2020-09-17T17:00:00,13,Abruzzo,45,5,50,582,632,26,33,2978,473,3559.0,524.0,4083,180302,116740.0,0.0,0,0,0.0,3.0,3.0,5.0,0.0,1746.0,1040.0,23.0,10.0,7.91,1.89,3.17,0.0,4.29
2020-09-18T17:00:00,13,Abruzzo,48,5,53,626,679,47,54,2984,474,3603.0,534.0,4137,182106,117719.0,0.0,0,0,0.0,3.0,3.0,6.0,1.0,1804.0,979.0,44.0,9.43,7.81,2.99,5.52,0.0,7.44
2020-09-19T17:00:00,13,Abruzzo,48,5,53,626,679,0,0,2984,474,3603.0,534.0,4137,182106,117719.0,0.0,0,0,0.0,0.0,0.0,0.0,0.0,0.0,0.0,0.0,9.43,7.81,0.0,0.0,0.0,0.0
2020-09-20T17:00:00,13,Abruzzo,48,5,53,626,679,0,0,2984,474,3603.0,534.0,4137,182106,117719.0,0.0,0,0,0.0,0.0,0.0,0.0,0.0,0.0,0.0,0.0,9.43,7.81,0.0,0.0,0.0,0.0
2020-09-21T17:00:00,13,Abruzzo,58,5,63,676,739,60,72,2995,475,3657.0,552.0,4209,186082,120157.0,0.0,0,0,0.0,10.0,10.0,11.0,1.0,3976.0,2438.0,50.0,7.94,8.53,1.81,2.95,0.0,8.84
2020-09-22T17:00:00,13,Abruzzo,54,5,59,683,742,3,18,3010,475,3669.0,558.0,4227,187204,120852.0,0.0,0,0,0.0,-4.0,-4.0,15.0,0.0,1122.0,695.0,7.0,8.47,7.95,1.6,2.59,0.0,0.41
2020-09-23T17:00:00,13,Abruzzo,55,4,59,701,760,18,22,3012,477,3689.0,560.0,4249,189052,122050.0,0.0,0,0,-1.0,1.0,0.0,2.0,2.0,1848.0,1198.0,18.0,6.78,7.76,1.19,1.84,-20.0,2.43
2020-09-24T17:00:00,13,Abruzzo,50,4,54,716,770,10,17,3019,477,3683.0,583.0,4266,190927,123127.0,0.0,0,0,0.0,-5.0,-5.0,7.0,0.0,1875.0,1077.0,15.0,7.41,7.01,0.91,1.58,0.0,1.32
2020-09-25T17:00:00,13,Abruzzo,58,5,63,754,817,47,51,3023,477,3709.0,608.0,4317,192553,124138.0,0.0,0,0,1.0,8.0,9.0,4.0,0.0,1626.0,1011.0,38.0,7.94,7.71,3.14,5.04,25.0,6.1
2020-09-26T17:00:00,13,Abruzzo,54,5,59,762,821,4,16,3035,477,3717.0,616.0,4333,194249,124985.0,0.0,0,0,0.0,-4.0,-4.0,12.0,0.0,1696.0,847.0,8.0,8.47,7.19,0.94,1.89,0.0,0.49
2020-09-27T17:00:00,13,Abruzzo,50,5,55,807,862,41,47,3040,478,3759.0,621.0,4380,196437,126265.0,0.0,0,0,0.0,-4.0,-4.0,5.0,1.0,2188.0,1280.0,45.0,9.09,6.38,2.15,3.67,0.0,4.99
2020-09-28T17:00:00,13,Abruzzo,54,4,58,799,857,-5,4,3048,479,3763.0,621.0,4384,196626,126392.0,0.0,0,0,-1.0,4.0,3.0,8.0,1.0,189.0,127.0,-8.0,6.9,6.77,2.12,3.15,-20.0,-0.58
2020-09-29T17:00:00,13,Abruzzo,52,4,56,809,865,8,14,3051,481,3764.0,633.0,4397,197714,126999.0,0.0,0,0,0.0,-2.0,-2.0,3.0,2.0,1088.0,607.0,10.0,7.14,6.47,1.29,2.31,0.0,0.93
2020-09-30T17:00:00,13,Abruzzo,52,5,57,824,881,16,23,3057,481,3778.0,641.0,4419,199492,128012.0,0.0,0,0,1.0,0.0,1.0,6.0,0.0,1778.0,1013.0,15.0,8.77,6.47,1.29,2.27,25.0,1.85
2020-10-01T17:00:00,13,Abruzzo,52,5,57,852,909,28,30,3059,481,3799.0,650.0,4449,201484,129248.0,0.0,0,0,0.0,0.0,0.0,2.0,0.0,1992.0,1236.0,28.0,8.77,6.27,1.51,2.43,0.0,3.18
2020-10-02T17:00:00,13,Abruzzo,58,6,64,874,938,29,49,3079,481,3845.0,653.0,4498,203892,130591.0,0.0,0,0,1.0,6.0,7.0,20.0,0.0,2408.0,1343.0,22.0,9.38,6.82,2.03,3.65,20.0,3.19
2020-10-03T17:00:00,13,Abruzzo,66,6,72,890,962,24,42,3097,481,3874.0,666.0,4540,205994,131710.0,0.0,0,0,0.0,8.0,8.0,18.0,0.0,2102.0,1119.0,16.0,8.33,7.48,2.0,3.75,0.0,2.56
2020-10-04T17:00:00,13,Abruzzo,70,6,76,919,995,33,37,3101,481,3911.0,666.0,4577,208336,132948.0,0.0,0,0,0.0,4.0,4.0,4.0,0.0,2342.0,1238.0,29.0,7.89,7.64,1.58,2.99,0.0,3.43
2020-10-05T17:00:00,13,Abruzzo,72,7,79,938,1017,22,30,3108,482,3925.0,682.0,4607,209580,133682.0,0.0,0,0,1.0,2.0,3.0,7.0,1.0,1244.0,734.0,19.0,8.86,7.77,2.41,4.09,16.67,2.21
2020-10-06T17:00:00,13,Abruzzo,81,6,87,971,1058,41,48,3113,484,3964.0,691.0,4655,211128,134677.0,0.0,0,0,-1.0,9.0,8.0,5.0,2.0,1548.0,995.0,33.0,6.9,8.22,3.1,4.82,-14.29,4.03
2020-10-07T17:00:00,13,Abruzzo,88,6,94,1004,1098,40,61,3132,485,4002.0,713.0,4715,213635,136225.0,0.0,0,0,0.0,7.0,7.0,19.0,1.0,2507.0,1548.0,33.0,6.38,8.56,2.43,3.94,0.0,3.78
2020-10-08T17:00:00,13,Abruzzo,90,7,97,1055,1152,54,68,3145,486,4061.0,722.0,4783,215967,137364.0,0.0,0,0,1.0,2.0,3.0,13.0,1.0,2332.0,1139.0,51.0,7.22,8.42,2.92,5.97,16.67,4.92
2020-10-09T17:00:00,13,Abruzzo,100,7,107,1142,1249,97,103,3150,487,4131.0,755.0,4886,218754,138835.0,0.0,0,0,0.0,10.0,10.0,5.0,1.0,2787.0,1471.0,87.0,6.54,8.57,3.7,7.0,0.0,8.42
2020-10-10T17:00:00,13,Abruzzo,110,7,117,1224,1341,92,94,3152,487,4194.0,786.0,4980,221142,140150.0,0.0,0,0,0.0,10.0,10.0,2.0,0.0,2388.0,1315.0,82.0,5.98,8.72,3.94,7.15,0.0,7.37
2020-10-11T17:00:00,13,Abruzzo,116,8,124,1293,1417,76,77,3153,487,4245.0,812.0,5057,223420,141605.0,0.0,0,0,1.0,6.0,7.0,1.0,0.0,2278.0,1455.0,69.0,6.45,8.75,3.38,5.29,14.29,5.67
2020-10-12T17:00:00,13,Abruzzo,137,11,148,1384,1532,115,117,3154,488,4336.0,838.0,5174,225647,142974.0,0.0,0,0,3.0,21.0,24.0,1.0,1.0,2227.0,1369.0,91.0,7.43,9.66,5.25,8.55,37.5,8.12
2020-10-13T17:00:00,13,Abruzzo,146,15,161,1518,1679,147,146,3153,488,4437.0,883.0,5320,228524,144769.0,0.0,0,0,4.0,9.0,13.0,-1.0,0.0,2877.0,1795.0,134.0,9.32,9.59,5.07,8.13,36.36,9.6
2020-10-14T17:00:00,13,Abruzzo,154,15,169,1632,1801,122,126,3156,489,4555.0,891.0,5446,231053,146193.0,0.0,0,0,0.0,8.0,8.0,3.0,1.0,2529.0,1424.0,114.0,8.88,9.38,4.98,8.85,0.0,7.27
2020-10-15T17:00:00,13,Abruzzo,159,10,169,1824,1993,192,203,3164,491,4688.0,960.0,5648,234275,148088.0,0.0,0,0,-5.0,5.0,0.0,8.0,2.0,3222.0,1895.0,192.0,5.92,8.48,6.3,10.71,-33.33,10.66
2020-10-16T17:00:00,13,Abruzzo,167,11,178,1972,2150,157,178,3184,491,4828.0,997.0,5825,237943,150236.0,0.0,0,0,1.0,8.0,9.0,20.0,0.0,3668.0,2148.0,148.0,6.18,8.28,4.85,8.29,10.0,7.88
2020-10-17T17:00:00,13,Abruzzo,169,13,182,2112,2294,144,148,3186,493,4950.0,1023.0,5973,241046,151830.0,0.0,0,0,2.0,2.0,4.0,2.0,2.0,3103.0,1594.0,140.0,7.14,7.93,4.77,9.28,18.18,6.7
2020-10-18T17:00:00,13,Abruzzo,170,13,183,2330,2513,219,221,3187,494,5175.0,1019.0,6194,244761,153850.0,0.0,0,0,0.0,1.0,1.0,1.0,1.0,3715.0,2020.0,218.0,7.1,7.28,5.95,10.94,0.0,9.55
2020-10-19T17:00:00,13,Abruzzo,197,13,210,2459,2669,156,159,3190,494,5282.0,1071.0,6353,246937,155193.0,0.0,0,0,0.0,27.0,27.0,3.0,0.0,2176.0,1343.0,129.0,6.19,7.87,7.31,11.84,0.0,6.21
2020-10-20T17:00:00,13,Abruzzo,210,15,225,2620,2845,176,184,3194,495,5319.0,1215.0,6534,250052,156991.0,0.0,0,0,2.0,13.0,15.0,4.0,1.0,3115.0,1798.0,161.0,6.67,7.91,5.91,10.23,15.38,6.59
2020-10-21T17:00:00,13,Abruzzo,212,14,226,2865,3091,246,252,3195,500,5397.0,1389.0,6786,253175,158874.0,0.0,0,0,-1.0,2.0,1.0,1.0,5.0,3123.0,1883.0,245.0,6.19,7.31,8.07,13.38,-6.67,8.65
2020-10-22T17:00:00,13,Abruzzo,208,16,224,3152,3376,285,306,3214,501,5616.0,1475.0,7091,256324,160689.0,0.0,0,0,2.0,-4.0,-2.0,19.0,1.0,3149.0,1815.0,287.0,7.14,6.64,9.72,16.86,14.29,9.22
2020-10-23T17:00:00,13,Abruzzo,228,16,244,3285,3529,153,234,3293,503,5743.0,1582.0,7325,259623,162471.0,0.0,0,0,0.0,20.0,20.0,79.0,2.0,3299.0,1782.0,133.0,6.56,6.91,7.09,13.13,0.0,4.53
2020-10-24T17:00:00,13,Abruzzo,228,18,246,3496,3742,213,375,3455,503,6058.0,1642.0,7700,263485,164810.0,0.0,0,0,2.0,0.0,2.0,162.0,0.0,3862.0,2339.0,211.0,7.32,6.57,9.71,16.03,12.5,6.04
2020-10-25T17:00:00,13,Abruzzo,245,18,263,3822,4085,343,368,3469,514,6422.0,1646.0,8068,266853,166730.0,0.0,0,0,0.0,17.0,17.0,14.0,11.0,3368.0,1920.0,326.0,6.84,6.44,10.93,19.17,0.0,9.17
2020-10-26T17:00:00,13,Abruzzo,249,21,270,4083,4353,268,348,3537,524,6549.0,1865.0,8414,270057,168842.0,0.0,0,0,3.0,4.0,7.0,68.0,10.0,3204.0,2112.0,261.0,7.78,6.2,10.86,16.48,16.67,6.56
2020-10-27T17:00:00,13,Abruzzo,284,22,306,4303,4609,256,345,3618,532,6641.0,2118.0,8759,272901,170530.0,0.0,0,0,1.0,35.0,36.0,81.0,8.0,2844.0,1688.0,220.0,7.19,6.64,12.13,20.44,4.76,5.88
2020-10-28T17:00:00,13,Abruzzo,306,26,332,4697,5029,420,434,3630,534,6889.0,2304.0,9193,276681,172659.0,0.0,0,0,4.0,22.0,26.0,12.0,2.0,3780.0,2129.0,394.0,7.83,6.6,11.48,20.39,18.18,9.11
2020-10-29T17:00:00,13,Abruzzo,331,26,357,5087,5444,415,482,3690,540,7200.0,2474.0,9674,280591,174707.0,0.0,0,0,0.0,25.0,25.0,60.0,6.0,3910.0,2048.0,390.0,7.28,6.56,12.33,23.54,0.0,8.25
2020-10-30T17:00:00,13,Abruzzo,355,27,382,5414,5796,352,428,3764,542,7498.0,2604.0,10102,283894,176636.0,0.0,0,0,1.0,24.0,25.0,74.0,2.0,3303.0,1929.0,327.0,7.07,6.59,12.96,22.19,3.85,6.47
2020-10-31T17:00:00,13,Abruzzo,371,29,400,5803,6203,407,450,3799,550,7739.0,2813.0,10552,287781,178791.0,0.0,0,0,2.0,16.0,18.0,35.0,8.0,3887.0,2155.0,389.0,7.25,6.45,11.58,20.88,7.41,7.02
2020-11-01T17:00:00,13,Abruzzo,391,32,423,6210,6633,430,489,3854,554,6792.0,4249.0,11041,291057,180627.0,0.0,0,0,3.0,20.0,23.0,55.0,4.0,3276.0,1836.0,407.0,7.57,6.38,14.93,26.63,10.34,6.93
2020-11-02T17:00:00,13,Abruzzo,401,33,434,6657,7091,458,478,3872,556,7083.0,4436.0,11519,294594,182672.0,0.0,0,0,1.0,10.0,11.0,18.0,2.0,3537.0,2045.0,447.0,7.6,6.12,13.51,23.37,3.12,6.9
2020-11-03T17:00:00,13,Abruzzo,429,38,467,7180,7647,556,601,3909,564,7026.0,5094.0,12120,298279,184865.0,0.0,0,0,5.0,28.0,33.0,37.0,8.0,3685.0,2193.0,523.0,8.14,6.11,16.31,27.41,15.15,7.84
2020-11-04T17:00:00,13,Abruzzo,427,36,463,7569,8032,385,423,3943,568,7110.0,5433.0,12543,301822,186722.0,0.0,0,0,-2.0,-2.0,-4.0,34.0,4.0,3543.0,1857.0,389.0,7.78,5.76,11.94,22.78,-5.26,5.03
2020-11-05T17:00:00,13,Abruzzo,458,36,494,7770,8264,232,571,4273,577,7339.0,5775.0,13114,305438,188627.0,0.0,0,0,0.0,31.0,31.0,330.0,9.0,3616.0,1905.0,201.0,7.29,5.98,15.79,29.97,0.0,2.89
2020-11-06T17:00:00,13,Abruzzo,468,42,510,8071,8581,317,395,4340,584,7396.0,6109.0,13505,308505,190210.0,0.0,0,0,6.0,10.0,16.0,67.0,7.0,3067.0,1583.0,301.0,8.24,5.94,12.88,24.95,16.67,3.84
2020-11-07T17:00:00,13,Abruzzo,484,43,527,8368,8895,314,432,4445,596,7309.0,6627.0,13936,311779,191808.0,0.0,0,0,1.0,16.0,17.0,105.0,12.0,3274.0,1598.0,297.0,8.16,5.92,13.19,27.03,2.38,3.66
2020-11-08T17:00:00,13,Abruzzo,484,43,527,8804,9331,436,584,4592,596,7615.0,6904.0,14519,315128,193373.0,0.0,0,0,0.0,0.0,0.0,147.0,0.0,3349.0,1565.0,436.0,8.16,5.65,17.44,37.32,0.0,4.9
2020-11-09T17:00:00,13,Abruzzo,513,48,561,9311,9872,541,625,4669,602,7729.0,7414.0,15143,319079,195550.0,0.0,0,0,5.0,29.0,34.0,77.0,6.0,3951.0,2177.0,507.0,8.56,5.68,15.82,28.71,11.63,5.8
2020-11-10T17:00:00,13,Abruzzo,530,46,576,9852,10428,556,746,4832,628,7882.0,8006.0,15888,323845,197902.0,0.0,0,0,-2.0,17.0,15.0,163.0,26.0,4766.0,2352.0,541.0,7.99,5.52,15.65,31.72,-4.17,5.63
2020-11-11T17:00:00,13,Abruzzo,546,51,597,10353,10950,522,662,4956,644,8078.0,8472.0,16550,328068,199985.0,0.0,0,0,5.0,16.0,21.0,124.0,16.0,4223.0,2083.0,501.0,8.54,5.45,15.68,31.78,10.87,5.01
2020-11-12T17:00:00,13,Abruzzo,547,52,599,10817,11416,466,541,5029,646,8236.0,8855.0,17091,330704,200964.0,0.0,0,0,1.0,1.0,2.0,73.0,2.0,2636.0,979.0,464.0,8.68,5.25,20.52,55.26,1.96,4.26
2020-11-13T17:00:00,13,Abruzzo,567,57,624,11284,11908,492,683,5205,661,8585.0,9189.0,17774,335473,203208.0,0.0,0,0,5.0,20.0,25.0,176.0,15.0,4769.0,2244.0,467.0,9.13,5.24,14.32,30.44,9.62,4.31
2020-11-14T17:00:00,13,Abruzzo,545,59,604,12018,12622,714,939,5420,671,9457.0,9256.0,18713,340656,205812.0,0.0,0,0,2.0,-22.0,-20.0,215.0,10.0,5183.0,2604.0,734.0,9.77,4.79,18.12,36.06,3.51,6.0
2020-11-15T17:00:00,13,Abruzzo,565,59,624,12410,13034,412,470,5469,679,9174.0,10008.0,19182,344353,207477.0,0.0,0,0,0.0,20.0,20.0,49.0,8.0,3697.0,1665.0,392.0,9.46,4.79,12.71,28.23,0.0,3.26
2020-11-16T17:00:00,13,Abruzzo,571,59,630,12869,13499,465,642,5634,690,9249.0,10574.0,19823,347929,209407.0,0.0,0,0,0.0,6.0,6.0,165.0,11.0,3576.0,1930.0,459.0,9.37,4.67,17.95,33.26,0.0,3.57
2020-11-17T17:00:00,13,Abruzzo,590,66,656,13352,14008,509,729,5841,703,9470.0,11082.0,20552,352882,211733.0,0.0,0,0,7.0,19.0,26.0,207.0,13.0,4953.0,2326.0,483.0,10.06,4.68,14.72,31.34,11.86,3.77
2020-11-18T17:00:00,13,Abruzzo,621,65,686,13704,14390,382,641,6091,712,9972.0,11221.0,21193,357482,213814.0,0.0,0,0,-1.0,31.0,30.0,250.0,9.0,4600.0,2081.0,352.0,9.48,4.77,13.93,30.8,-1.52,2.73
2020-11-19T17:00:00,13,Abruzzo,658,74,732,14130,14862,472,649,6259,721,9825.0,12017.0,21842,362295,215944.0,0.0,0,0,9.0,37.0,46.0,168.0,9.0,4813.0,2130.0,426.0,10.11,4.93,13.48,30.47,13.85,3.28
2020-11-20T17:00:00,13,Abruzzo,661,75,736,14642,15378,516,705,6430,739,10048.0,12499.0,22547,366943,218064.0,0.0,0,0,1.0,3.0,4.0,171.0,18.0,4648.0,2120.0,512.0,10.19,4.79,15.17,33.25,1.35,3.47
2020-11-21T17:00:00,13,Abruzzo,676,73,749,14848,15597,219,541,6717,774,10218.0,12870.0,23088,371339,219918.0,0.0,0,0,-2.0,15.0,13.0,287.0,35.0,4396.0,1854.0,206.0,9.75,4.8,12.31,29.18,-2.67,1.42
2020-11-22T17:00:00,13,Abruzzo,664,72,736,15395,16131,534,560,6731,786,10440.0,13208.0,23648,375917,221913.0,0.0,0,0,-1.0,-12.0,-13.0,14.0,12.0,4578.0,1995.0,547.0,9.78,4.56,12.23,28.07,-1.37,3.42
2020-11-23T17:00:00,13,Abruzzo,672,71,743,15606,16349,218,640,7135,804,10650.0,13638.0,24288,380408,223871.0,0.0,0,0,-1.0,8.0,7.0,404.0,18.0,4491.0,1958.0,211.0,9.56,4.54,14.25,32.69,-1.39,1.35
2020-11-24T17:00:00,13,Abruzzo,672,71,743,15913,16656,307,536,7344,822,10828.0,13994.0,24822,385071,225989.0,0.0,0,0,0.0,0.0,0.0,209.0,18.0,4663.0,2118.0,307.0,9.56,4.46,11.49,25.31,0.0,1.88
2020-11-25T17:00:00,13,Abruzzo,676,72,748,16284,17032,376,623,7582,831,11396.0,14049.0,25445,389766,228016.0,0.0,0,0,1.0,4.0,5.0,238.0,9.0,4695.0,2027.0,371.0,9.63,4.39,13.27,30.74,1.41,2.26
2020-11-26T17:00:00,13,Abruzzo,694,74,768,16566,17334,302,570,7830,851,11607.0,14408.0,26015,394751,229937.0,0.0,0,0,2.0,18.0,20.0,248.0,20.0,4985.0,1921.0,282.0,9.64,4.43,11.43,29.67,2.78,1.77
2020-11-27T17:00:00,13,Abruzzo,689,74,763,16797,17560,226,510,8097,868,11387.0,15138.0,26525,398946,231706.0,0.0,0,0,0.0,-5.0,-5.0,267.0,17.0,4195.0,1769.0,231.0,9.7,4.35,12.16,28.83,0.0,1.3
2020-11-28T17:00:00,13,Abruzzo,680,77,757,17005,17762,202,532,8415,879,11819.0,15237.0,27056,403356,233698.0,0.0,0,0,3.0,-9.0,-6.0,318.0,11.0,4410.0,1992.0,208.0,10.17,4.26,12.06,26.71,4.05,1.15
2020-11-29T17:00:00,13,Abruzzo,659,75,734,17306,18040,278,413,8543,886,11912.0,15557.0,27469,407501,235487.0,0.0,0,0,-2.0,-21.0,-23.0,128.0,7.0,4145.0,1789.0,301.0,10.22,4.07,9.96,23.09,-2.6,1.57
2020-11-30T17:00:00,13,Abruzzo,714,76,790,17402,18192,152,556,8939,893,18812.0,9212.0,28024,411685,237280.0,0.0,0,0,1.0,55.0,56.0,396.0,7.0,4184.0,1793.0,96.0,9.62,4.34,13.29,31.01,1.33,0.84
2020-12-01T17:00:00,13,Abruzzo,697,76,773,17415,18188,-4,396,9326,906,14700.0,13720.0,28420,415586,238795.0,0.0,0,0,0.0,-17.0,-17.0,387.0,13.0,3901.0,1515.0,13.0,9.83,4.25,10.15,26.14,0.0,-0.02
2020-12-02T17:00:00,13,Abruzzo,703,74,777,17207,17984,-204,381,9890,927,14657.0,14144.0,28801,419970,240318.0,0.0,0,0,-2.0,6.0,4.0,564.0,21.0,4384.0,1523.0,-208.0,9.52,4.32,8.69,25.02,-2.63,-1.12
2020-12-03T17:00:00,13,Abruzzo,698,76,774,17054,17828,-156,395,10428,940,0.0,0.0,29196,424370,241874.0,8.0,0,0,2.0,-5.0,-3.0,538.0,13.0,4400.0,1556.0,-153.0,9.82,4.34,8.98,25.39,2.7,-0.87
2020-12-04T17:00:00,13,Abruzzo,700,73,773,17019,17792,-36,408,10857,955,0.0,0.0,29604,428610,243415.0,6.0,0,0,-3.0,2.0,-1.0,429.0,15.0,4240.0,1541.0,-35.0,9.44,4.34,9.62,26.48,-3.95,-0.2
2020-12-05T17:00:00,13,Abruzzo,675,73,748,16499,17247,-545,376,11764,969,0.0,0.0,29980,433771,245073.0,3.0,0,0,0.0,-25.0,-25.0,907.0,14.0,5161.0,1658.0,-520.0,9.76,4.34,7.29,22.68,0.0,-3.06
2020-12-06T17:00:00,13,Abruzzo,667,71,738,16350,17088,-159,294,12206,980,0.0,0.0,30274,438472,246492.0,2.0,0,0,-2.0,-8.0,-10.0,442.0,11.0,4701.0,1419.0,-149.0,9.62,4.32,6.25,20.72,-2.74,-0.92
2020-12-07T17:00:00,13,Abruzzo,678,73,751,15890,16641,-447,124,12768,989,0.0,0.0,30398,440108,246934.0,5.0,0,0,2.0,11.0,13.0,562.0,9.0,1636.0,442.0,-460.0,9.72,4.51,7.58,28.05,2.82,-2.62
2020-12-08T17:00:00,13,Abruzzo,658,69,727,15722,16449,-192,312,13267,994,0.0,0.0,30710,444065,248363.0,4.0,0,0,-4.0,-20.0,-24.0,499.0,5.0,3957.0,1429.0,-168.0,9.49,4.42,7.88,21.83,-5.48,-1.15
2020-12-09T17:00:00,13,Abruzzo,666,64,730,15591,16321,-128,264,13650,1003,0.0,0.0,30974,446996,249398.0,2.0,0,0,-5.0,8.0,3.0,383.0,9.0,2931.0,1035.0,-131.0,8.77,4.47,9.01,25.51,-7.25,-0.78
2020-12-10T17:00:00,13,Abruzzo,657,65,722,15269,15991,-330,227,14197,1013,0.0,0.0,31201,449788,250253.0,6.0,0,0,1.0,-9.0,-8.0,547.0,10.0,2792.0,855.0,-322.0,9.0,4.52,8.13,26.55,1.56,-2.02
2020-12-11T17:00:00,13,Abruzzo,647,66,713,14786,15499,-492,262,14947,1017,0.0,0.0,31463,453936,251413.0,5.0,0,0,1.0,-10.0,-9.0,750.0,4.0,4148.0,1160.0,-483.0,9.26,4.6,6.32,22.59,1.54,-3.08
2020-12-12T17:00:00,13,Abruzzo,631,64,695,14449,15144,-355,277,15567,1029,0.0,0.0,31740,458795,252815.0,3.0,0,0,-2.0,-16.0,-18.0,620.0,12.0,4859.0,1402.0,-337.0,9.21,4.59,5.7,19.76,-3.03,-2.29
2020-12-13T17:00:00,13,Abruzzo,622,63,685,14624,15309,165,344,15737,1038,0.0,0.0,32084,463653,254435.0,4.0,0,0,-1.0,-9.0,-10.0,170.0,9.0,4858.0,1620.0,175.0,9.2,4.47,7.08,21.23,-1.56,1.09
2020-12-14T17:00:00,13,Abruzzo,630,64,694,14188,14882,-427,192,16336,1057,0.0,0.0,32275,465419,255064.0,7.0,0,0,1.0,8.0,9.0,599.0,19.0,1766.0,629.0,-436.0,9.22,4.66,10.87,30.52,1.59,-2.79
2020-12-15T17:00:00,13,Abruzzo,601,59,660,13807,14467,-415,100,16836,1072,0.0,0.0,32375,467336,255645.0,3.0,0,0,-5.0,-29.0,-34.0,500.0,15.0,1917.0,581.0,-381.0,8.94,4.56,5.22,17.21,-7.81,-2.79
2020-12-16T17:00:00,13,Abruzzo,599,56,655,13331,13986,-481,257,17560,1084,0.0,0.0,32630,471645,257061.0,1.0,0,0,-3.0,-2.0,-5.0,724.0,12.0,4309.0,1416.0,-476.0,8.55,4.68,5.96,18.15,-5.08,-3.32
2020-12-17T17:00:00,13,Abruzzo,584,49,633,12792,13425,-561,246,18347,1102,0.0,0.0,32874,476211,258633.0,1.0,0,0,-7.0,-15.0,-22.0,787.0,18.0,4566.0,1572.0,-539.0,7.74,4.72,5.39,15.65,-12.5,-4.01
2020-12-18T17:00:00,13,Abruzzo,559,42,601,12574,13175,-250,227,18815,1111,0.0,0.0,33101,480066,259774.0,3.0,0,0,-7.0,-25.0,-32.0,468.0,9.0,3855.0,1141.0,-218.0,6.99,4.56,5.89,19.89,-14.29,-1.86
